,Voltage,l,lf,lg,li,w,wf,wg,wi
1,0V,27mm,6mm,41.58mm,10mm,28mm,3mm,41.13mm,1mm
2,0V,27mm,6mm,41.58mm,10.5mm,28mm,3mm,41.13mm,1mm
3,0V,27mm,6mm,41.58mm,11mm,28mm,3mm,41.13mm,1mm
4,0V,27mm,6mm,41.58mm,10mm,28mm,3mm,41.13mm,1.5mm
5,0V,27mm,6mm,41.58mm,10.5mm,28mm,3mm,41.13mm,1.5mm
6,0V,27mm,6mm,41.58mm,11mm,28mm,3mm,41.13mm,1.5mm
7,0V,27mm,6mm,41.58mm,10mm,28mm,3mm,41.13mm,2mm
8,0V,27mm,6mm,41.58mm,10.5mm,28mm,3mm,41.13mm,2mm
9,0V,27mm,6mm,41.58mm,11mm,28mm,3mm,41.13mm,2mm
10,1V,27mm,6mm,41.58mm,10mm,28mm,3mm,41.13mm,1mm
11,1V,27mm,6mm,41.58mm,10.5mm,28mm,3mm,41.13mm,1mm
12,1V,27mm,6mm,41.58mm,11mm,28mm,3mm,41.13mm,1mm
13,1V,27mm,6mm,41.58mm,10mm,28mm,3mm,41.13mm,1.5mm
14,1V,27mm,6mm,41.58mm,10.5mm,28mm,3mm,41.13mm,1.5mm
15,1V,27mm,6mm,41.58mm,11mm,28mm,3mm,41.13mm,1.5mm
16,1V,27mm,6mm,41.58mm,10mm,28mm,3mm,41.13mm,2mm
17,1V,27mm,6mm,41.58mm,10.5mm,28mm,3mm,41.13mm,2mm
18,1V,27mm,6mm,41.58mm,11mm,28mm,3mm,41.13mm,2mm
19,2V,27mm,6mm,41.58mm,10mm,28mm,3mm,41.13mm,1mm
20,2V,27mm,6mm,41.58mm,10.5mm,28mm,3mm,41.13mm,1mm
21,2V,27mm,6mm,41.58mm,11mm,28mm,3mm,41.13mm,1mm
22,2V,27mm,6mm,41.58mm,10mm,28mm,3mm,41.13mm,1.5mm
23,2V,27mm,6mm,41.58mm,10.5mm,28mm,3mm,41.13mm,1.5mm
24,2V,27mm,6mm,41.58mm,11mm,28mm,3mm,41.13mm,1.5mm
25,2V,27mm,6mm,41.58mm,10mm,28mm,3mm,41.13mm,2mm
26,2V,27mm,6mm,41.58mm,10.5mm,28mm,3mm,41.13mm,2mm
27,2V,27mm,6mm,41.58mm,11mm,28mm,3mm,41.13mm,2mm
28,3V,27mm,6mm,41.58mm,10mm,28mm,3mm,41.13mm,1mm
29,3V,27mm,6mm,41.58mm,10.5mm,28mm,3mm,41.13mm,1mm
30,3V,27mm,6mm,41.58mm,11mm,28mm,3mm,41.13mm,1mm
31,3V,27mm,6mm,41.58mm,10mm,28mm,3mm,41.13mm,1.5mm
32,3V,27mm,6mm,41.58mm,10.5mm,28mm,3mm,41.13mm,1.5mm
33,3V,27mm,6mm,41.58mm,11mm,28mm,3mm,41.13mm,1.5mm
34,3V,27mm,6mm,41.58mm,10mm,28mm,3mm,41.13mm,2mm
35,3V,27mm,6mm,41.58mm,10.5mm,28mm,3mm,41.13mm,2mm
36,3V,27mm,6mm,41.58mm,11mm,28mm,3mm,41.13mm,2mm
37,4V,27mm,6mm,41.58mm,10mm,28mm,3mm,41.13mm,1mm
38,4V,27mm,6mm,41.58mm,10.5mm,28mm,3mm,41.13mm,1mm
39,4V,27mm,6mm,41.58mm,11mm,28mm,3mm,41.13mm,1mm
40,4V,27mm,6mm,41.58mm,10mm,28mm,3mm,41.13mm,1.5mm
41,4V,27mm,6mm,41.58mm,10.5mm,28mm,3mm,41.13mm,1.5mm
42,4V,27mm,6mm,41.58mm,11mm,28mm,3mm,41.13mm,1.5mm
43,4V,27mm,6mm,41.58mm,10mm,28mm,3mm,41.13mm,2mm
44,4V,27mm,6mm,41.58mm,10.5mm,28mm,3mm,41.13mm,2mm
45,4V,27mm,6mm,41.58mm,11mm,28mm,3mm,41.13mm,2mm
46,5V,27mm,6mm,41.58mm,10mm,28mm,3mm,41.13mm,1mm
47,5V,27mm,6mm,41.58mm,10.5mm,28mm,3mm,41.13mm,1mm
48,5V,27mm,6mm,41.58mm,11mm,28mm,3mm,41.13mm,1mm
49,5V,27mm,6mm,41.58mm,10mm,28mm,3mm,41.13mm,1.5mm
50,5V,27mm,6mm,41.58mm,10.5mm,28mm,3mm,41.13mm,1.5mm
51,5V,27mm,6mm,41.58mm,11mm,28mm,3mm,41.13mm,1.5mm
52,5V,27mm,6mm,41.58mm,10mm,28mm,3mm,41.13mm,2mm
53,5V,27mm,6mm,41.58mm,10.5mm,28mm,3mm,41.13mm,2mm
54,5V,27mm,6mm,41.58mm,11mm,28mm,3mm,41.13mm,2mm
595,0V,27.5mm,6mm,41.58mm,10mm,28mm,3mm,41.13mm,1mm
596,0V,27.5mm,6mm,41.58mm,10.5mm,28mm,3mm,41.13mm,1mm
597,0V,27.5mm,6mm,41.58mm,11mm,28mm,3mm,41.13mm,1mm
598,0V,27.5mm,6mm,41.58mm,10mm,28mm,3mm,41.13mm,1.5mm
599,0V,27.5mm,6mm,41.58mm,10.5mm,28mm,3mm,41.13mm,1.5mm
600,0V,27.5mm,6mm,41.58mm,11mm,28mm,3mm,41.13mm,1.5mm
601,0V,27.5mm,6mm,41.58mm,10mm,28mm,3mm,41.13mm,2mm
602,0V,27.5mm,6mm,41.58mm,10.5mm,28mm,3mm,41.13mm,2mm
603,0V,27.5mm,6mm,41.58mm,11mm,28mm,3mm,41.13mm,2mm
604,1V,27.5mm,6mm,41.58mm,10mm,28mm,3mm,41.13mm,1mm
605,1V,27.5mm,6mm,41.58mm,10.5mm,28mm,3mm,41.13mm,1mm
606,1V,27.5mm,6mm,41.58mm,11mm,28mm,3mm,41.13mm,1mm
607,1V,27.5mm,6mm,41.58mm,10mm,28mm,3mm,41.13mm,1.5mm
608,1V,27.5mm,6mm,41.58mm,10.5mm,28mm,3mm,41.13mm,1.5mm
609,1V,27.5mm,6mm,41.58mm,11mm,28mm,3mm,41.13mm,1.5mm
610,1V,27.5mm,6mm,41.58mm,10mm,28mm,3mm,41.13mm,2mm
611,1V,27.5mm,6mm,41.58mm,10.5mm,28mm,3mm,41.13mm,2mm
612,1V,27.5mm,6mm,41.58mm,11mm,28mm,3mm,41.13mm,2mm
613,2V,27.5mm,6mm,41.58mm,10mm,28mm,3mm,41.13mm,1mm
614,2V,27.5mm,6mm,41.58mm,10.5mm,28mm,3mm,41.13mm,1mm
615,2V,27.5mm,6mm,41.58mm,11mm,28mm,3mm,41.13mm,1mm
616,2V,27.5mm,6mm,41.58mm,10mm,28mm,3mm,41.13mm,1.5mm
617,2V,27.5mm,6mm,41.58mm,10.5mm,28mm,3mm,41.13mm,1.5mm
618,2V,27.5mm,6mm,41.58mm,11mm,28mm,3mm,41.13mm,1.5mm
619,2V,27.5mm,6mm,41.58mm,10mm,28mm,3mm,41.13mm,2mm
620,2V,27.5mm,6mm,41.58mm,10.5mm,28mm,3mm,41.13mm,2mm
621,2V,27.5mm,6mm,41.58mm,11mm,28mm,3mm,41.13mm,2mm
622,3V,27.5mm,6mm,41.58mm,10mm,28mm,3mm,41.13mm,1mm
623,3V,27.5mm,6mm,41.58mm,10.5mm,28mm,3mm,41.13mm,1mm
624,3V,27.5mm,6mm,41.58mm,11mm,28mm,3mm,41.13mm,1mm
625,3V,27.5mm,6mm,41.58mm,10mm,28mm,3mm,41.13mm,1.5mm
626,3V,27.5mm,6mm,41.58mm,10.5mm,28mm,3mm,41.13mm,1.5mm
627,3V,27.5mm,6mm,41.58mm,11mm,28mm,3mm,41.13mm,1.5mm
628,3V,27.5mm,6mm,41.58mm,10mm,28mm,3mm,41.13mm,2mm
629,3V,27.5mm,6mm,41.58mm,10.5mm,28mm,3mm,41.13mm,2mm
630,3V,27.5mm,6mm,41.58mm,11mm,28mm,3mm,41.13mm,2mm
631,4V,27.5mm,6mm,41.58mm,10mm,28mm,3mm,41.13mm,1mm
632,4V,27.5mm,6mm,41.58mm,10.5mm,28mm,3mm,41.13mm,1mm
633,4V,27.5mm,6mm,41.58mm,11mm,28mm,3mm,41.13mm,1mm
634,4V,27.5mm,6mm,41.58mm,10mm,28mm,3mm,41.13mm,1.5mm
635,4V,27.5mm,6mm,41.58mm,10.5mm,28mm,3mm,41.13mm,1.5mm
636,4V,27.5mm,6mm,41.58mm,11mm,28mm,3mm,41.13mm,1.5mm
637,4V,27.5mm,6mm,41.58mm,10mm,28mm,3mm,41.13mm,2mm
638,4V,27.5mm,6mm,41.58mm,10.5mm,28mm,3mm,41.13mm,2mm
639,4V,27.5mm,6mm,41.58mm,11mm,28mm,3mm,41.13mm,2mm
640,5V,27.5mm,6mm,41.58mm,10mm,28mm,3mm,41.13mm,1mm
641,5V,27.5mm,6mm,41.58mm,10.5mm,28mm,3mm,41.13mm,1mm
642,5V,27.5mm,6mm,41.58mm,11mm,28mm,3mm,41.13mm,1mm
643,5V,27.5mm,6mm,41.58mm,10mm,28mm,3mm,41.13mm,1.5mm
644,5V,27.5mm,6mm,41.58mm,10.5mm,28mm,3mm,41.13mm,1.5mm
645,5V,27.5mm,6mm,41.58mm,11mm,28mm,3mm,41.13mm,1.5mm
646,5V,27.5mm,6mm,41.58mm,10mm,28mm,3mm,41.13mm,2mm
647,5V,27.5mm,6mm,41.58mm,10.5mm,28mm,3mm,41.13mm,2mm
648,5V,27.5mm,6mm,41.58mm,11mm,28mm,3mm,41.13mm,2mm
1189,0V,28mm,6mm,41.58mm,10mm,28mm,3mm,41.13mm,1mm
1190,0V,28mm,6mm,41.58mm,10.5mm,28mm,3mm,41.13mm,1mm
1191,0V,28mm,6mm,41.58mm,11mm,28mm,3mm,41.13mm,1mm
1192,0V,28mm,6mm,41.58mm,10mm,28mm,3mm,41.13mm,1.5mm
1193,0V,28mm,6mm,41.58mm,10.5mm,28mm,3mm,41.13mm,1.5mm
1194,0V,28mm,6mm,41.58mm,11mm,28mm,3mm,41.13mm,1.5mm
1195,0V,28mm,6mm,41.58mm,10mm,28mm,3mm,41.13mm,2mm
1196,0V,28mm,6mm,41.58mm,10.5mm,28mm,3mm,41.13mm,2mm
1197,0V,28mm,6mm,41.58mm,11mm,28mm,3mm,41.13mm,2mm
1198,1V,28mm,6mm,41.58mm,10mm,28mm,3mm,41.13mm,1mm
1199,1V,28mm,6mm,41.58mm,10.5mm,28mm,3mm,41.13mm,1mm
1200,1V,28mm,6mm,41.58mm,11mm,28mm,3mm,41.13mm,1mm
1201,1V,28mm,6mm,41.58mm,10mm,28mm,3mm,41.13mm,1.5mm
1202,1V,28mm,6mm,41.58mm,10.5mm,28mm,3mm,41.13mm,1.5mm
1203,1V,28mm,6mm,41.58mm,11mm,28mm,3mm,41.13mm,1.5mm
1204,1V,28mm,6mm,41.58mm,10mm,28mm,3mm,41.13mm,2mm
1205,1V,28mm,6mm,41.58mm,10.5mm,28mm,3mm,41.13mm,2mm
1206,1V,28mm,6mm,41.58mm,11mm,28mm,3mm,41.13mm,2mm
1207,2V,28mm,6mm,41.58mm,10mm,28mm,3mm,41.13mm,1mm
1208,2V,28mm,6mm,41.58mm,10.5mm,28mm,3mm,41.13mm,1mm
1209,2V,28mm,6mm,41.58mm,11mm,28mm,3mm,41.13mm,1mm
1210,2V,28mm,6mm,41.58mm,10mm,28mm,3mm,41.13mm,1.5mm
1211,2V,28mm,6mm,41.58mm,10.5mm,28mm,3mm,41.13mm,1.5mm
1212,2V,28mm,6mm,41.58mm,11mm,28mm,3mm,41.13mm,1.5mm
1213,2V,28mm,6mm,41.58mm,10mm,28mm,3mm,41.13mm,2mm
1214,2V,28mm,6mm,41.58mm,10.5mm,28mm,3mm,41.13mm,2mm
1215,2V,28mm,6mm,41.58mm,11mm,28mm,3mm,41.13mm,2mm
1216,3V,28mm,6mm,41.58mm,10mm,28mm,3mm,41.13mm,1mm
1217,3V,28mm,6mm,41.58mm,10.5mm,28mm,3mm,41.13mm,1mm
1218,3V,28mm,6mm,41.58mm,11mm,28mm,3mm,41.13mm,1mm
1219,3V,28mm,6mm,41.58mm,10mm,28mm,3mm,41.13mm,1.5mm
1220,3V,28mm,6mm,41.58mm,10.5mm,28mm,3mm,41.13mm,1.5mm
1221,3V,28mm,6mm,41.58mm,11mm,28mm,3mm,41.13mm,1.5mm
1222,3V,28mm,6mm,41.58mm,10mm,28mm,3mm,41.13mm,2mm
1223,3V,28mm,6mm,41.58mm,10.5mm,28mm,3mm,41.13mm,2mm
1224,3V,28mm,6mm,41.58mm,11mm,28mm,3mm,41.13mm,2mm
1225,4V,28mm,6mm,41.58mm,10mm,28mm,3mm,41.13mm,1mm
1226,4V,28mm,6mm,41.58mm,10.5mm,28mm,3mm,41.13mm,1mm
1227,4V,28mm,6mm,41.58mm,11mm,28mm,3mm,41.13mm,1mm
1228,4V,28mm,6mm,41.58mm,10mm,28mm,3mm,41.13mm,1.5mm
1229,4V,28mm,6mm,41.58mm,10.5mm,28mm,3mm,41.13mm,1.5mm
1230,4V,28mm,6mm,41.58mm,11mm,28mm,3mm,41.13mm,1.5mm
1231,4V,28mm,6mm,41.58mm,10mm,28mm,3mm,41.13mm,2mm
1232,4V,28mm,6mm,41.58mm,10.5mm,28mm,3mm,41.13mm,2mm
1233,4V,28mm,6mm,41.58mm,11mm,28mm,3mm,41.13mm,2mm
1234,5V,28mm,6mm,41.58mm,10mm,28mm,3mm,41.13mm,1mm
1235,5V,28mm,6mm,41.58mm,10.5mm,28mm,3mm,41.13mm,1mm
1236,5V,28mm,6mm,41.58mm,11mm,28mm,3mm,41.13mm,1mm
1237,5V,28mm,6mm,41.58mm,10mm,28mm,3mm,41.13mm,1.5mm
1238,5V,28mm,6mm,41.58mm,10.5mm,28mm,3mm,41.13mm,1.5mm
1239,5V,28mm,6mm,41.58mm,11mm,28mm,3mm,41.13mm,1.5mm
1240,5V,28mm,6mm,41.58mm,10mm,28mm,3mm,41.13mm,2mm
1241,5V,28mm,6mm,41.58mm,10.5mm,28mm,3mm,41.13mm,2mm
1242,5V,28mm,6mm,41.58mm,11mm,28mm,3mm,41.13mm,2mm
1783,0V,28.5mm,6mm,41.58mm,10mm,28mm,3mm,41.13mm,1mm
1784,0V,28.5mm,6mm,41.58mm,10.5mm,28mm,3mm,41.13mm,1mm
1785,0V,28.5mm,6mm,41.58mm,11mm,28mm,3mm,41.13mm,1mm
1786,0V,28.5mm,6mm,41.58mm,10mm,28mm,3mm,41.13mm,1.5mm
1787,0V,28.5mm,6mm,41.58mm,10.5mm,28mm,3mm,41.13mm,1.5mm
1788,0V,28.5mm,6mm,41.58mm,11mm,28mm,3mm,41.13mm,1.5mm
1789,0V,28.5mm,6mm,41.58mm,10mm,28mm,3mm,41.13mm,2mm
1790,0V,28.5mm,6mm,41.58mm,10.5mm,28mm,3mm,41.13mm,2mm
1791,0V,28.5mm,6mm,41.58mm,11mm,28mm,3mm,41.13mm,2mm
1792,1V,28.5mm,6mm,41.58mm,10mm,28mm,3mm,41.13mm,1mm
1793,1V,28.5mm,6mm,41.58mm,10.5mm,28mm,3mm,41.13mm,1mm
1794,1V,28.5mm,6mm,41.58mm,11mm,28mm,3mm,41.13mm,1mm
1795,1V,28.5mm,6mm,41.58mm,10mm,28mm,3mm,41.13mm,1.5mm
1796,1V,28.5mm,6mm,41.58mm,10.5mm,28mm,3mm,41.13mm,1.5mm
1797,1V,28.5mm,6mm,41.58mm,11mm,28mm,3mm,41.13mm,1.5mm
1798,1V,28.5mm,6mm,41.58mm,10mm,28mm,3mm,41.13mm,2mm
1799,1V,28.5mm,6mm,41.58mm,10.5mm,28mm,3mm,41.13mm,2mm
1800,1V,28.5mm,6mm,41.58mm,11mm,28mm,3mm,41.13mm,2mm
1801,2V,28.5mm,6mm,41.58mm,10mm,28mm,3mm,41.13mm,1mm
1802,2V,28.5mm,6mm,41.58mm,10.5mm,28mm,3mm,41.13mm,1mm
1803,2V,28.5mm,6mm,41.58mm,11mm,28mm,3mm,41.13mm,1mm
1804,2V,28.5mm,6mm,41.58mm,10mm,28mm,3mm,41.13mm,1.5mm
1805,2V,28.5mm,6mm,41.58mm,10.5mm,28mm,3mm,41.13mm,1.5mm
1806,2V,28.5mm,6mm,41.58mm,11mm,28mm,3mm,41.13mm,1.5mm
1807,2V,28.5mm,6mm,41.58mm,10mm,28mm,3mm,41.13mm,2mm
1808,2V,28.5mm,6mm,41.58mm,10.5mm,28mm,3mm,41.13mm,2mm
1809,2V,28.5mm,6mm,41.58mm,11mm,28mm,3mm,41.13mm,2mm
1810,3V,28.5mm,6mm,41.58mm,10mm,28mm,3mm,41.13mm,1mm
1811,3V,28.5mm,6mm,41.58mm,10.5mm,28mm,3mm,41.13mm,1mm
1812,3V,28.5mm,6mm,41.58mm,11mm,28mm,3mm,41.13mm,1mm
1813,3V,28.5mm,6mm,41.58mm,10mm,28mm,3mm,41.13mm,1.5mm
1814,3V,28.5mm,6mm,41.58mm,10.5mm,28mm,3mm,41.13mm,1.5mm
1815,3V,28.5mm,6mm,41.58mm,11mm,28mm,3mm,41.13mm,1.5mm
1816,3V,28.5mm,6mm,41.58mm,10mm,28mm,3mm,41.13mm,2mm
1817,3V,28.5mm,6mm,41.58mm,10.5mm,28mm,3mm,41.13mm,2mm
1818,3V,28.5mm,6mm,41.58mm,11mm,28mm,3mm,41.13mm,2mm
1819,4V,28.5mm,6mm,41.58mm,10mm,28mm,3mm,41.13mm,1mm
1820,4V,28.5mm,6mm,41.58mm,10.5mm,28mm,3mm,41.13mm,1mm
1821,4V,28.5mm,6mm,41.58mm,11mm,28mm,3mm,41.13mm,1mm
1822,4V,28.5mm,6mm,41.58mm,10mm,28mm,3mm,41.13mm,1.5mm
1823,4V,28.5mm,6mm,41.58mm,10.5mm,28mm,3mm,41.13mm,1.5mm
1824,4V,28.5mm,6mm,41.58mm,11mm,28mm,3mm,41.13mm,1.5mm
1825,4V,28.5mm,6mm,41.58mm,10mm,28mm,3mm,41.13mm,2mm
1826,4V,28.5mm,6mm,41.58mm,10.5mm,28mm,3mm,41.13mm,2mm
1827,4V,28.5mm,6mm,41.58mm,11mm,28mm,3mm,41.13mm,2mm
1828,5V,28.5mm,6mm,41.58mm,10mm,28mm,3mm,41.13mm,1mm
1829,5V,28.5mm,6mm,41.58mm,10.5mm,28mm,3mm,41.13mm,1mm
1830,5V,28.5mm,6mm,41.58mm,11mm,28mm,3mm,41.13mm,1mm
1831,5V,28.5mm,6mm,41.58mm,10mm,28mm,3mm,41.13mm,1.5mm
1832,5V,28.5mm,6mm,41.58mm,10.5mm,28mm,3mm,41.13mm,1.5mm
1833,5V,28.5mm,6mm,41.58mm,11mm,28mm,3mm,41.13mm,1.5mm
1834,5V,28.5mm,6mm,41.58mm,10mm,28mm,3mm,41.13mm,2mm
1835,5V,28.5mm,6mm,41.58mm,10.5mm,28mm,3mm,41.13mm,2mm
1836,5V,28.5mm,6mm,41.58mm,11mm,28mm,3mm,41.13mm,2mm
2377,0V,29mm,6mm,41.58mm,10mm,28mm,3mm,41.13mm,1mm
2378,0V,29mm,6mm,41.58mm,10.5mm,28mm,3mm,41.13mm,1mm
2379,0V,29mm,6mm,41.58mm,11mm,28mm,3mm,41.13mm,1mm
2380,0V,29mm,6mm,41.58mm,10mm,28mm,3mm,41.13mm,1.5mm
2381,0V,29mm,6mm,41.58mm,10.5mm,28mm,3mm,41.13mm,1.5mm
2382,0V,29mm,6mm,41.58mm,11mm,28mm,3mm,41.13mm,1.5mm
2383,0V,29mm,6mm,41.58mm,10mm,28mm,3mm,41.13mm,2mm
2384,0V,29mm,6mm,41.58mm,10.5mm,28mm,3mm,41.13mm,2mm
2385,0V,29mm,6mm,41.58mm,11mm,28mm,3mm,41.13mm,2mm
2386,1V,29mm,6mm,41.58mm,10mm,28mm,3mm,41.13mm,1mm
2387,1V,29mm,6mm,41.58mm,10.5mm,28mm,3mm,41.13mm,1mm
2388,1V,29mm,6mm,41.58mm,11mm,28mm,3mm,41.13mm,1mm
2389,1V,29mm,6mm,41.58mm,10mm,28mm,3mm,41.13mm,1.5mm
2390,1V,29mm,6mm,41.58mm,10.5mm,28mm,3mm,41.13mm,1.5mm
2391,1V,29mm,6mm,41.58mm,11mm,28mm,3mm,41.13mm,1.5mm
2392,1V,29mm,6mm,41.58mm,10mm,28mm,3mm,41.13mm,2mm
2393,1V,29mm,6mm,41.58mm,10.5mm,28mm,3mm,41.13mm,2mm
2394,1V,29mm,6mm,41.58mm,11mm,28mm,3mm,41.13mm,2mm
2395,2V,29mm,6mm,41.58mm,10mm,28mm,3mm,41.13mm,1mm
2396,2V,29mm,6mm,41.58mm,10.5mm,28mm,3mm,41.13mm,1mm
2397,2V,29mm,6mm,41.58mm,11mm,28mm,3mm,41.13mm,1mm
2398,2V,29mm,6mm,41.58mm,10mm,28mm,3mm,41.13mm,1.5mm
2399,2V,29mm,6mm,41.58mm,10.5mm,28mm,3mm,41.13mm,1.5mm
2400,2V,29mm,6mm,41.58mm,11mm,28mm,3mm,41.13mm,1.5mm
2401,2V,29mm,6mm,41.58mm,10mm,28mm,3mm,41.13mm,2mm
2402,2V,29mm,6mm,41.58mm,10.5mm,28mm,3mm,41.13mm,2mm
2403,2V,29mm,6mm,41.58mm,11mm,28mm,3mm,41.13mm,2mm
2404,3V,29mm,6mm,41.58mm,10mm,28mm,3mm,41.13mm,1mm
2405,3V,29mm,6mm,41.58mm,10.5mm,28mm,3mm,41.13mm,1mm
2406,3V,29mm,6mm,41.58mm,11mm,28mm,3mm,41.13mm,1mm
2407,3V,29mm,6mm,41.58mm,10mm,28mm,3mm,41.13mm,1.5mm
2408,3V,29mm,6mm,41.58mm,10.5mm,28mm,3mm,41.13mm,1.5mm
2409,3V,29mm,6mm,41.58mm,11mm,28mm,3mm,41.13mm,1.5mm
2410,3V,29mm,6mm,41.58mm,10mm,28mm,3mm,41.13mm,2mm
2411,3V,29mm,6mm,41.58mm,10.5mm,28mm,3mm,41.13mm,2mm
2412,3V,29mm,6mm,41.58mm,11mm,28mm,3mm,41.13mm,2mm
2413,4V,29mm,6mm,41.58mm,10mm,28mm,3mm,41.13mm,1mm
2414,4V,29mm,6mm,41.58mm,10.5mm,28mm,3mm,41.13mm,1mm
2415,4V,29mm,6mm,41.58mm,11mm,28mm,3mm,41.13mm,1mm
2416,4V,29mm,6mm,41.58mm,10mm,28mm,3mm,41.13mm,1.5mm
2417,4V,29mm,6mm,41.58mm,10.5mm,28mm,3mm,41.13mm,1.5mm
2418,4V,29mm,6mm,41.58mm,11mm,28mm,3mm,41.13mm,1.5mm
2419,4V,29mm,6mm,41.58mm,10mm,28mm,3mm,41.13mm,2mm
2420,4V,29mm,6mm,41.58mm,10.5mm,28mm,3mm,41.13mm,2mm
2421,4V,29mm,6mm,41.58mm,11mm,28mm,3mm,41.13mm,2mm
2422,5V,29mm,6mm,41.58mm,10mm,28mm,3mm,41.13mm,1mm
2423,5V,29mm,6mm,41.58mm,10.5mm,28mm,3mm,41.13mm,1mm
2424,5V,29mm,6mm,41.58mm,11mm,28mm,3mm,41.13mm,1mm
2425,5V,29mm,6mm,41.58mm,10mm,28mm,3mm,41.13mm,1.5mm
2426,5V,29mm,6mm,41.58mm,10.5mm,28mm,3mm,41.13mm,1.5mm
2427,5V,29mm,6mm,41.58mm,11mm,28mm,3mm,41.13mm,1.5mm
2428,5V,29mm,6mm,41.58mm,10mm,28mm,3mm,41.13mm,2mm
2429,5V,29mm,6mm,41.58mm,10.5mm,28mm,3mm,41.13mm,2mm
2430,5V,29mm,6mm,41.58mm,11mm,28mm,3mm,41.13mm,2mm
2971,0V,29.5mm,6mm,41.58mm,10mm,28mm,3mm,41.13mm,1mm
2972,0V,29.5mm,6mm,41.58mm,10.5mm,28mm,3mm,41.13mm,1mm
2973,0V,29.5mm,6mm,41.58mm,11mm,28mm,3mm,41.13mm,1mm
2974,0V,29.5mm,6mm,41.58mm,10mm,28mm,3mm,41.13mm,1.5mm
2975,0V,29.5mm,6mm,41.58mm,10.5mm,28mm,3mm,41.13mm,1.5mm
2976,0V,29.5mm,6mm,41.58mm,11mm,28mm,3mm,41.13mm,1.5mm
2977,0V,29.5mm,6mm,41.58mm,10mm,28mm,3mm,41.13mm,2mm
2978,0V,29.5mm,6mm,41.58mm,10.5mm,28mm,3mm,41.13mm,2mm
2979,0V,29.5mm,6mm,41.58mm,11mm,28mm,3mm,41.13mm,2mm
2980,1V,29.5mm,6mm,41.58mm,10mm,28mm,3mm,41.13mm,1mm
2981,1V,29.5mm,6mm,41.58mm,10.5mm,28mm,3mm,41.13mm,1mm
2982,1V,29.5mm,6mm,41.58mm,11mm,28mm,3mm,41.13mm,1mm
2983,1V,29.5mm,6mm,41.58mm,10mm,28mm,3mm,41.13mm,1.5mm
2984,1V,29.5mm,6mm,41.58mm,10.5mm,28mm,3mm,41.13mm,1.5mm
2985,1V,29.5mm,6mm,41.58mm,11mm,28mm,3mm,41.13mm,1.5mm
2986,1V,29.5mm,6mm,41.58mm,10mm,28mm,3mm,41.13mm,2mm
2987,1V,29.5mm,6mm,41.58mm,10.5mm,28mm,3mm,41.13mm,2mm
2988,1V,29.5mm,6mm,41.58mm,11mm,28mm,3mm,41.13mm,2mm
2989,2V,29.5mm,6mm,41.58mm,10mm,28mm,3mm,41.13mm,1mm
2990,2V,29.5mm,6mm,41.58mm,10.5mm,28mm,3mm,41.13mm,1mm
2991,2V,29.5mm,6mm,41.58mm,11mm,28mm,3mm,41.13mm,1mm
2992,2V,29.5mm,6mm,41.58mm,10mm,28mm,3mm,41.13mm,1.5mm
2993,2V,29.5mm,6mm,41.58mm,10.5mm,28mm,3mm,41.13mm,1.5mm
2994,2V,29.5mm,6mm,41.58mm,11mm,28mm,3mm,41.13mm,1.5mm
2995,2V,29.5mm,6mm,41.58mm,10mm,28mm,3mm,41.13mm,2mm
2996,2V,29.5mm,6mm,41.58mm,10.5mm,28mm,3mm,41.13mm,2mm
2997,2V,29.5mm,6mm,41.58mm,11mm,28mm,3mm,41.13mm,2mm
2998,3V,29.5mm,6mm,41.58mm,10mm,28mm,3mm,41.13mm,1mm
2999,3V,29.5mm,6mm,41.58mm,10.5mm,28mm,3mm,41.13mm,1mm
3000,3V,29.5mm,6mm,41.58mm,11mm,28mm,3mm,41.13mm,1mm
3001,3V,29.5mm,6mm,41.58mm,10mm,28mm,3mm,41.13mm,1.5mm
3002,3V,29.5mm,6mm,41.58mm,10.5mm,28mm,3mm,41.13mm,1.5mm
3003,3V,29.5mm,6mm,41.58mm,11mm,28mm,3mm,41.13mm,1.5mm
3004,3V,29.5mm,6mm,41.58mm,10mm,28mm,3mm,41.13mm,2mm
3005,3V,29.5mm,6mm,41.58mm,10.5mm,28mm,3mm,41.13mm,2mm
3006,3V,29.5mm,6mm,41.58mm,11mm,28mm,3mm,41.13mm,2mm
3007,4V,29.5mm,6mm,41.58mm,10mm,28mm,3mm,41.13mm,1mm
3008,4V,29.5mm,6mm,41.58mm,10.5mm,28mm,3mm,41.13mm,1mm
3009,4V,29.5mm,6mm,41.58mm,11mm,28mm,3mm,41.13mm,1mm
3010,4V,29.5mm,6mm,41.58mm,10mm,28mm,3mm,41.13mm,1.5mm
3011,4V,29.5mm,6mm,41.58mm,10.5mm,28mm,3mm,41.13mm,1.5mm
3012,4V,29.5mm,6mm,41.58mm,11mm,28mm,3mm,41.13mm,1.5mm
3013,4V,29.5mm,6mm,41.58mm,10mm,28mm,3mm,41.13mm,2mm
3014,4V,29.5mm,6mm,41.58mm,10.5mm,28mm,3mm,41.13mm,2mm
3015,4V,29.5mm,6mm,41.58mm,11mm,28mm,3mm,41.13mm,2mm
3016,5V,29.5mm,6mm,41.58mm,10mm,28mm,3mm,41.13mm,1mm
3017,5V,29.5mm,6mm,41.58mm,10.5mm,28mm,3mm,41.13mm,1mm
3018,5V,29.5mm,6mm,41.58mm,11mm,28mm,3mm,41.13mm,1mm
3019,5V,29.5mm,6mm,41.58mm,10mm,28mm,3mm,41.13mm,1.5mm
3020,5V,29.5mm,6mm,41.58mm,10.5mm,28mm,3mm,41.13mm,1.5mm
3021,5V,29.5mm,6mm,41.58mm,11mm,28mm,3mm,41.13mm,1.5mm
3022,5V,29.5mm,6mm,41.58mm,10mm,28mm,3mm,41.13mm,2mm
3023,5V,29.5mm,6mm,41.58mm,10.5mm,28mm,3mm,41.13mm,2mm
3024,5V,29.5mm,6mm,41.58mm,11mm,28mm,3mm,41.13mm,2mm
3565,0V,30mm,6mm,41.58mm,10mm,28mm,3mm,41.13mm,1mm
3566,0V,30mm,6mm,41.58mm,10.5mm,28mm,3mm,41.13mm,1mm
3567,0V,30mm,6mm,41.58mm,11mm,28mm,3mm,41.13mm,1mm
3568,0V,30mm,6mm,41.58mm,10mm,28mm,3mm,41.13mm,1.5mm
3569,0V,30mm,6mm,41.58mm,10.5mm,28mm,3mm,41.13mm,1.5mm
3570,0V,30mm,6mm,41.58mm,11mm,28mm,3mm,41.13mm,1.5mm
3571,0V,30mm,6mm,41.58mm,10mm,28mm,3mm,41.13mm,2mm
3572,0V,30mm,6mm,41.58mm,10.5mm,28mm,3mm,41.13mm,2mm
3573,0V,30mm,6mm,41.58mm,11mm,28mm,3mm,41.13mm,2mm
3574,1V,30mm,6mm,41.58mm,10mm,28mm,3mm,41.13mm,1mm
3575,1V,30mm,6mm,41.58mm,10.5mm,28mm,3mm,41.13mm,1mm
3576,1V,30mm,6mm,41.58mm,11mm,28mm,3mm,41.13mm,1mm
3577,1V,30mm,6mm,41.58mm,10mm,28mm,3mm,41.13mm,1.5mm
3578,1V,30mm,6mm,41.58mm,10.5mm,28mm,3mm,41.13mm,1.5mm
3579,1V,30mm,6mm,41.58mm,11mm,28mm,3mm,41.13mm,1.5mm
3580,1V,30mm,6mm,41.58mm,10mm,28mm,3mm,41.13mm,2mm
3581,1V,30mm,6mm,41.58mm,10.5mm,28mm,3mm,41.13mm,2mm
3582,1V,30mm,6mm,41.58mm,11mm,28mm,3mm,41.13mm,2mm
3583,2V,30mm,6mm,41.58mm,10mm,28mm,3mm,41.13mm,1mm
3584,2V,30mm,6mm,41.58mm,10.5mm,28mm,3mm,41.13mm,1mm
3585,2V,30mm,6mm,41.58mm,11mm,28mm,3mm,41.13mm,1mm
3586,2V,30mm,6mm,41.58mm,10mm,28mm,3mm,41.13mm,1.5mm
3587,2V,30mm,6mm,41.58mm,10.5mm,28mm,3mm,41.13mm,1.5mm
3588,2V,30mm,6mm,41.58mm,11mm,28mm,3mm,41.13mm,1.5mm
3589,2V,30mm,6mm,41.58mm,10mm,28mm,3mm,41.13mm,2mm
3590,2V,30mm,6mm,41.58mm,10.5mm,28mm,3mm,41.13mm,2mm
3591,2V,30mm,6mm,41.58mm,11mm,28mm,3mm,41.13mm,2mm
3592,3V,30mm,6mm,41.58mm,10mm,28mm,3mm,41.13mm,1mm
3593,3V,30mm,6mm,41.58mm,10.5mm,28mm,3mm,41.13mm,1mm
3594,3V,30mm,6mm,41.58mm,11mm,28mm,3mm,41.13mm,1mm
3595,3V,30mm,6mm,41.58mm,10mm,28mm,3mm,41.13mm,1.5mm
3596,3V,30mm,6mm,41.58mm,10.5mm,28mm,3mm,41.13mm,1.5mm
3597,3V,30mm,6mm,41.58mm,11mm,28mm,3mm,41.13mm,1.5mm
3598,3V,30mm,6mm,41.58mm,10mm,28mm,3mm,41.13mm,2mm
3599,3V,30mm,6mm,41.58mm,10.5mm,28mm,3mm,41.13mm,2mm
3600,3V,30mm,6mm,41.58mm,11mm,28mm,3mm,41.13mm,2mm
3601,4V,30mm,6mm,41.58mm,10mm,28mm,3mm,41.13mm,1mm
3602,4V,30mm,6mm,41.58mm,10.5mm,28mm,3mm,41.13mm,1mm
3603,4V,30mm,6mm,41.58mm,11mm,28mm,3mm,41.13mm,1mm
3604,4V,30mm,6mm,41.58mm,10mm,28mm,3mm,41.13mm,1.5mm
3605,4V,30mm,6mm,41.58mm,10.5mm,28mm,3mm,41.13mm,1.5mm
3606,4V,30mm,6mm,41.58mm,11mm,28mm,3mm,41.13mm,1.5mm
3607,4V,30mm,6mm,41.58mm,10mm,28mm,3mm,41.13mm,2mm
3608,4V,30mm,6mm,41.58mm,10.5mm,28mm,3mm,41.13mm,2mm
3609,4V,30mm,6mm,41.58mm,11mm,28mm,3mm,41.13mm,2mm
3610,5V,30mm,6mm,41.58mm,10mm,28mm,3mm,41.13mm,1mm
3611,5V,30mm,6mm,41.58mm,10.5mm,28mm,3mm,41.13mm,1mm
3612,5V,30mm,6mm,41.58mm,11mm,28mm,3mm,41.13mm,1mm
3613,5V,30mm,6mm,41.58mm,10mm,28mm,3mm,41.13mm,1.5mm
3614,5V,30mm,6mm,41.58mm,10.5mm,28mm,3mm,41.13mm,1.5mm
3615,5V,30mm,6mm,41.58mm,11mm,28mm,3mm,41.13mm,1.5mm
3616,5V,30mm,6mm,41.58mm,10mm,28mm,3mm,41.13mm,2mm
3617,5V,30mm,6mm,41.58mm,10.5mm,28mm,3mm,41.13mm,2mm
3618,5V,30mm,6mm,41.58mm,11mm,28mm,3mm,41.13mm,2mm
4159,0V,30.5mm,6mm,41.58mm,10mm,28mm,3mm,41.13mm,1mm
4160,0V,30.5mm,6mm,41.58mm,10.5mm,28mm,3mm,41.13mm,1mm
4161,0V,30.5mm,6mm,41.58mm,11mm,28mm,3mm,41.13mm,1mm
4162,0V,30.5mm,6mm,41.58mm,10mm,28mm,3mm,41.13mm,1.5mm
4163,0V,30.5mm,6mm,41.58mm,10.5mm,28mm,3mm,41.13mm,1.5mm
4164,0V,30.5mm,6mm,41.58mm,11mm,28mm,3mm,41.13mm,1.5mm
4165,0V,30.5mm,6mm,41.58mm,10mm,28mm,3mm,41.13mm,2mm
4166,0V,30.5mm,6mm,41.58mm,10.5mm,28mm,3mm,41.13mm,2mm
4167,0V,30.5mm,6mm,41.58mm,11mm,28mm,3mm,41.13mm,2mm
4168,1V,30.5mm,6mm,41.58mm,10mm,28mm,3mm,41.13mm,1mm
4169,1V,30.5mm,6mm,41.58mm,10.5mm,28mm,3mm,41.13mm,1mm
4170,1V,30.5mm,6mm,41.58mm,11mm,28mm,3mm,41.13mm,1mm
4171,1V,30.5mm,6mm,41.58mm,10mm,28mm,3mm,41.13mm,1.5mm
4172,1V,30.5mm,6mm,41.58mm,10.5mm,28mm,3mm,41.13mm,1.5mm
4173,1V,30.5mm,6mm,41.58mm,11mm,28mm,3mm,41.13mm,1.5mm
4174,1V,30.5mm,6mm,41.58mm,10mm,28mm,3mm,41.13mm,2mm
4175,1V,30.5mm,6mm,41.58mm,10.5mm,28mm,3mm,41.13mm,2mm
4176,1V,30.5mm,6mm,41.58mm,11mm,28mm,3mm,41.13mm,2mm
4177,2V,30.5mm,6mm,41.58mm,10mm,28mm,3mm,41.13mm,1mm
4178,2V,30.5mm,6mm,41.58mm,10.5mm,28mm,3mm,41.13mm,1mm
4179,2V,30.5mm,6mm,41.58mm,11mm,28mm,3mm,41.13mm,1mm
4180,2V,30.5mm,6mm,41.58mm,10mm,28mm,3mm,41.13mm,1.5mm
4181,2V,30.5mm,6mm,41.58mm,10.5mm,28mm,3mm,41.13mm,1.5mm
4182,2V,30.5mm,6mm,41.58mm,11mm,28mm,3mm,41.13mm,1.5mm
4183,2V,30.5mm,6mm,41.58mm,10mm,28mm,3mm,41.13mm,2mm
4184,2V,30.5mm,6mm,41.58mm,10.5mm,28mm,3mm,41.13mm,2mm
4185,2V,30.5mm,6mm,41.58mm,11mm,28mm,3mm,41.13mm,2mm
4186,3V,30.5mm,6mm,41.58mm,10mm,28mm,3mm,41.13mm,1mm
4187,3V,30.5mm,6mm,41.58mm,10.5mm,28mm,3mm,41.13mm,1mm
4188,3V,30.5mm,6mm,41.58mm,11mm,28mm,3mm,41.13mm,1mm
4189,3V,30.5mm,6mm,41.58mm,10mm,28mm,3mm,41.13mm,1.5mm
4190,3V,30.5mm,6mm,41.58mm,10.5mm,28mm,3mm,41.13mm,1.5mm
4191,3V,30.5mm,6mm,41.58mm,11mm,28mm,3mm,41.13mm,1.5mm
4192,3V,30.5mm,6mm,41.58mm,10mm,28mm,3mm,41.13mm,2mm
4193,3V,30.5mm,6mm,41.58mm,10.5mm,28mm,3mm,41.13mm,2mm
4194,3V,30.5mm,6mm,41.58mm,11mm,28mm,3mm,41.13mm,2mm
4195,4V,30.5mm,6mm,41.58mm,10mm,28mm,3mm,41.13mm,1mm
4196,4V,30.5mm,6mm,41.58mm,10.5mm,28mm,3mm,41.13mm,1mm
4197,4V,30.5mm,6mm,41.58mm,11mm,28mm,3mm,41.13mm,1mm
4198,4V,30.5mm,6mm,41.58mm,10mm,28mm,3mm,41.13mm,1.5mm
4199,4V,30.5mm,6mm,41.58mm,10.5mm,28mm,3mm,41.13mm,1.5mm
4200,4V,30.5mm,6mm,41.58mm,11mm,28mm,3mm,41.13mm,1.5mm
4201,4V,30.5mm,6mm,41.58mm,10mm,28mm,3mm,41.13mm,2mm
4202,4V,30.5mm,6mm,41.58mm,10.5mm,28mm,3mm,41.13mm,2mm
4203,4V,30.5mm,6mm,41.58mm,11mm,28mm,3mm,41.13mm,2mm
4204,5V,30.5mm,6mm,41.58mm,10mm,28mm,3mm,41.13mm,1mm
4205,5V,30.5mm,6mm,41.58mm,10.5mm,28mm,3mm,41.13mm,1mm
4206,5V,30.5mm,6mm,41.58mm,11mm,28mm,3mm,41.13mm,1mm
4207,5V,30.5mm,6mm,41.58mm,10mm,28mm,3mm,41.13mm,1.5mm
4208,5V,30.5mm,6mm,41.58mm,10.5mm,28mm,3mm,41.13mm,1.5mm
4209,5V,30.5mm,6mm,41.58mm,11mm,28mm,3mm,41.13mm,1.5mm
4210,5V,30.5mm,6mm,41.58mm,10mm,28mm,3mm,41.13mm,2mm
4211,5V,30.5mm,6mm,41.58mm,10.5mm,28mm,3mm,41.13mm,2mm
4212,5V,30.5mm,6mm,41.58mm,11mm,28mm,3mm,41.13mm,2mm
4753,0V,31mm,6mm,41.58mm,10mm,28mm,3mm,41.13mm,1mm
4754,0V,31mm,6mm,41.58mm,10.5mm,28mm,3mm,41.13mm,1mm
4755,0V,31mm,6mm,41.58mm,11mm,28mm,3mm,41.13mm,1mm
4756,0V,31mm,6mm,41.58mm,10mm,28mm,3mm,41.13mm,1.5mm
4757,0V,31mm,6mm,41.58mm,10.5mm,28mm,3mm,41.13mm,1.5mm
4758,0V,31mm,6mm,41.58mm,11mm,28mm,3mm,41.13mm,1.5mm
4759,0V,31mm,6mm,41.58mm,10mm,28mm,3mm,41.13mm,2mm
4760,0V,31mm,6mm,41.58mm,10.5mm,28mm,3mm,41.13mm,2mm
4761,0V,31mm,6mm,41.58mm,11mm,28mm,3mm,41.13mm,2mm
4762,1V,31mm,6mm,41.58mm,10mm,28mm,3mm,41.13mm,1mm
4763,1V,31mm,6mm,41.58mm,10.5mm,28mm,3mm,41.13mm,1mm
4764,1V,31mm,6mm,41.58mm,11mm,28mm,3mm,41.13mm,1mm
4765,1V,31mm,6mm,41.58mm,10mm,28mm,3mm,41.13mm,1.5mm
4766,1V,31mm,6mm,41.58mm,10.5mm,28mm,3mm,41.13mm,1.5mm
4767,1V,31mm,6mm,41.58mm,11mm,28mm,3mm,41.13mm,1.5mm
4768,1V,31mm,6mm,41.58mm,10mm,28mm,3mm,41.13mm,2mm
4769,1V,31mm,6mm,41.58mm,10.5mm,28mm,3mm,41.13mm,2mm
4770,1V,31mm,6mm,41.58mm,11mm,28mm,3mm,41.13mm,2mm
4771,2V,31mm,6mm,41.58mm,10mm,28mm,3mm,41.13mm,1mm
4772,2V,31mm,6mm,41.58mm,10.5mm,28mm,3mm,41.13mm,1mm
4773,2V,31mm,6mm,41.58mm,11mm,28mm,3mm,41.13mm,1mm
4774,2V,31mm,6mm,41.58mm,10mm,28mm,3mm,41.13mm,1.5mm
4775,2V,31mm,6mm,41.58mm,10.5mm,28mm,3mm,41.13mm,1.5mm
4776,2V,31mm,6mm,41.58mm,11mm,28mm,3mm,41.13mm,1.5mm
4777,2V,31mm,6mm,41.58mm,10mm,28mm,3mm,41.13mm,2mm
4778,2V,31mm,6mm,41.58mm,10.5mm,28mm,3mm,41.13mm,2mm
4779,2V,31mm,6mm,41.58mm,11mm,28mm,3mm,41.13mm,2mm
4780,3V,31mm,6mm,41.58mm,10mm,28mm,3mm,41.13mm,1mm
4781,3V,31mm,6mm,41.58mm,10.5mm,28mm,3mm,41.13mm,1mm
4782,3V,31mm,6mm,41.58mm,11mm,28mm,3mm,41.13mm,1mm
4783,3V,31mm,6mm,41.58mm,10mm,28mm,3mm,41.13mm,1.5mm
4784,3V,31mm,6mm,41.58mm,10.5mm,28mm,3mm,41.13mm,1.5mm
4785,3V,31mm,6mm,41.58mm,11mm,28mm,3mm,41.13mm,1.5mm
4786,3V,31mm,6mm,41.58mm,10mm,28mm,3mm,41.13mm,2mm
4787,3V,31mm,6mm,41.58mm,10.5mm,28mm,3mm,41.13mm,2mm
4788,3V,31mm,6mm,41.58mm,11mm,28mm,3mm,41.13mm,2mm
4789,4V,31mm,6mm,41.58mm,10mm,28mm,3mm,41.13mm,1mm
4790,4V,31mm,6mm,41.58mm,10.5mm,28mm,3mm,41.13mm,1mm
4791,4V,31mm,6mm,41.58mm,11mm,28mm,3mm,41.13mm,1mm
4792,4V,31mm,6mm,41.58mm,10mm,28mm,3mm,41.13mm,1.5mm
4793,4V,31mm,6mm,41.58mm,10.5mm,28mm,3mm,41.13mm,1.5mm
4794,4V,31mm,6mm,41.58mm,11mm,28mm,3mm,41.13mm,1.5mm
4795,4V,31mm,6mm,41.58mm,10mm,28mm,3mm,41.13mm,2mm
4796,4V,31mm,6mm,41.58mm,10.5mm,28mm,3mm,41.13mm,2mm
4797,4V,31mm,6mm,41.58mm,11mm,28mm,3mm,41.13mm,2mm
4798,5V,31mm,6mm,41.58mm,10mm,28mm,3mm,41.13mm,1mm
4799,5V,31mm,6mm,41.58mm,10.5mm,28mm,3mm,41.13mm,1mm
4800,5V,31mm,6mm,41.58mm,11mm,28mm,3mm,41.13mm,1mm
4801,5V,31mm,6mm,41.58mm,10mm,28mm,3mm,41.13mm,1.5mm
4802,5V,31mm,6mm,41.58mm,10.5mm,28mm,3mm,41.13mm,1.5mm
4803,5V,31mm,6mm,41.58mm,11mm,28mm,3mm,41.13mm,1.5mm
4804,5V,31mm,6mm,41.58mm,10mm,28mm,3mm,41.13mm,2mm
4805,5V,31mm,6mm,41.58mm,10.5mm,28mm,3mm,41.13mm,2mm
4806,5V,31mm,6mm,41.58mm,11mm,28mm,3mm,41.13mm,2mm
5347,0V,31.5mm,6mm,41.58mm,10mm,28mm,3mm,41.13mm,1mm
5348,0V,31.5mm,6mm,41.58mm,10.5mm,28mm,3mm,41.13mm,1mm
5349,0V,31.5mm,6mm,41.58mm,11mm,28mm,3mm,41.13mm,1mm
5350,0V,31.5mm,6mm,41.58mm,10mm,28mm,3mm,41.13mm,1.5mm
5351,0V,31.5mm,6mm,41.58mm,10.5mm,28mm,3mm,41.13mm,1.5mm
5352,0V,31.5mm,6mm,41.58mm,11mm,28mm,3mm,41.13mm,1.5mm
5353,0V,31.5mm,6mm,41.58mm,10mm,28mm,3mm,41.13mm,2mm
5354,0V,31.5mm,6mm,41.58mm,10.5mm,28mm,3mm,41.13mm,2mm
5355,0V,31.5mm,6mm,41.58mm,11mm,28mm,3mm,41.13mm,2mm
5356,1V,31.5mm,6mm,41.58mm,10mm,28mm,3mm,41.13mm,1mm
5357,1V,31.5mm,6mm,41.58mm,10.5mm,28mm,3mm,41.13mm,1mm
5358,1V,31.5mm,6mm,41.58mm,11mm,28mm,3mm,41.13mm,1mm
5359,1V,31.5mm,6mm,41.58mm,10mm,28mm,3mm,41.13mm,1.5mm
5360,1V,31.5mm,6mm,41.58mm,10.5mm,28mm,3mm,41.13mm,1.5mm
5361,1V,31.5mm,6mm,41.58mm,11mm,28mm,3mm,41.13mm,1.5mm
5362,1V,31.5mm,6mm,41.58mm,10mm,28mm,3mm,41.13mm,2mm
5363,1V,31.5mm,6mm,41.58mm,10.5mm,28mm,3mm,41.13mm,2mm
5364,1V,31.5mm,6mm,41.58mm,11mm,28mm,3mm,41.13mm,2mm
5365,2V,31.5mm,6mm,41.58mm,10mm,28mm,3mm,41.13mm,1mm
5366,2V,31.5mm,6mm,41.58mm,10.5mm,28mm,3mm,41.13mm,1mm
5367,2V,31.5mm,6mm,41.58mm,11mm,28mm,3mm,41.13mm,1mm
5368,2V,31.5mm,6mm,41.58mm,10mm,28mm,3mm,41.13mm,1.5mm
5369,2V,31.5mm,6mm,41.58mm,10.5mm,28mm,3mm,41.13mm,1.5mm
5370,2V,31.5mm,6mm,41.58mm,11mm,28mm,3mm,41.13mm,1.5mm
5371,2V,31.5mm,6mm,41.58mm,10mm,28mm,3mm,41.13mm,2mm
5372,2V,31.5mm,6mm,41.58mm,10.5mm,28mm,3mm,41.13mm,2mm
5373,2V,31.5mm,6mm,41.58mm,11mm,28mm,3mm,41.13mm,2mm
5374,3V,31.5mm,6mm,41.58mm,10mm,28mm,3mm,41.13mm,1mm
5375,3V,31.5mm,6mm,41.58mm,10.5mm,28mm,3mm,41.13mm,1mm
5376,3V,31.5mm,6mm,41.58mm,11mm,28mm,3mm,41.13mm,1mm
5377,3V,31.5mm,6mm,41.58mm,10mm,28mm,3mm,41.13mm,1.5mm
5378,3V,31.5mm,6mm,41.58mm,10.5mm,28mm,3mm,41.13mm,1.5mm
5379,3V,31.5mm,6mm,41.58mm,11mm,28mm,3mm,41.13mm,1.5mm
5380,3V,31.5mm,6mm,41.58mm,10mm,28mm,3mm,41.13mm,2mm
5381,3V,31.5mm,6mm,41.58mm,10.5mm,28mm,3mm,41.13mm,2mm
5382,3V,31.5mm,6mm,41.58mm,11mm,28mm,3mm,41.13mm,2mm
5383,4V,31.5mm,6mm,41.58mm,10mm,28mm,3mm,41.13mm,1mm
5384,4V,31.5mm,6mm,41.58mm,10.5mm,28mm,3mm,41.13mm,1mm
5385,4V,31.5mm,6mm,41.58mm,11mm,28mm,3mm,41.13mm,1mm
5386,4V,31.5mm,6mm,41.58mm,10mm,28mm,3mm,41.13mm,1.5mm
5387,4V,31.5mm,6mm,41.58mm,10.5mm,28mm,3mm,41.13mm,1.5mm
5388,4V,31.5mm,6mm,41.58mm,11mm,28mm,3mm,41.13mm,1.5mm
5389,4V,31.5mm,6mm,41.58mm,10mm,28mm,3mm,41.13mm,2mm
5390,4V,31.5mm,6mm,41.58mm,10.5mm,28mm,3mm,41.13mm,2mm
5391,4V,31.5mm,6mm,41.58mm,11mm,28mm,3mm,41.13mm,2mm
5392,5V,31.5mm,6mm,41.58mm,10mm,28mm,3mm,41.13mm,1mm
5393,5V,31.5mm,6mm,41.58mm,10.5mm,28mm,3mm,41.13mm,1mm
5394,5V,31.5mm,6mm,41.58mm,11mm,28mm,3mm,41.13mm,1mm
5395,5V,31.5mm,6mm,41.58mm,10mm,28mm,3mm,41.13mm,1.5mm
5396,5V,31.5mm,6mm,41.58mm,10.5mm,28mm,3mm,41.13mm,1.5mm
5397,5V,31.5mm,6mm,41.58mm,11mm,28mm,3mm,41.13mm,1.5mm
5398,5V,31.5mm,6mm,41.58mm,10mm,28mm,3mm,41.13mm,2mm
5399,5V,31.5mm,6mm,41.58mm,10.5mm,28mm,3mm,41.13mm,2mm
5400,5V,31.5mm,6mm,41.58mm,11mm,28mm,3mm,41.13mm,2mm
5941,0V,32mm,6mm,41.58mm,10mm,28mm,3mm,41.13mm,1mm
5942,0V,32mm,6mm,41.58mm,10.5mm,28mm,3mm,41.13mm,1mm
5943,0V,32mm,6mm,41.58mm,11mm,28mm,3mm,41.13mm,1mm
5944,0V,32mm,6mm,41.58mm,10mm,28mm,3mm,41.13mm,1.5mm
5945,0V,32mm,6mm,41.58mm,10.5mm,28mm,3mm,41.13mm,1.5mm
5946,0V,32mm,6mm,41.58mm,11mm,28mm,3mm,41.13mm,1.5mm
5947,0V,32mm,6mm,41.58mm,10mm,28mm,3mm,41.13mm,2mm
5948,0V,32mm,6mm,41.58mm,10.5mm,28mm,3mm,41.13mm,2mm
5949,0V,32mm,6mm,41.58mm,11mm,28mm,3mm,41.13mm,2mm
5950,1V,32mm,6mm,41.58mm,10mm,28mm,3mm,41.13mm,1mm
5951,1V,32mm,6mm,41.58mm,10.5mm,28mm,3mm,41.13mm,1mm
5952,1V,32mm,6mm,41.58mm,11mm,28mm,3mm,41.13mm,1mm
5953,1V,32mm,6mm,41.58mm,10mm,28mm,3mm,41.13mm,1.5mm
5954,1V,32mm,6mm,41.58mm,10.5mm,28mm,3mm,41.13mm,1.5mm
5955,1V,32mm,6mm,41.58mm,11mm,28mm,3mm,41.13mm,1.5mm
5956,1V,32mm,6mm,41.58mm,10mm,28mm,3mm,41.13mm,2mm
5957,1V,32mm,6mm,41.58mm,10.5mm,28mm,3mm,41.13mm,2mm
5958,1V,32mm,6mm,41.58mm,11mm,28mm,3mm,41.13mm,2mm
5959,2V,32mm,6mm,41.58mm,10mm,28mm,3mm,41.13mm,1mm
5960,2V,32mm,6mm,41.58mm,10.5mm,28mm,3mm,41.13mm,1mm
5961,2V,32mm,6mm,41.58mm,11mm,28mm,3mm,41.13mm,1mm
5962,2V,32mm,6mm,41.58mm,10mm,28mm,3mm,41.13mm,1.5mm
5963,2V,32mm,6mm,41.58mm,10.5mm,28mm,3mm,41.13mm,1.5mm
5964,2V,32mm,6mm,41.58mm,11mm,28mm,3mm,41.13mm,1.5mm
5965,2V,32mm,6mm,41.58mm,10mm,28mm,3mm,41.13mm,2mm
5966,2V,32mm,6mm,41.58mm,10.5mm,28mm,3mm,41.13mm,2mm
5967,2V,32mm,6mm,41.58mm,11mm,28mm,3mm,41.13mm,2mm
5968,3V,32mm,6mm,41.58mm,10mm,28mm,3mm,41.13mm,1mm
5969,3V,32mm,6mm,41.58mm,10.5mm,28mm,3mm,41.13mm,1mm
5970,3V,32mm,6mm,41.58mm,11mm,28mm,3mm,41.13mm,1mm
5971,3V,32mm,6mm,41.58mm,10mm,28mm,3mm,41.13mm,1.5mm
5972,3V,32mm,6mm,41.58mm,10.5mm,28mm,3mm,41.13mm,1.5mm
5973,3V,32mm,6mm,41.58mm,11mm,28mm,3mm,41.13mm,1.5mm
5974,3V,32mm,6mm,41.58mm,10mm,28mm,3mm,41.13mm,2mm
5975,3V,32mm,6mm,41.58mm,10.5mm,28mm,3mm,41.13mm,2mm
5976,3V,32mm,6mm,41.58mm,11mm,28mm,3mm,41.13mm,2mm
5977,4V,32mm,6mm,41.58mm,10mm,28mm,3mm,41.13mm,1mm
5978,4V,32mm,6mm,41.58mm,10.5mm,28mm,3mm,41.13mm,1mm
5979,4V,32mm,6mm,41.58mm,11mm,28mm,3mm,41.13mm,1mm
5980,4V,32mm,6mm,41.58mm,10mm,28mm,3mm,41.13mm,1.5mm
5981,4V,32mm,6mm,41.58mm,10.5mm,28mm,3mm,41.13mm,1.5mm
5982,4V,32mm,6mm,41.58mm,11mm,28mm,3mm,41.13mm,1.5mm
5983,4V,32mm,6mm,41.58mm,10mm,28mm,3mm,41.13mm,2mm
5984,4V,32mm,6mm,41.58mm,10.5mm,28mm,3mm,41.13mm,2mm
5985,4V,32mm,6mm,41.58mm,11mm,28mm,3mm,41.13mm,2mm
5986,5V,32mm,6mm,41.58mm,10mm,28mm,3mm,41.13mm,1mm
5987,5V,32mm,6mm,41.58mm,10.5mm,28mm,3mm,41.13mm,1mm
5988,5V,32mm,6mm,41.58mm,11mm,28mm,3mm,41.13mm,1mm
5989,5V,32mm,6mm,41.58mm,10mm,28mm,3mm,41.13mm,1.5mm
5990,5V,32mm,6mm,41.58mm,10.5mm,28mm,3mm,41.13mm,1.5mm
5991,5V,32mm,6mm,41.58mm,11mm,28mm,3mm,41.13mm,1.5mm
5992,5V,32mm,6mm,41.58mm,10mm,28mm,3mm,41.13mm,2mm
5993,5V,32mm,6mm,41.58mm,10.5mm,28mm,3mm,41.13mm,2mm
5994,5V,32mm,6mm,41.58mm,11mm,28mm,3mm,41.13mm,2mm
55,0V,27mm,6mm,41.58mm,10mm,28.5mm,3mm,41.13mm,1mm
56,0V,27mm,6mm,41.58mm,10.5mm,28.5mm,3mm,41.13mm,1mm
57,0V,27mm,6mm,41.58mm,11mm,28.5mm,3mm,41.13mm,1mm
58,0V,27mm,6mm,41.58mm,10mm,28.5mm,3mm,41.13mm,1.5mm
59,0V,27mm,6mm,41.58mm,10.5mm,28.5mm,3mm,41.13mm,1.5mm
60,0V,27mm,6mm,41.58mm,11mm,28.5mm,3mm,41.13mm,1.5mm
61,0V,27mm,6mm,41.58mm,10mm,28.5mm,3mm,41.13mm,2mm
62,0V,27mm,6mm,41.58mm,10.5mm,28.5mm,3mm,41.13mm,2mm
63,0V,27mm,6mm,41.58mm,11mm,28.5mm,3mm,41.13mm,2mm
64,1V,27mm,6mm,41.58mm,10mm,28.5mm,3mm,41.13mm,1mm
65,1V,27mm,6mm,41.58mm,10.5mm,28.5mm,3mm,41.13mm,1mm
66,1V,27mm,6mm,41.58mm,11mm,28.5mm,3mm,41.13mm,1mm
67,1V,27mm,6mm,41.58mm,10mm,28.5mm,3mm,41.13mm,1.5mm
68,1V,27mm,6mm,41.58mm,10.5mm,28.5mm,3mm,41.13mm,1.5mm
69,1V,27mm,6mm,41.58mm,11mm,28.5mm,3mm,41.13mm,1.5mm
70,1V,27mm,6mm,41.58mm,10mm,28.5mm,3mm,41.13mm,2mm
71,1V,27mm,6mm,41.58mm,10.5mm,28.5mm,3mm,41.13mm,2mm
72,1V,27mm,6mm,41.58mm,11mm,28.5mm,3mm,41.13mm,2mm
73,2V,27mm,6mm,41.58mm,10mm,28.5mm,3mm,41.13mm,1mm
74,2V,27mm,6mm,41.58mm,10.5mm,28.5mm,3mm,41.13mm,1mm
75,2V,27mm,6mm,41.58mm,11mm,28.5mm,3mm,41.13mm,1mm
76,2V,27mm,6mm,41.58mm,10mm,28.5mm,3mm,41.13mm,1.5mm
77,2V,27mm,6mm,41.58mm,10.5mm,28.5mm,3mm,41.13mm,1.5mm
78,2V,27mm,6mm,41.58mm,11mm,28.5mm,3mm,41.13mm,1.5mm
79,2V,27mm,6mm,41.58mm,10mm,28.5mm,3mm,41.13mm,2mm
80,2V,27mm,6mm,41.58mm,10.5mm,28.5mm,3mm,41.13mm,2mm
81,2V,27mm,6mm,41.58mm,11mm,28.5mm,3mm,41.13mm,2mm
82,3V,27mm,6mm,41.58mm,10mm,28.5mm,3mm,41.13mm,1mm
83,3V,27mm,6mm,41.58mm,10.5mm,28.5mm,3mm,41.13mm,1mm
84,3V,27mm,6mm,41.58mm,11mm,28.5mm,3mm,41.13mm,1mm
85,3V,27mm,6mm,41.58mm,10mm,28.5mm,3mm,41.13mm,1.5mm
86,3V,27mm,6mm,41.58mm,10.5mm,28.5mm,3mm,41.13mm,1.5mm
87,3V,27mm,6mm,41.58mm,11mm,28.5mm,3mm,41.13mm,1.5mm
88,3V,27mm,6mm,41.58mm,10mm,28.5mm,3mm,41.13mm,2mm
89,3V,27mm,6mm,41.58mm,10.5mm,28.5mm,3mm,41.13mm,2mm
90,3V,27mm,6mm,41.58mm,11mm,28.5mm,3mm,41.13mm,2mm
91,4V,27mm,6mm,41.58mm,10mm,28.5mm,3mm,41.13mm,1mm
92,4V,27mm,6mm,41.58mm,10.5mm,28.5mm,3mm,41.13mm,1mm
93,4V,27mm,6mm,41.58mm,11mm,28.5mm,3mm,41.13mm,1mm
94,4V,27mm,6mm,41.58mm,10mm,28.5mm,3mm,41.13mm,1.5mm
95,4V,27mm,6mm,41.58mm,10.5mm,28.5mm,3mm,41.13mm,1.5mm
96,4V,27mm,6mm,41.58mm,11mm,28.5mm,3mm,41.13mm,1.5mm
97,4V,27mm,6mm,41.58mm,10mm,28.5mm,3mm,41.13mm,2mm
98,4V,27mm,6mm,41.58mm,10.5mm,28.5mm,3mm,41.13mm,2mm
99,4V,27mm,6mm,41.58mm,11mm,28.5mm,3mm,41.13mm,2mm
100,5V,27mm,6mm,41.58mm,10mm,28.5mm,3mm,41.13mm,1mm
101,5V,27mm,6mm,41.58mm,10.5mm,28.5mm,3mm,41.13mm,1mm
102,5V,27mm,6mm,41.58mm,11mm,28.5mm,3mm,41.13mm,1mm
103,5V,27mm,6mm,41.58mm,10mm,28.5mm,3mm,41.13mm,1.5mm
104,5V,27mm,6mm,41.58mm,10.5mm,28.5mm,3mm,41.13mm,1.5mm
105,5V,27mm,6mm,41.58mm,11mm,28.5mm,3mm,41.13mm,1.5mm
106,5V,27mm,6mm,41.58mm,10mm,28.5mm,3mm,41.13mm,2mm
107,5V,27mm,6mm,41.58mm,10.5mm,28.5mm,3mm,41.13mm,2mm
108,5V,27mm,6mm,41.58mm,11mm,28.5mm,3mm,41.13mm,2mm
649,0V,27.5mm,6mm,41.58mm,10mm,28.5mm,3mm,41.13mm,1mm
650,0V,27.5mm,6mm,41.58mm,10.5mm,28.5mm,3mm,41.13mm,1mm
651,0V,27.5mm,6mm,41.58mm,11mm,28.5mm,3mm,41.13mm,1mm
652,0V,27.5mm,6mm,41.58mm,10mm,28.5mm,3mm,41.13mm,1.5mm
653,0V,27.5mm,6mm,41.58mm,10.5mm,28.5mm,3mm,41.13mm,1.5mm
654,0V,27.5mm,6mm,41.58mm,11mm,28.5mm,3mm,41.13mm,1.5mm
655,0V,27.5mm,6mm,41.58mm,10mm,28.5mm,3mm,41.13mm,2mm
656,0V,27.5mm,6mm,41.58mm,10.5mm,28.5mm,3mm,41.13mm,2mm
657,0V,27.5mm,6mm,41.58mm,11mm,28.5mm,3mm,41.13mm,2mm
658,1V,27.5mm,6mm,41.58mm,10mm,28.5mm,3mm,41.13mm,1mm
659,1V,27.5mm,6mm,41.58mm,10.5mm,28.5mm,3mm,41.13mm,1mm
660,1V,27.5mm,6mm,41.58mm,11mm,28.5mm,3mm,41.13mm,1mm
661,1V,27.5mm,6mm,41.58mm,10mm,28.5mm,3mm,41.13mm,1.5mm
662,1V,27.5mm,6mm,41.58mm,10.5mm,28.5mm,3mm,41.13mm,1.5mm
663,1V,27.5mm,6mm,41.58mm,11mm,28.5mm,3mm,41.13mm,1.5mm
664,1V,27.5mm,6mm,41.58mm,10mm,28.5mm,3mm,41.13mm,2mm
665,1V,27.5mm,6mm,41.58mm,10.5mm,28.5mm,3mm,41.13mm,2mm
666,1V,27.5mm,6mm,41.58mm,11mm,28.5mm,3mm,41.13mm,2mm
667,2V,27.5mm,6mm,41.58mm,10mm,28.5mm,3mm,41.13mm,1mm
668,2V,27.5mm,6mm,41.58mm,10.5mm,28.5mm,3mm,41.13mm,1mm
669,2V,27.5mm,6mm,41.58mm,11mm,28.5mm,3mm,41.13mm,1mm
670,2V,27.5mm,6mm,41.58mm,10mm,28.5mm,3mm,41.13mm,1.5mm
671,2V,27.5mm,6mm,41.58mm,10.5mm,28.5mm,3mm,41.13mm,1.5mm
672,2V,27.5mm,6mm,41.58mm,11mm,28.5mm,3mm,41.13mm,1.5mm
673,2V,27.5mm,6mm,41.58mm,10mm,28.5mm,3mm,41.13mm,2mm
674,2V,27.5mm,6mm,41.58mm,10.5mm,28.5mm,3mm,41.13mm,2mm
675,2V,27.5mm,6mm,41.58mm,11mm,28.5mm,3mm,41.13mm,2mm
676,3V,27.5mm,6mm,41.58mm,10mm,28.5mm,3mm,41.13mm,1mm
677,3V,27.5mm,6mm,41.58mm,10.5mm,28.5mm,3mm,41.13mm,1mm
678,3V,27.5mm,6mm,41.58mm,11mm,28.5mm,3mm,41.13mm,1mm
679,3V,27.5mm,6mm,41.58mm,10mm,28.5mm,3mm,41.13mm,1.5mm
680,3V,27.5mm,6mm,41.58mm,10.5mm,28.5mm,3mm,41.13mm,1.5mm
681,3V,27.5mm,6mm,41.58mm,11mm,28.5mm,3mm,41.13mm,1.5mm
682,3V,27.5mm,6mm,41.58mm,10mm,28.5mm,3mm,41.13mm,2mm
683,3V,27.5mm,6mm,41.58mm,10.5mm,28.5mm,3mm,41.13mm,2mm
684,3V,27.5mm,6mm,41.58mm,11mm,28.5mm,3mm,41.13mm,2mm
685,4V,27.5mm,6mm,41.58mm,10mm,28.5mm,3mm,41.13mm,1mm
686,4V,27.5mm,6mm,41.58mm,10.5mm,28.5mm,3mm,41.13mm,1mm
687,4V,27.5mm,6mm,41.58mm,11mm,28.5mm,3mm,41.13mm,1mm
688,4V,27.5mm,6mm,41.58mm,10mm,28.5mm,3mm,41.13mm,1.5mm
689,4V,27.5mm,6mm,41.58mm,10.5mm,28.5mm,3mm,41.13mm,1.5mm
690,4V,27.5mm,6mm,41.58mm,11mm,28.5mm,3mm,41.13mm,1.5mm
691,4V,27.5mm,6mm,41.58mm,10mm,28.5mm,3mm,41.13mm,2mm
692,4V,27.5mm,6mm,41.58mm,10.5mm,28.5mm,3mm,41.13mm,2mm
693,4V,27.5mm,6mm,41.58mm,11mm,28.5mm,3mm,41.13mm,2mm
694,5V,27.5mm,6mm,41.58mm,10mm,28.5mm,3mm,41.13mm,1mm
695,5V,27.5mm,6mm,41.58mm,10.5mm,28.5mm,3mm,41.13mm,1mm
696,5V,27.5mm,6mm,41.58mm,11mm,28.5mm,3mm,41.13mm,1mm
697,5V,27.5mm,6mm,41.58mm,10mm,28.5mm,3mm,41.13mm,1.5mm
698,5V,27.5mm,6mm,41.58mm,10.5mm,28.5mm,3mm,41.13mm,1.5mm
699,5V,27.5mm,6mm,41.58mm,11mm,28.5mm,3mm,41.13mm,1.5mm
700,5V,27.5mm,6mm,41.58mm,10mm,28.5mm,3mm,41.13mm,2mm
701,5V,27.5mm,6mm,41.58mm,10.5mm,28.5mm,3mm,41.13mm,2mm
702,5V,27.5mm,6mm,41.58mm,11mm,28.5mm,3mm,41.13mm,2mm
1243,0V,28mm,6mm,41.58mm,10mm,28.5mm,3mm,41.13mm,1mm
1244,0V,28mm,6mm,41.58mm,10.5mm,28.5mm,3mm,41.13mm,1mm
1245,0V,28mm,6mm,41.58mm,11mm,28.5mm,3mm,41.13mm,1mm
1246,0V,28mm,6mm,41.58mm,10mm,28.5mm,3mm,41.13mm,1.5mm
1247,0V,28mm,6mm,41.58mm,10.5mm,28.5mm,3mm,41.13mm,1.5mm
1248,0V,28mm,6mm,41.58mm,11mm,28.5mm,3mm,41.13mm,1.5mm
1249,0V,28mm,6mm,41.58mm,10mm,28.5mm,3mm,41.13mm,2mm
1250,0V,28mm,6mm,41.58mm,10.5mm,28.5mm,3mm,41.13mm,2mm
1251,0V,28mm,6mm,41.58mm,11mm,28.5mm,3mm,41.13mm,2mm
1252,1V,28mm,6mm,41.58mm,10mm,28.5mm,3mm,41.13mm,1mm
1253,1V,28mm,6mm,41.58mm,10.5mm,28.5mm,3mm,41.13mm,1mm
1254,1V,28mm,6mm,41.58mm,11mm,28.5mm,3mm,41.13mm,1mm
1255,1V,28mm,6mm,41.58mm,10mm,28.5mm,3mm,41.13mm,1.5mm
1256,1V,28mm,6mm,41.58mm,10.5mm,28.5mm,3mm,41.13mm,1.5mm
1257,1V,28mm,6mm,41.58mm,11mm,28.5mm,3mm,41.13mm,1.5mm
1258,1V,28mm,6mm,41.58mm,10mm,28.5mm,3mm,41.13mm,2mm
1259,1V,28mm,6mm,41.58mm,10.5mm,28.5mm,3mm,41.13mm,2mm
1260,1V,28mm,6mm,41.58mm,11mm,28.5mm,3mm,41.13mm,2mm
1261,2V,28mm,6mm,41.58mm,10mm,28.5mm,3mm,41.13mm,1mm
1262,2V,28mm,6mm,41.58mm,10.5mm,28.5mm,3mm,41.13mm,1mm
1263,2V,28mm,6mm,41.58mm,11mm,28.5mm,3mm,41.13mm,1mm
1264,2V,28mm,6mm,41.58mm,10mm,28.5mm,3mm,41.13mm,1.5mm
1265,2V,28mm,6mm,41.58mm,10.5mm,28.5mm,3mm,41.13mm,1.5mm
1266,2V,28mm,6mm,41.58mm,11mm,28.5mm,3mm,41.13mm,1.5mm
1267,2V,28mm,6mm,41.58mm,10mm,28.5mm,3mm,41.13mm,2mm
1268,2V,28mm,6mm,41.58mm,10.5mm,28.5mm,3mm,41.13mm,2mm
1269,2V,28mm,6mm,41.58mm,11mm,28.5mm,3mm,41.13mm,2mm
1270,3V,28mm,6mm,41.58mm,10mm,28.5mm,3mm,41.13mm,1mm
1271,3V,28mm,6mm,41.58mm,10.5mm,28.5mm,3mm,41.13mm,1mm
1272,3V,28mm,6mm,41.58mm,11mm,28.5mm,3mm,41.13mm,1mm
1273,3V,28mm,6mm,41.58mm,10mm,28.5mm,3mm,41.13mm,1.5mm
1274,3V,28mm,6mm,41.58mm,10.5mm,28.5mm,3mm,41.13mm,1.5mm
1275,3V,28mm,6mm,41.58mm,11mm,28.5mm,3mm,41.13mm,1.5mm
1276,3V,28mm,6mm,41.58mm,10mm,28.5mm,3mm,41.13mm,2mm
1277,3V,28mm,6mm,41.58mm,10.5mm,28.5mm,3mm,41.13mm,2mm
1278,3V,28mm,6mm,41.58mm,11mm,28.5mm,3mm,41.13mm,2mm
1279,4V,28mm,6mm,41.58mm,10mm,28.5mm,3mm,41.13mm,1mm
1280,4V,28mm,6mm,41.58mm,10.5mm,28.5mm,3mm,41.13mm,1mm
1281,4V,28mm,6mm,41.58mm,11mm,28.5mm,3mm,41.13mm,1mm
1282,4V,28mm,6mm,41.58mm,10mm,28.5mm,3mm,41.13mm,1.5mm
1283,4V,28mm,6mm,41.58mm,10.5mm,28.5mm,3mm,41.13mm,1.5mm
1284,4V,28mm,6mm,41.58mm,11mm,28.5mm,3mm,41.13mm,1.5mm
1285,4V,28mm,6mm,41.58mm,10mm,28.5mm,3mm,41.13mm,2mm
1286,4V,28mm,6mm,41.58mm,10.5mm,28.5mm,3mm,41.13mm,2mm
1287,4V,28mm,6mm,41.58mm,11mm,28.5mm,3mm,41.13mm,2mm
1288,5V,28mm,6mm,41.58mm,10mm,28.5mm,3mm,41.13mm,1mm
1289,5V,28mm,6mm,41.58mm,10.5mm,28.5mm,3mm,41.13mm,1mm
1290,5V,28mm,6mm,41.58mm,11mm,28.5mm,3mm,41.13mm,1mm
1291,5V,28mm,6mm,41.58mm,10mm,28.5mm,3mm,41.13mm,1.5mm
1292,5V,28mm,6mm,41.58mm,10.5mm,28.5mm,3mm,41.13mm,1.5mm
1293,5V,28mm,6mm,41.58mm,11mm,28.5mm,3mm,41.13mm,1.5mm
1294,5V,28mm,6mm,41.58mm,10mm,28.5mm,3mm,41.13mm,2mm
1295,5V,28mm,6mm,41.58mm,10.5mm,28.5mm,3mm,41.13mm,2mm
1296,5V,28mm,6mm,41.58mm,11mm,28.5mm,3mm,41.13mm,2mm
1837,0V,28.5mm,6mm,41.58mm,10mm,28.5mm,3mm,41.13mm,1mm
1838,0V,28.5mm,6mm,41.58mm,10.5mm,28.5mm,3mm,41.13mm,1mm
1839,0V,28.5mm,6mm,41.58mm,11mm,28.5mm,3mm,41.13mm,1mm
1840,0V,28.5mm,6mm,41.58mm,10mm,28.5mm,3mm,41.13mm,1.5mm
1841,0V,28.5mm,6mm,41.58mm,10.5mm,28.5mm,3mm,41.13mm,1.5mm
1842,0V,28.5mm,6mm,41.58mm,11mm,28.5mm,3mm,41.13mm,1.5mm
1843,0V,28.5mm,6mm,41.58mm,10mm,28.5mm,3mm,41.13mm,2mm
1844,0V,28.5mm,6mm,41.58mm,10.5mm,28.5mm,3mm,41.13mm,2mm
1845,0V,28.5mm,6mm,41.58mm,11mm,28.5mm,3mm,41.13mm,2mm
1846,1V,28.5mm,6mm,41.58mm,10mm,28.5mm,3mm,41.13mm,1mm
1847,1V,28.5mm,6mm,41.58mm,10.5mm,28.5mm,3mm,41.13mm,1mm
1848,1V,28.5mm,6mm,41.58mm,11mm,28.5mm,3mm,41.13mm,1mm
1849,1V,28.5mm,6mm,41.58mm,10mm,28.5mm,3mm,41.13mm,1.5mm
1850,1V,28.5mm,6mm,41.58mm,10.5mm,28.5mm,3mm,41.13mm,1.5mm
1851,1V,28.5mm,6mm,41.58mm,11mm,28.5mm,3mm,41.13mm,1.5mm
1852,1V,28.5mm,6mm,41.58mm,10mm,28.5mm,3mm,41.13mm,2mm
1853,1V,28.5mm,6mm,41.58mm,10.5mm,28.5mm,3mm,41.13mm,2mm
1854,1V,28.5mm,6mm,41.58mm,11mm,28.5mm,3mm,41.13mm,2mm
1855,2V,28.5mm,6mm,41.58mm,10mm,28.5mm,3mm,41.13mm,1mm
1856,2V,28.5mm,6mm,41.58mm,10.5mm,28.5mm,3mm,41.13mm,1mm
1857,2V,28.5mm,6mm,41.58mm,11mm,28.5mm,3mm,41.13mm,1mm
1858,2V,28.5mm,6mm,41.58mm,10mm,28.5mm,3mm,41.13mm,1.5mm
1859,2V,28.5mm,6mm,41.58mm,10.5mm,28.5mm,3mm,41.13mm,1.5mm
1860,2V,28.5mm,6mm,41.58mm,11mm,28.5mm,3mm,41.13mm,1.5mm
1861,2V,28.5mm,6mm,41.58mm,10mm,28.5mm,3mm,41.13mm,2mm
1862,2V,28.5mm,6mm,41.58mm,10.5mm,28.5mm,3mm,41.13mm,2mm
1863,2V,28.5mm,6mm,41.58mm,11mm,28.5mm,3mm,41.13mm,2mm
1864,3V,28.5mm,6mm,41.58mm,10mm,28.5mm,3mm,41.13mm,1mm
1865,3V,28.5mm,6mm,41.58mm,10.5mm,28.5mm,3mm,41.13mm,1mm
1866,3V,28.5mm,6mm,41.58mm,11mm,28.5mm,3mm,41.13mm,1mm
1867,3V,28.5mm,6mm,41.58mm,10mm,28.5mm,3mm,41.13mm,1.5mm
1868,3V,28.5mm,6mm,41.58mm,10.5mm,28.5mm,3mm,41.13mm,1.5mm
1869,3V,28.5mm,6mm,41.58mm,11mm,28.5mm,3mm,41.13mm,1.5mm
1870,3V,28.5mm,6mm,41.58mm,10mm,28.5mm,3mm,41.13mm,2mm
1871,3V,28.5mm,6mm,41.58mm,10.5mm,28.5mm,3mm,41.13mm,2mm
1872,3V,28.5mm,6mm,41.58mm,11mm,28.5mm,3mm,41.13mm,2mm
1873,4V,28.5mm,6mm,41.58mm,10mm,28.5mm,3mm,41.13mm,1mm
1874,4V,28.5mm,6mm,41.58mm,10.5mm,28.5mm,3mm,41.13mm,1mm
1875,4V,28.5mm,6mm,41.58mm,11mm,28.5mm,3mm,41.13mm,1mm
1876,4V,28.5mm,6mm,41.58mm,10mm,28.5mm,3mm,41.13mm,1.5mm
1877,4V,28.5mm,6mm,41.58mm,10.5mm,28.5mm,3mm,41.13mm,1.5mm
1878,4V,28.5mm,6mm,41.58mm,11mm,28.5mm,3mm,41.13mm,1.5mm
1879,4V,28.5mm,6mm,41.58mm,10mm,28.5mm,3mm,41.13mm,2mm
1880,4V,28.5mm,6mm,41.58mm,10.5mm,28.5mm,3mm,41.13mm,2mm
1881,4V,28.5mm,6mm,41.58mm,11mm,28.5mm,3mm,41.13mm,2mm
1882,5V,28.5mm,6mm,41.58mm,10mm,28.5mm,3mm,41.13mm,1mm
1883,5V,28.5mm,6mm,41.58mm,10.5mm,28.5mm,3mm,41.13mm,1mm
1884,5V,28.5mm,6mm,41.58mm,11mm,28.5mm,3mm,41.13mm,1mm
1885,5V,28.5mm,6mm,41.58mm,10mm,28.5mm,3mm,41.13mm,1.5mm
1886,5V,28.5mm,6mm,41.58mm,10.5mm,28.5mm,3mm,41.13mm,1.5mm
1887,5V,28.5mm,6mm,41.58mm,11mm,28.5mm,3mm,41.13mm,1.5mm
1888,5V,28.5mm,6mm,41.58mm,10mm,28.5mm,3mm,41.13mm,2mm
1889,5V,28.5mm,6mm,41.58mm,10.5mm,28.5mm,3mm,41.13mm,2mm
1890,5V,28.5mm,6mm,41.58mm,11mm,28.5mm,3mm,41.13mm,2mm
2431,0V,29mm,6mm,41.58mm,10mm,28.5mm,3mm,41.13mm,1mm
2432,0V,29mm,6mm,41.58mm,10.5mm,28.5mm,3mm,41.13mm,1mm
2433,0V,29mm,6mm,41.58mm,11mm,28.5mm,3mm,41.13mm,1mm
2434,0V,29mm,6mm,41.58mm,10mm,28.5mm,3mm,41.13mm,1.5mm
2435,0V,29mm,6mm,41.58mm,10.5mm,28.5mm,3mm,41.13mm,1.5mm
2436,0V,29mm,6mm,41.58mm,11mm,28.5mm,3mm,41.13mm,1.5mm
2437,0V,29mm,6mm,41.58mm,10mm,28.5mm,3mm,41.13mm,2mm
2438,0V,29mm,6mm,41.58mm,10.5mm,28.5mm,3mm,41.13mm,2mm
2439,0V,29mm,6mm,41.58mm,11mm,28.5mm,3mm,41.13mm,2mm
2440,1V,29mm,6mm,41.58mm,10mm,28.5mm,3mm,41.13mm,1mm
2441,1V,29mm,6mm,41.58mm,10.5mm,28.5mm,3mm,41.13mm,1mm
2442,1V,29mm,6mm,41.58mm,11mm,28.5mm,3mm,41.13mm,1mm
2443,1V,29mm,6mm,41.58mm,10mm,28.5mm,3mm,41.13mm,1.5mm
2444,1V,29mm,6mm,41.58mm,10.5mm,28.5mm,3mm,41.13mm,1.5mm
2445,1V,29mm,6mm,41.58mm,11mm,28.5mm,3mm,41.13mm,1.5mm
2446,1V,29mm,6mm,41.58mm,10mm,28.5mm,3mm,41.13mm,2mm
2447,1V,29mm,6mm,41.58mm,10.5mm,28.5mm,3mm,41.13mm,2mm
2448,1V,29mm,6mm,41.58mm,11mm,28.5mm,3mm,41.13mm,2mm
2449,2V,29mm,6mm,41.58mm,10mm,28.5mm,3mm,41.13mm,1mm
2450,2V,29mm,6mm,41.58mm,10.5mm,28.5mm,3mm,41.13mm,1mm
2451,2V,29mm,6mm,41.58mm,11mm,28.5mm,3mm,41.13mm,1mm
2452,2V,29mm,6mm,41.58mm,10mm,28.5mm,3mm,41.13mm,1.5mm
2453,2V,29mm,6mm,41.58mm,10.5mm,28.5mm,3mm,41.13mm,1.5mm
2454,2V,29mm,6mm,41.58mm,11mm,28.5mm,3mm,41.13mm,1.5mm
2455,2V,29mm,6mm,41.58mm,10mm,28.5mm,3mm,41.13mm,2mm
2456,2V,29mm,6mm,41.58mm,10.5mm,28.5mm,3mm,41.13mm,2mm
2457,2V,29mm,6mm,41.58mm,11mm,28.5mm,3mm,41.13mm,2mm
2458,3V,29mm,6mm,41.58mm,10mm,28.5mm,3mm,41.13mm,1mm
2459,3V,29mm,6mm,41.58mm,10.5mm,28.5mm,3mm,41.13mm,1mm
2460,3V,29mm,6mm,41.58mm,11mm,28.5mm,3mm,41.13mm,1mm
2461,3V,29mm,6mm,41.58mm,10mm,28.5mm,3mm,41.13mm,1.5mm
2462,3V,29mm,6mm,41.58mm,10.5mm,28.5mm,3mm,41.13mm,1.5mm
2463,3V,29mm,6mm,41.58mm,11mm,28.5mm,3mm,41.13mm,1.5mm
2464,3V,29mm,6mm,41.58mm,10mm,28.5mm,3mm,41.13mm,2mm
2465,3V,29mm,6mm,41.58mm,10.5mm,28.5mm,3mm,41.13mm,2mm
2466,3V,29mm,6mm,41.58mm,11mm,28.5mm,3mm,41.13mm,2mm
2467,4V,29mm,6mm,41.58mm,10mm,28.5mm,3mm,41.13mm,1mm
2468,4V,29mm,6mm,41.58mm,10.5mm,28.5mm,3mm,41.13mm,1mm
2469,4V,29mm,6mm,41.58mm,11mm,28.5mm,3mm,41.13mm,1mm
2470,4V,29mm,6mm,41.58mm,10mm,28.5mm,3mm,41.13mm,1.5mm
2471,4V,29mm,6mm,41.58mm,10.5mm,28.5mm,3mm,41.13mm,1.5mm
2472,4V,29mm,6mm,41.58mm,11mm,28.5mm,3mm,41.13mm,1.5mm
2473,4V,29mm,6mm,41.58mm,10mm,28.5mm,3mm,41.13mm,2mm
2474,4V,29mm,6mm,41.58mm,10.5mm,28.5mm,3mm,41.13mm,2mm
2475,4V,29mm,6mm,41.58mm,11mm,28.5mm,3mm,41.13mm,2mm
2476,5V,29mm,6mm,41.58mm,10mm,28.5mm,3mm,41.13mm,1mm
2477,5V,29mm,6mm,41.58mm,10.5mm,28.5mm,3mm,41.13mm,1mm
2478,5V,29mm,6mm,41.58mm,11mm,28.5mm,3mm,41.13mm,1mm
2479,5V,29mm,6mm,41.58mm,10mm,28.5mm,3mm,41.13mm,1.5mm
2480,5V,29mm,6mm,41.58mm,10.5mm,28.5mm,3mm,41.13mm,1.5mm
2481,5V,29mm,6mm,41.58mm,11mm,28.5mm,3mm,41.13mm,1.5mm
2482,5V,29mm,6mm,41.58mm,10mm,28.5mm,3mm,41.13mm,2mm
2483,5V,29mm,6mm,41.58mm,10.5mm,28.5mm,3mm,41.13mm,2mm
2484,5V,29mm,6mm,41.58mm,11mm,28.5mm,3mm,41.13mm,2mm
3025,0V,29.5mm,6mm,41.58mm,10mm,28.5mm,3mm,41.13mm,1mm
3026,0V,29.5mm,6mm,41.58mm,10.5mm,28.5mm,3mm,41.13mm,1mm
3027,0V,29.5mm,6mm,41.58mm,11mm,28.5mm,3mm,41.13mm,1mm
3028,0V,29.5mm,6mm,41.58mm,10mm,28.5mm,3mm,41.13mm,1.5mm
3029,0V,29.5mm,6mm,41.58mm,10.5mm,28.5mm,3mm,41.13mm,1.5mm
3030,0V,29.5mm,6mm,41.58mm,11mm,28.5mm,3mm,41.13mm,1.5mm
3031,0V,29.5mm,6mm,41.58mm,10mm,28.5mm,3mm,41.13mm,2mm
3032,0V,29.5mm,6mm,41.58mm,10.5mm,28.5mm,3mm,41.13mm,2mm
3033,0V,29.5mm,6mm,41.58mm,11mm,28.5mm,3mm,41.13mm,2mm
3034,1V,29.5mm,6mm,41.58mm,10mm,28.5mm,3mm,41.13mm,1mm
3035,1V,29.5mm,6mm,41.58mm,10.5mm,28.5mm,3mm,41.13mm,1mm
3036,1V,29.5mm,6mm,41.58mm,11mm,28.5mm,3mm,41.13mm,1mm
3037,1V,29.5mm,6mm,41.58mm,10mm,28.5mm,3mm,41.13mm,1.5mm
3038,1V,29.5mm,6mm,41.58mm,10.5mm,28.5mm,3mm,41.13mm,1.5mm
3039,1V,29.5mm,6mm,41.58mm,11mm,28.5mm,3mm,41.13mm,1.5mm
3040,1V,29.5mm,6mm,41.58mm,10mm,28.5mm,3mm,41.13mm,2mm
3041,1V,29.5mm,6mm,41.58mm,10.5mm,28.5mm,3mm,41.13mm,2mm
3042,1V,29.5mm,6mm,41.58mm,11mm,28.5mm,3mm,41.13mm,2mm
3043,2V,29.5mm,6mm,41.58mm,10mm,28.5mm,3mm,41.13mm,1mm
3044,2V,29.5mm,6mm,41.58mm,10.5mm,28.5mm,3mm,41.13mm,1mm
3045,2V,29.5mm,6mm,41.58mm,11mm,28.5mm,3mm,41.13mm,1mm
3046,2V,29.5mm,6mm,41.58mm,10mm,28.5mm,3mm,41.13mm,1.5mm
3047,2V,29.5mm,6mm,41.58mm,10.5mm,28.5mm,3mm,41.13mm,1.5mm
3048,2V,29.5mm,6mm,41.58mm,11mm,28.5mm,3mm,41.13mm,1.5mm
3049,2V,29.5mm,6mm,41.58mm,10mm,28.5mm,3mm,41.13mm,2mm
3050,2V,29.5mm,6mm,41.58mm,10.5mm,28.5mm,3mm,41.13mm,2mm
3051,2V,29.5mm,6mm,41.58mm,11mm,28.5mm,3mm,41.13mm,2mm
3052,3V,29.5mm,6mm,41.58mm,10mm,28.5mm,3mm,41.13mm,1mm
3053,3V,29.5mm,6mm,41.58mm,10.5mm,28.5mm,3mm,41.13mm,1mm
3054,3V,29.5mm,6mm,41.58mm,11mm,28.5mm,3mm,41.13mm,1mm
3055,3V,29.5mm,6mm,41.58mm,10mm,28.5mm,3mm,41.13mm,1.5mm
3056,3V,29.5mm,6mm,41.58mm,10.5mm,28.5mm,3mm,41.13mm,1.5mm
3057,3V,29.5mm,6mm,41.58mm,11mm,28.5mm,3mm,41.13mm,1.5mm
3058,3V,29.5mm,6mm,41.58mm,10mm,28.5mm,3mm,41.13mm,2mm
3059,3V,29.5mm,6mm,41.58mm,10.5mm,28.5mm,3mm,41.13mm,2mm
3060,3V,29.5mm,6mm,41.58mm,11mm,28.5mm,3mm,41.13mm,2mm
3061,4V,29.5mm,6mm,41.58mm,10mm,28.5mm,3mm,41.13mm,1mm
3062,4V,29.5mm,6mm,41.58mm,10.5mm,28.5mm,3mm,41.13mm,1mm
3063,4V,29.5mm,6mm,41.58mm,11mm,28.5mm,3mm,41.13mm,1mm
3064,4V,29.5mm,6mm,41.58mm,10mm,28.5mm,3mm,41.13mm,1.5mm
3065,4V,29.5mm,6mm,41.58mm,10.5mm,28.5mm,3mm,41.13mm,1.5mm
3066,4V,29.5mm,6mm,41.58mm,11mm,28.5mm,3mm,41.13mm,1.5mm
3067,4V,29.5mm,6mm,41.58mm,10mm,28.5mm,3mm,41.13mm,2mm
3068,4V,29.5mm,6mm,41.58mm,10.5mm,28.5mm,3mm,41.13mm,2mm
3069,4V,29.5mm,6mm,41.58mm,11mm,28.5mm,3mm,41.13mm,2mm
3070,5V,29.5mm,6mm,41.58mm,10mm,28.5mm,3mm,41.13mm,1mm
3071,5V,29.5mm,6mm,41.58mm,10.5mm,28.5mm,3mm,41.13mm,1mm
3072,5V,29.5mm,6mm,41.58mm,11mm,28.5mm,3mm,41.13mm,1mm
3073,5V,29.5mm,6mm,41.58mm,10mm,28.5mm,3mm,41.13mm,1.5mm
3074,5V,29.5mm,6mm,41.58mm,10.5mm,28.5mm,3mm,41.13mm,1.5mm
3075,5V,29.5mm,6mm,41.58mm,11mm,28.5mm,3mm,41.13mm,1.5mm
3076,5V,29.5mm,6mm,41.58mm,10mm,28.5mm,3mm,41.13mm,2mm
3077,5V,29.5mm,6mm,41.58mm,10.5mm,28.5mm,3mm,41.13mm,2mm
3078,5V,29.5mm,6mm,41.58mm,11mm,28.5mm,3mm,41.13mm,2mm
3619,0V,30mm,6mm,41.58mm,10mm,28.5mm,3mm,41.13mm,1mm
3620,0V,30mm,6mm,41.58mm,10.5mm,28.5mm,3mm,41.13mm,1mm
3621,0V,30mm,6mm,41.58mm,11mm,28.5mm,3mm,41.13mm,1mm
3622,0V,30mm,6mm,41.58mm,10mm,28.5mm,3mm,41.13mm,1.5mm
3623,0V,30mm,6mm,41.58mm,10.5mm,28.5mm,3mm,41.13mm,1.5mm
3624,0V,30mm,6mm,41.58mm,11mm,28.5mm,3mm,41.13mm,1.5mm
3625,0V,30mm,6mm,41.58mm,10mm,28.5mm,3mm,41.13mm,2mm
3626,0V,30mm,6mm,41.58mm,10.5mm,28.5mm,3mm,41.13mm,2mm
3627,0V,30mm,6mm,41.58mm,11mm,28.5mm,3mm,41.13mm,2mm
3628,1V,30mm,6mm,41.58mm,10mm,28.5mm,3mm,41.13mm,1mm
3629,1V,30mm,6mm,41.58mm,10.5mm,28.5mm,3mm,41.13mm,1mm
3630,1V,30mm,6mm,41.58mm,11mm,28.5mm,3mm,41.13mm,1mm
3631,1V,30mm,6mm,41.58mm,10mm,28.5mm,3mm,41.13mm,1.5mm
3632,1V,30mm,6mm,41.58mm,10.5mm,28.5mm,3mm,41.13mm,1.5mm
3633,1V,30mm,6mm,41.58mm,11mm,28.5mm,3mm,41.13mm,1.5mm
3634,1V,30mm,6mm,41.58mm,10mm,28.5mm,3mm,41.13mm,2mm
3635,1V,30mm,6mm,41.58mm,10.5mm,28.5mm,3mm,41.13mm,2mm
3636,1V,30mm,6mm,41.58mm,11mm,28.5mm,3mm,41.13mm,2mm
3637,2V,30mm,6mm,41.58mm,10mm,28.5mm,3mm,41.13mm,1mm
3638,2V,30mm,6mm,41.58mm,10.5mm,28.5mm,3mm,41.13mm,1mm
3639,2V,30mm,6mm,41.58mm,11mm,28.5mm,3mm,41.13mm,1mm
3640,2V,30mm,6mm,41.58mm,10mm,28.5mm,3mm,41.13mm,1.5mm
3641,2V,30mm,6mm,41.58mm,10.5mm,28.5mm,3mm,41.13mm,1.5mm
3642,2V,30mm,6mm,41.58mm,11mm,28.5mm,3mm,41.13mm,1.5mm
3643,2V,30mm,6mm,41.58mm,10mm,28.5mm,3mm,41.13mm,2mm
3644,2V,30mm,6mm,41.58mm,10.5mm,28.5mm,3mm,41.13mm,2mm
3645,2V,30mm,6mm,41.58mm,11mm,28.5mm,3mm,41.13mm,2mm
3646,3V,30mm,6mm,41.58mm,10mm,28.5mm,3mm,41.13mm,1mm
3647,3V,30mm,6mm,41.58mm,10.5mm,28.5mm,3mm,41.13mm,1mm
3648,3V,30mm,6mm,41.58mm,11mm,28.5mm,3mm,41.13mm,1mm
3649,3V,30mm,6mm,41.58mm,10mm,28.5mm,3mm,41.13mm,1.5mm
3650,3V,30mm,6mm,41.58mm,10.5mm,28.5mm,3mm,41.13mm,1.5mm
3651,3V,30mm,6mm,41.58mm,11mm,28.5mm,3mm,41.13mm,1.5mm
3652,3V,30mm,6mm,41.58mm,10mm,28.5mm,3mm,41.13mm,2mm
3653,3V,30mm,6mm,41.58mm,10.5mm,28.5mm,3mm,41.13mm,2mm
3654,3V,30mm,6mm,41.58mm,11mm,28.5mm,3mm,41.13mm,2mm
3655,4V,30mm,6mm,41.58mm,10mm,28.5mm,3mm,41.13mm,1mm
3656,4V,30mm,6mm,41.58mm,10.5mm,28.5mm,3mm,41.13mm,1mm
3657,4V,30mm,6mm,41.58mm,11mm,28.5mm,3mm,41.13mm,1mm
3658,4V,30mm,6mm,41.58mm,10mm,28.5mm,3mm,41.13mm,1.5mm
3659,4V,30mm,6mm,41.58mm,10.5mm,28.5mm,3mm,41.13mm,1.5mm
3660,4V,30mm,6mm,41.58mm,11mm,28.5mm,3mm,41.13mm,1.5mm
3661,4V,30mm,6mm,41.58mm,10mm,28.5mm,3mm,41.13mm,2mm
3662,4V,30mm,6mm,41.58mm,10.5mm,28.5mm,3mm,41.13mm,2mm
3663,4V,30mm,6mm,41.58mm,11mm,28.5mm,3mm,41.13mm,2mm
3664,5V,30mm,6mm,41.58mm,10mm,28.5mm,3mm,41.13mm,1mm
3665,5V,30mm,6mm,41.58mm,10.5mm,28.5mm,3mm,41.13mm,1mm
3666,5V,30mm,6mm,41.58mm,11mm,28.5mm,3mm,41.13mm,1mm
3667,5V,30mm,6mm,41.58mm,10mm,28.5mm,3mm,41.13mm,1.5mm
3668,5V,30mm,6mm,41.58mm,10.5mm,28.5mm,3mm,41.13mm,1.5mm
3669,5V,30mm,6mm,41.58mm,11mm,28.5mm,3mm,41.13mm,1.5mm
3670,5V,30mm,6mm,41.58mm,10mm,28.5mm,3mm,41.13mm,2mm
3671,5V,30mm,6mm,41.58mm,10.5mm,28.5mm,3mm,41.13mm,2mm
3672,5V,30mm,6mm,41.58mm,11mm,28.5mm,3mm,41.13mm,2mm
4213,0V,30.5mm,6mm,41.58mm,10mm,28.5mm,3mm,41.13mm,1mm
4214,0V,30.5mm,6mm,41.58mm,10.5mm,28.5mm,3mm,41.13mm,1mm
4215,0V,30.5mm,6mm,41.58mm,11mm,28.5mm,3mm,41.13mm,1mm
4216,0V,30.5mm,6mm,41.58mm,10mm,28.5mm,3mm,41.13mm,1.5mm
4217,0V,30.5mm,6mm,41.58mm,10.5mm,28.5mm,3mm,41.13mm,1.5mm
4218,0V,30.5mm,6mm,41.58mm,11mm,28.5mm,3mm,41.13mm,1.5mm
4219,0V,30.5mm,6mm,41.58mm,10mm,28.5mm,3mm,41.13mm,2mm
4220,0V,30.5mm,6mm,41.58mm,10.5mm,28.5mm,3mm,41.13mm,2mm
4221,0V,30.5mm,6mm,41.58mm,11mm,28.5mm,3mm,41.13mm,2mm
4222,1V,30.5mm,6mm,41.58mm,10mm,28.5mm,3mm,41.13mm,1mm
4223,1V,30.5mm,6mm,41.58mm,10.5mm,28.5mm,3mm,41.13mm,1mm
4224,1V,30.5mm,6mm,41.58mm,11mm,28.5mm,3mm,41.13mm,1mm
4225,1V,30.5mm,6mm,41.58mm,10mm,28.5mm,3mm,41.13mm,1.5mm
4226,1V,30.5mm,6mm,41.58mm,10.5mm,28.5mm,3mm,41.13mm,1.5mm
4227,1V,30.5mm,6mm,41.58mm,11mm,28.5mm,3mm,41.13mm,1.5mm
4228,1V,30.5mm,6mm,41.58mm,10mm,28.5mm,3mm,41.13mm,2mm
4229,1V,30.5mm,6mm,41.58mm,10.5mm,28.5mm,3mm,41.13mm,2mm
4230,1V,30.5mm,6mm,41.58mm,11mm,28.5mm,3mm,41.13mm,2mm
4231,2V,30.5mm,6mm,41.58mm,10mm,28.5mm,3mm,41.13mm,1mm
4232,2V,30.5mm,6mm,41.58mm,10.5mm,28.5mm,3mm,41.13mm,1mm
4233,2V,30.5mm,6mm,41.58mm,11mm,28.5mm,3mm,41.13mm,1mm
4234,2V,30.5mm,6mm,41.58mm,10mm,28.5mm,3mm,41.13mm,1.5mm
4235,2V,30.5mm,6mm,41.58mm,10.5mm,28.5mm,3mm,41.13mm,1.5mm
4236,2V,30.5mm,6mm,41.58mm,11mm,28.5mm,3mm,41.13mm,1.5mm
4237,2V,30.5mm,6mm,41.58mm,10mm,28.5mm,3mm,41.13mm,2mm
4238,2V,30.5mm,6mm,41.58mm,10.5mm,28.5mm,3mm,41.13mm,2mm
4239,2V,30.5mm,6mm,41.58mm,11mm,28.5mm,3mm,41.13mm,2mm
4240,3V,30.5mm,6mm,41.58mm,10mm,28.5mm,3mm,41.13mm,1mm
4241,3V,30.5mm,6mm,41.58mm,10.5mm,28.5mm,3mm,41.13mm,1mm
4242,3V,30.5mm,6mm,41.58mm,11mm,28.5mm,3mm,41.13mm,1mm
4243,3V,30.5mm,6mm,41.58mm,10mm,28.5mm,3mm,41.13mm,1.5mm
4244,3V,30.5mm,6mm,41.58mm,10.5mm,28.5mm,3mm,41.13mm,1.5mm
4245,3V,30.5mm,6mm,41.58mm,11mm,28.5mm,3mm,41.13mm,1.5mm
4246,3V,30.5mm,6mm,41.58mm,10mm,28.5mm,3mm,41.13mm,2mm
4247,3V,30.5mm,6mm,41.58mm,10.5mm,28.5mm,3mm,41.13mm,2mm
4248,3V,30.5mm,6mm,41.58mm,11mm,28.5mm,3mm,41.13mm,2mm
4249,4V,30.5mm,6mm,41.58mm,10mm,28.5mm,3mm,41.13mm,1mm
4250,4V,30.5mm,6mm,41.58mm,10.5mm,28.5mm,3mm,41.13mm,1mm
4251,4V,30.5mm,6mm,41.58mm,11mm,28.5mm,3mm,41.13mm,1mm
4252,4V,30.5mm,6mm,41.58mm,10mm,28.5mm,3mm,41.13mm,1.5mm
4253,4V,30.5mm,6mm,41.58mm,10.5mm,28.5mm,3mm,41.13mm,1.5mm
4254,4V,30.5mm,6mm,41.58mm,11mm,28.5mm,3mm,41.13mm,1.5mm
4255,4V,30.5mm,6mm,41.58mm,10mm,28.5mm,3mm,41.13mm,2mm
4256,4V,30.5mm,6mm,41.58mm,10.5mm,28.5mm,3mm,41.13mm,2mm
4257,4V,30.5mm,6mm,41.58mm,11mm,28.5mm,3mm,41.13mm,2mm
4258,5V,30.5mm,6mm,41.58mm,10mm,28.5mm,3mm,41.13mm,1mm
4259,5V,30.5mm,6mm,41.58mm,10.5mm,28.5mm,3mm,41.13mm,1mm
4260,5V,30.5mm,6mm,41.58mm,11mm,28.5mm,3mm,41.13mm,1mm
4261,5V,30.5mm,6mm,41.58mm,10mm,28.5mm,3mm,41.13mm,1.5mm
4262,5V,30.5mm,6mm,41.58mm,10.5mm,28.5mm,3mm,41.13mm,1.5mm
4263,5V,30.5mm,6mm,41.58mm,11mm,28.5mm,3mm,41.13mm,1.5mm
4264,5V,30.5mm,6mm,41.58mm,10mm,28.5mm,3mm,41.13mm,2mm
4265,5V,30.5mm,6mm,41.58mm,10.5mm,28.5mm,3mm,41.13mm,2mm
4266,5V,30.5mm,6mm,41.58mm,11mm,28.5mm,3mm,41.13mm,2mm
4807,0V,31mm,6mm,41.58mm,10mm,28.5mm,3mm,41.13mm,1mm
4808,0V,31mm,6mm,41.58mm,10.5mm,28.5mm,3mm,41.13mm,1mm
4809,0V,31mm,6mm,41.58mm,11mm,28.5mm,3mm,41.13mm,1mm
4810,0V,31mm,6mm,41.58mm,10mm,28.5mm,3mm,41.13mm,1.5mm
4811,0V,31mm,6mm,41.58mm,10.5mm,28.5mm,3mm,41.13mm,1.5mm
4812,0V,31mm,6mm,41.58mm,11mm,28.5mm,3mm,41.13mm,1.5mm
4813,0V,31mm,6mm,41.58mm,10mm,28.5mm,3mm,41.13mm,2mm
4814,0V,31mm,6mm,41.58mm,10.5mm,28.5mm,3mm,41.13mm,2mm
4815,0V,31mm,6mm,41.58mm,11mm,28.5mm,3mm,41.13mm,2mm
4816,1V,31mm,6mm,41.58mm,10mm,28.5mm,3mm,41.13mm,1mm
4817,1V,31mm,6mm,41.58mm,10.5mm,28.5mm,3mm,41.13mm,1mm
4818,1V,31mm,6mm,41.58mm,11mm,28.5mm,3mm,41.13mm,1mm
4819,1V,31mm,6mm,41.58mm,10mm,28.5mm,3mm,41.13mm,1.5mm
4820,1V,31mm,6mm,41.58mm,10.5mm,28.5mm,3mm,41.13mm,1.5mm
4821,1V,31mm,6mm,41.58mm,11mm,28.5mm,3mm,41.13mm,1.5mm
4822,1V,31mm,6mm,41.58mm,10mm,28.5mm,3mm,41.13mm,2mm
4823,1V,31mm,6mm,41.58mm,10.5mm,28.5mm,3mm,41.13mm,2mm
4824,1V,31mm,6mm,41.58mm,11mm,28.5mm,3mm,41.13mm,2mm
4825,2V,31mm,6mm,41.58mm,10mm,28.5mm,3mm,41.13mm,1mm
4826,2V,31mm,6mm,41.58mm,10.5mm,28.5mm,3mm,41.13mm,1mm
4827,2V,31mm,6mm,41.58mm,11mm,28.5mm,3mm,41.13mm,1mm
4828,2V,31mm,6mm,41.58mm,10mm,28.5mm,3mm,41.13mm,1.5mm
4829,2V,31mm,6mm,41.58mm,10.5mm,28.5mm,3mm,41.13mm,1.5mm
4830,2V,31mm,6mm,41.58mm,11mm,28.5mm,3mm,41.13mm,1.5mm
4831,2V,31mm,6mm,41.58mm,10mm,28.5mm,3mm,41.13mm,2mm
4832,2V,31mm,6mm,41.58mm,10.5mm,28.5mm,3mm,41.13mm,2mm
4833,2V,31mm,6mm,41.58mm,11mm,28.5mm,3mm,41.13mm,2mm
4834,3V,31mm,6mm,41.58mm,10mm,28.5mm,3mm,41.13mm,1mm
4835,3V,31mm,6mm,41.58mm,10.5mm,28.5mm,3mm,41.13mm,1mm
4836,3V,31mm,6mm,41.58mm,11mm,28.5mm,3mm,41.13mm,1mm
4837,3V,31mm,6mm,41.58mm,10mm,28.5mm,3mm,41.13mm,1.5mm
4838,3V,31mm,6mm,41.58mm,10.5mm,28.5mm,3mm,41.13mm,1.5mm
4839,3V,31mm,6mm,41.58mm,11mm,28.5mm,3mm,41.13mm,1.5mm
4840,3V,31mm,6mm,41.58mm,10mm,28.5mm,3mm,41.13mm,2mm
4841,3V,31mm,6mm,41.58mm,10.5mm,28.5mm,3mm,41.13mm,2mm
4842,3V,31mm,6mm,41.58mm,11mm,28.5mm,3mm,41.13mm,2mm
4843,4V,31mm,6mm,41.58mm,10mm,28.5mm,3mm,41.13mm,1mm
4844,4V,31mm,6mm,41.58mm,10.5mm,28.5mm,3mm,41.13mm,1mm
4845,4V,31mm,6mm,41.58mm,11mm,28.5mm,3mm,41.13mm,1mm
4846,4V,31mm,6mm,41.58mm,10mm,28.5mm,3mm,41.13mm,1.5mm
4847,4V,31mm,6mm,41.58mm,10.5mm,28.5mm,3mm,41.13mm,1.5mm
4848,4V,31mm,6mm,41.58mm,11mm,28.5mm,3mm,41.13mm,1.5mm
4849,4V,31mm,6mm,41.58mm,10mm,28.5mm,3mm,41.13mm,2mm
4850,4V,31mm,6mm,41.58mm,10.5mm,28.5mm,3mm,41.13mm,2mm
4851,4V,31mm,6mm,41.58mm,11mm,28.5mm,3mm,41.13mm,2mm
4852,5V,31mm,6mm,41.58mm,10mm,28.5mm,3mm,41.13mm,1mm
4853,5V,31mm,6mm,41.58mm,10.5mm,28.5mm,3mm,41.13mm,1mm
4854,5V,31mm,6mm,41.58mm,11mm,28.5mm,3mm,41.13mm,1mm
4855,5V,31mm,6mm,41.58mm,10mm,28.5mm,3mm,41.13mm,1.5mm
4856,5V,31mm,6mm,41.58mm,10.5mm,28.5mm,3mm,41.13mm,1.5mm
4857,5V,31mm,6mm,41.58mm,11mm,28.5mm,3mm,41.13mm,1.5mm
4858,5V,31mm,6mm,41.58mm,10mm,28.5mm,3mm,41.13mm,2mm
4859,5V,31mm,6mm,41.58mm,10.5mm,28.5mm,3mm,41.13mm,2mm
4860,5V,31mm,6mm,41.58mm,11mm,28.5mm,3mm,41.13mm,2mm
5401,0V,31.5mm,6mm,41.58mm,10mm,28.5mm,3mm,41.13mm,1mm
5402,0V,31.5mm,6mm,41.58mm,10.5mm,28.5mm,3mm,41.13mm,1mm
5403,0V,31.5mm,6mm,41.58mm,11mm,28.5mm,3mm,41.13mm,1mm
5404,0V,31.5mm,6mm,41.58mm,10mm,28.5mm,3mm,41.13mm,1.5mm
5405,0V,31.5mm,6mm,41.58mm,10.5mm,28.5mm,3mm,41.13mm,1.5mm
5406,0V,31.5mm,6mm,41.58mm,11mm,28.5mm,3mm,41.13mm,1.5mm
5407,0V,31.5mm,6mm,41.58mm,10mm,28.5mm,3mm,41.13mm,2mm
5408,0V,31.5mm,6mm,41.58mm,10.5mm,28.5mm,3mm,41.13mm,2mm
5409,0V,31.5mm,6mm,41.58mm,11mm,28.5mm,3mm,41.13mm,2mm
5410,1V,31.5mm,6mm,41.58mm,10mm,28.5mm,3mm,41.13mm,1mm
5411,1V,31.5mm,6mm,41.58mm,10.5mm,28.5mm,3mm,41.13mm,1mm
5412,1V,31.5mm,6mm,41.58mm,11mm,28.5mm,3mm,41.13mm,1mm
5413,1V,31.5mm,6mm,41.58mm,10mm,28.5mm,3mm,41.13mm,1.5mm
5414,1V,31.5mm,6mm,41.58mm,10.5mm,28.5mm,3mm,41.13mm,1.5mm
5415,1V,31.5mm,6mm,41.58mm,11mm,28.5mm,3mm,41.13mm,1.5mm
5416,1V,31.5mm,6mm,41.58mm,10mm,28.5mm,3mm,41.13mm,2mm
5417,1V,31.5mm,6mm,41.58mm,10.5mm,28.5mm,3mm,41.13mm,2mm
5418,1V,31.5mm,6mm,41.58mm,11mm,28.5mm,3mm,41.13mm,2mm
5419,2V,31.5mm,6mm,41.58mm,10mm,28.5mm,3mm,41.13mm,1mm
5420,2V,31.5mm,6mm,41.58mm,10.5mm,28.5mm,3mm,41.13mm,1mm
5421,2V,31.5mm,6mm,41.58mm,11mm,28.5mm,3mm,41.13mm,1mm
5422,2V,31.5mm,6mm,41.58mm,10mm,28.5mm,3mm,41.13mm,1.5mm
5423,2V,31.5mm,6mm,41.58mm,10.5mm,28.5mm,3mm,41.13mm,1.5mm
5424,2V,31.5mm,6mm,41.58mm,11mm,28.5mm,3mm,41.13mm,1.5mm
5425,2V,31.5mm,6mm,41.58mm,10mm,28.5mm,3mm,41.13mm,2mm
5426,2V,31.5mm,6mm,41.58mm,10.5mm,28.5mm,3mm,41.13mm,2mm
5427,2V,31.5mm,6mm,41.58mm,11mm,28.5mm,3mm,41.13mm,2mm
5428,3V,31.5mm,6mm,41.58mm,10mm,28.5mm,3mm,41.13mm,1mm
5429,3V,31.5mm,6mm,41.58mm,10.5mm,28.5mm,3mm,41.13mm,1mm
5430,3V,31.5mm,6mm,41.58mm,11mm,28.5mm,3mm,41.13mm,1mm
5431,3V,31.5mm,6mm,41.58mm,10mm,28.5mm,3mm,41.13mm,1.5mm
5432,3V,31.5mm,6mm,41.58mm,10.5mm,28.5mm,3mm,41.13mm,1.5mm
5433,3V,31.5mm,6mm,41.58mm,11mm,28.5mm,3mm,41.13mm,1.5mm
5434,3V,31.5mm,6mm,41.58mm,10mm,28.5mm,3mm,41.13mm,2mm
5435,3V,31.5mm,6mm,41.58mm,10.5mm,28.5mm,3mm,41.13mm,2mm
5436,3V,31.5mm,6mm,41.58mm,11mm,28.5mm,3mm,41.13mm,2mm
5437,4V,31.5mm,6mm,41.58mm,10mm,28.5mm,3mm,41.13mm,1mm
5438,4V,31.5mm,6mm,41.58mm,10.5mm,28.5mm,3mm,41.13mm,1mm
5439,4V,31.5mm,6mm,41.58mm,11mm,28.5mm,3mm,41.13mm,1mm
5440,4V,31.5mm,6mm,41.58mm,10mm,28.5mm,3mm,41.13mm,1.5mm
5441,4V,31.5mm,6mm,41.58mm,10.5mm,28.5mm,3mm,41.13mm,1.5mm
5442,4V,31.5mm,6mm,41.58mm,11mm,28.5mm,3mm,41.13mm,1.5mm
5443,4V,31.5mm,6mm,41.58mm,10mm,28.5mm,3mm,41.13mm,2mm
5444,4V,31.5mm,6mm,41.58mm,10.5mm,28.5mm,3mm,41.13mm,2mm
5445,4V,31.5mm,6mm,41.58mm,11mm,28.5mm,3mm,41.13mm,2mm
5446,5V,31.5mm,6mm,41.58mm,10mm,28.5mm,3mm,41.13mm,1mm
5447,5V,31.5mm,6mm,41.58mm,10.5mm,28.5mm,3mm,41.13mm,1mm
5448,5V,31.5mm,6mm,41.58mm,11mm,28.5mm,3mm,41.13mm,1mm
5449,5V,31.5mm,6mm,41.58mm,10mm,28.5mm,3mm,41.13mm,1.5mm
5450,5V,31.5mm,6mm,41.58mm,10.5mm,28.5mm,3mm,41.13mm,1.5mm
5451,5V,31.5mm,6mm,41.58mm,11mm,28.5mm,3mm,41.13mm,1.5mm
5452,5V,31.5mm,6mm,41.58mm,10mm,28.5mm,3mm,41.13mm,2mm
5453,5V,31.5mm,6mm,41.58mm,10.5mm,28.5mm,3mm,41.13mm,2mm
5454,5V,31.5mm,6mm,41.58mm,11mm,28.5mm,3mm,41.13mm,2mm
5995,0V,32mm,6mm,41.58mm,10mm,28.5mm,3mm,41.13mm,1mm
5996,0V,32mm,6mm,41.58mm,10.5mm,28.5mm,3mm,41.13mm,1mm
5997,0V,32mm,6mm,41.58mm,11mm,28.5mm,3mm,41.13mm,1mm
5998,0V,32mm,6mm,41.58mm,10mm,28.5mm,3mm,41.13mm,1.5mm
5999,0V,32mm,6mm,41.58mm,10.5mm,28.5mm,3mm,41.13mm,1.5mm
6000,0V,32mm,6mm,41.58mm,11mm,28.5mm,3mm,41.13mm,1.5mm
6001,0V,32mm,6mm,41.58mm,10mm,28.5mm,3mm,41.13mm,2mm
6002,0V,32mm,6mm,41.58mm,10.5mm,28.5mm,3mm,41.13mm,2mm
6003,0V,32mm,6mm,41.58mm,11mm,28.5mm,3mm,41.13mm,2mm
6004,1V,32mm,6mm,41.58mm,10mm,28.5mm,3mm,41.13mm,1mm
6005,1V,32mm,6mm,41.58mm,10.5mm,28.5mm,3mm,41.13mm,1mm
6006,1V,32mm,6mm,41.58mm,11mm,28.5mm,3mm,41.13mm,1mm
6007,1V,32mm,6mm,41.58mm,10mm,28.5mm,3mm,41.13mm,1.5mm
6008,1V,32mm,6mm,41.58mm,10.5mm,28.5mm,3mm,41.13mm,1.5mm
6009,1V,32mm,6mm,41.58mm,11mm,28.5mm,3mm,41.13mm,1.5mm
6010,1V,32mm,6mm,41.58mm,10mm,28.5mm,3mm,41.13mm,2mm
6011,1V,32mm,6mm,41.58mm,10.5mm,28.5mm,3mm,41.13mm,2mm
6012,1V,32mm,6mm,41.58mm,11mm,28.5mm,3mm,41.13mm,2mm
6013,2V,32mm,6mm,41.58mm,10mm,28.5mm,3mm,41.13mm,1mm
6014,2V,32mm,6mm,41.58mm,10.5mm,28.5mm,3mm,41.13mm,1mm
6015,2V,32mm,6mm,41.58mm,11mm,28.5mm,3mm,41.13mm,1mm
6016,2V,32mm,6mm,41.58mm,10mm,28.5mm,3mm,41.13mm,1.5mm
6017,2V,32mm,6mm,41.58mm,10.5mm,28.5mm,3mm,41.13mm,1.5mm
6018,2V,32mm,6mm,41.58mm,11mm,28.5mm,3mm,41.13mm,1.5mm
6019,2V,32mm,6mm,41.58mm,10mm,28.5mm,3mm,41.13mm,2mm
6020,2V,32mm,6mm,41.58mm,10.5mm,28.5mm,3mm,41.13mm,2mm
6021,2V,32mm,6mm,41.58mm,11mm,28.5mm,3mm,41.13mm,2mm
6022,3V,32mm,6mm,41.58mm,10mm,28.5mm,3mm,41.13mm,1mm
6023,3V,32mm,6mm,41.58mm,10.5mm,28.5mm,3mm,41.13mm,1mm
6024,3V,32mm,6mm,41.58mm,11mm,28.5mm,3mm,41.13mm,1mm
6025,3V,32mm,6mm,41.58mm,10mm,28.5mm,3mm,41.13mm,1.5mm
6026,3V,32mm,6mm,41.58mm,10.5mm,28.5mm,3mm,41.13mm,1.5mm
6027,3V,32mm,6mm,41.58mm,11mm,28.5mm,3mm,41.13mm,1.5mm
6028,3V,32mm,6mm,41.58mm,10mm,28.5mm,3mm,41.13mm,2mm
6029,3V,32mm,6mm,41.58mm,10.5mm,28.5mm,3mm,41.13mm,2mm
6030,3V,32mm,6mm,41.58mm,11mm,28.5mm,3mm,41.13mm,2mm
6031,4V,32mm,6mm,41.58mm,10mm,28.5mm,3mm,41.13mm,1mm
6032,4V,32mm,6mm,41.58mm,10.5mm,28.5mm,3mm,41.13mm,1mm
6033,4V,32mm,6mm,41.58mm,11mm,28.5mm,3mm,41.13mm,1mm
6034,4V,32mm,6mm,41.58mm,10mm,28.5mm,3mm,41.13mm,1.5mm
6035,4V,32mm,6mm,41.58mm,10.5mm,28.5mm,3mm,41.13mm,1.5mm
6036,4V,32mm,6mm,41.58mm,11mm,28.5mm,3mm,41.13mm,1.5mm
6037,4V,32mm,6mm,41.58mm,10mm,28.5mm,3mm,41.13mm,2mm
6038,4V,32mm,6mm,41.58mm,10.5mm,28.5mm,3mm,41.13mm,2mm
6039,4V,32mm,6mm,41.58mm,11mm,28.5mm,3mm,41.13mm,2mm
6040,5V,32mm,6mm,41.58mm,10mm,28.5mm,3mm,41.13mm,1mm
6041,5V,32mm,6mm,41.58mm,10.5mm,28.5mm,3mm,41.13mm,1mm
6042,5V,32mm,6mm,41.58mm,11mm,28.5mm,3mm,41.13mm,1mm
6043,5V,32mm,6mm,41.58mm,10mm,28.5mm,3mm,41.13mm,1.5mm
6044,5V,32mm,6mm,41.58mm,10.5mm,28.5mm,3mm,41.13mm,1.5mm
6045,5V,32mm,6mm,41.58mm,11mm,28.5mm,3mm,41.13mm,1.5mm
6046,5V,32mm,6mm,41.58mm,10mm,28.5mm,3mm,41.13mm,2mm
6047,5V,32mm,6mm,41.58mm,10.5mm,28.5mm,3mm,41.13mm,2mm
6048,5V,32mm,6mm,41.58mm,11mm,28.5mm,3mm,41.13mm,2mm
109,0V,27mm,6mm,41.58mm,10mm,29mm,3mm,41.13mm,1mm
110,0V,27mm,6mm,41.58mm,10.5mm,29mm,3mm,41.13mm,1mm
111,0V,27mm,6mm,41.58mm,11mm,29mm,3mm,41.13mm,1mm
112,0V,27mm,6mm,41.58mm,10mm,29mm,3mm,41.13mm,1.5mm
113,0V,27mm,6mm,41.58mm,10.5mm,29mm,3mm,41.13mm,1.5mm
114,0V,27mm,6mm,41.58mm,11mm,29mm,3mm,41.13mm,1.5mm
115,0V,27mm,6mm,41.58mm,10mm,29mm,3mm,41.13mm,2mm
116,0V,27mm,6mm,41.58mm,10.5mm,29mm,3mm,41.13mm,2mm
117,0V,27mm,6mm,41.58mm,11mm,29mm,3mm,41.13mm,2mm
118,1V,27mm,6mm,41.58mm,10mm,29mm,3mm,41.13mm,1mm
119,1V,27mm,6mm,41.58mm,10.5mm,29mm,3mm,41.13mm,1mm
120,1V,27mm,6mm,41.58mm,11mm,29mm,3mm,41.13mm,1mm
121,1V,27mm,6mm,41.58mm,10mm,29mm,3mm,41.13mm,1.5mm
122,1V,27mm,6mm,41.58mm,10.5mm,29mm,3mm,41.13mm,1.5mm
123,1V,27mm,6mm,41.58mm,11mm,29mm,3mm,41.13mm,1.5mm
124,1V,27mm,6mm,41.58mm,10mm,29mm,3mm,41.13mm,2mm
125,1V,27mm,6mm,41.58mm,10.5mm,29mm,3mm,41.13mm,2mm
126,1V,27mm,6mm,41.58mm,11mm,29mm,3mm,41.13mm,2mm
127,2V,27mm,6mm,41.58mm,10mm,29mm,3mm,41.13mm,1mm
128,2V,27mm,6mm,41.58mm,10.5mm,29mm,3mm,41.13mm,1mm
129,2V,27mm,6mm,41.58mm,11mm,29mm,3mm,41.13mm,1mm
130,2V,27mm,6mm,41.58mm,10mm,29mm,3mm,41.13mm,1.5mm
131,2V,27mm,6mm,41.58mm,10.5mm,29mm,3mm,41.13mm,1.5mm
132,2V,27mm,6mm,41.58mm,11mm,29mm,3mm,41.13mm,1.5mm
133,2V,27mm,6mm,41.58mm,10mm,29mm,3mm,41.13mm,2mm
134,2V,27mm,6mm,41.58mm,10.5mm,29mm,3mm,41.13mm,2mm
135,2V,27mm,6mm,41.58mm,11mm,29mm,3mm,41.13mm,2mm
136,3V,27mm,6mm,41.58mm,10mm,29mm,3mm,41.13mm,1mm
137,3V,27mm,6mm,41.58mm,10.5mm,29mm,3mm,41.13mm,1mm
138,3V,27mm,6mm,41.58mm,11mm,29mm,3mm,41.13mm,1mm
139,3V,27mm,6mm,41.58mm,10mm,29mm,3mm,41.13mm,1.5mm
140,3V,27mm,6mm,41.58mm,10.5mm,29mm,3mm,41.13mm,1.5mm
141,3V,27mm,6mm,41.58mm,11mm,29mm,3mm,41.13mm,1.5mm
142,3V,27mm,6mm,41.58mm,10mm,29mm,3mm,41.13mm,2mm
143,3V,27mm,6mm,41.58mm,10.5mm,29mm,3mm,41.13mm,2mm
144,3V,27mm,6mm,41.58mm,11mm,29mm,3mm,41.13mm,2mm
145,4V,27mm,6mm,41.58mm,10mm,29mm,3mm,41.13mm,1mm
146,4V,27mm,6mm,41.58mm,10.5mm,29mm,3mm,41.13mm,1mm
147,4V,27mm,6mm,41.58mm,11mm,29mm,3mm,41.13mm,1mm
148,4V,27mm,6mm,41.58mm,10mm,29mm,3mm,41.13mm,1.5mm
149,4V,27mm,6mm,41.58mm,10.5mm,29mm,3mm,41.13mm,1.5mm
150,4V,27mm,6mm,41.58mm,11mm,29mm,3mm,41.13mm,1.5mm
151,4V,27mm,6mm,41.58mm,10mm,29mm,3mm,41.13mm,2mm
152,4V,27mm,6mm,41.58mm,10.5mm,29mm,3mm,41.13mm,2mm
153,4V,27mm,6mm,41.58mm,11mm,29mm,3mm,41.13mm,2mm
154,5V,27mm,6mm,41.58mm,10mm,29mm,3mm,41.13mm,1mm
155,5V,27mm,6mm,41.58mm,10.5mm,29mm,3mm,41.13mm,1mm
156,5V,27mm,6mm,41.58mm,11mm,29mm,3mm,41.13mm,1mm
157,5V,27mm,6mm,41.58mm,10mm,29mm,3mm,41.13mm,1.5mm
158,5V,27mm,6mm,41.58mm,10.5mm,29mm,3mm,41.13mm,1.5mm
159,5V,27mm,6mm,41.58mm,11mm,29mm,3mm,41.13mm,1.5mm
160,5V,27mm,6mm,41.58mm,10mm,29mm,3mm,41.13mm,2mm
161,5V,27mm,6mm,41.58mm,10.5mm,29mm,3mm,41.13mm,2mm
162,5V,27mm,6mm,41.58mm,11mm,29mm,3mm,41.13mm,2mm
703,0V,27.5mm,6mm,41.58mm,10mm,29mm,3mm,41.13mm,1mm
704,0V,27.5mm,6mm,41.58mm,10.5mm,29mm,3mm,41.13mm,1mm
705,0V,27.5mm,6mm,41.58mm,11mm,29mm,3mm,41.13mm,1mm
706,0V,27.5mm,6mm,41.58mm,10mm,29mm,3mm,41.13mm,1.5mm
707,0V,27.5mm,6mm,41.58mm,10.5mm,29mm,3mm,41.13mm,1.5mm
708,0V,27.5mm,6mm,41.58mm,11mm,29mm,3mm,41.13mm,1.5mm
709,0V,27.5mm,6mm,41.58mm,10mm,29mm,3mm,41.13mm,2mm
710,0V,27.5mm,6mm,41.58mm,10.5mm,29mm,3mm,41.13mm,2mm
711,0V,27.5mm,6mm,41.58mm,11mm,29mm,3mm,41.13mm,2mm
712,1V,27.5mm,6mm,41.58mm,10mm,29mm,3mm,41.13mm,1mm
713,1V,27.5mm,6mm,41.58mm,10.5mm,29mm,3mm,41.13mm,1mm
714,1V,27.5mm,6mm,41.58mm,11mm,29mm,3mm,41.13mm,1mm
715,1V,27.5mm,6mm,41.58mm,10mm,29mm,3mm,41.13mm,1.5mm
716,1V,27.5mm,6mm,41.58mm,10.5mm,29mm,3mm,41.13mm,1.5mm
717,1V,27.5mm,6mm,41.58mm,11mm,29mm,3mm,41.13mm,1.5mm
718,1V,27.5mm,6mm,41.58mm,10mm,29mm,3mm,41.13mm,2mm
719,1V,27.5mm,6mm,41.58mm,10.5mm,29mm,3mm,41.13mm,2mm
720,1V,27.5mm,6mm,41.58mm,11mm,29mm,3mm,41.13mm,2mm
721,2V,27.5mm,6mm,41.58mm,10mm,29mm,3mm,41.13mm,1mm
722,2V,27.5mm,6mm,41.58mm,10.5mm,29mm,3mm,41.13mm,1mm
723,2V,27.5mm,6mm,41.58mm,11mm,29mm,3mm,41.13mm,1mm
724,2V,27.5mm,6mm,41.58mm,10mm,29mm,3mm,41.13mm,1.5mm
725,2V,27.5mm,6mm,41.58mm,10.5mm,29mm,3mm,41.13mm,1.5mm
726,2V,27.5mm,6mm,41.58mm,11mm,29mm,3mm,41.13mm,1.5mm
727,2V,27.5mm,6mm,41.58mm,10mm,29mm,3mm,41.13mm,2mm
728,2V,27.5mm,6mm,41.58mm,10.5mm,29mm,3mm,41.13mm,2mm
729,2V,27.5mm,6mm,41.58mm,11mm,29mm,3mm,41.13mm,2mm
730,3V,27.5mm,6mm,41.58mm,10mm,29mm,3mm,41.13mm,1mm
731,3V,27.5mm,6mm,41.58mm,10.5mm,29mm,3mm,41.13mm,1mm
732,3V,27.5mm,6mm,41.58mm,11mm,29mm,3mm,41.13mm,1mm
733,3V,27.5mm,6mm,41.58mm,10mm,29mm,3mm,41.13mm,1.5mm
734,3V,27.5mm,6mm,41.58mm,10.5mm,29mm,3mm,41.13mm,1.5mm
735,3V,27.5mm,6mm,41.58mm,11mm,29mm,3mm,41.13mm,1.5mm
736,3V,27.5mm,6mm,41.58mm,10mm,29mm,3mm,41.13mm,2mm
737,3V,27.5mm,6mm,41.58mm,10.5mm,29mm,3mm,41.13mm,2mm
738,3V,27.5mm,6mm,41.58mm,11mm,29mm,3mm,41.13mm,2mm
739,4V,27.5mm,6mm,41.58mm,10mm,29mm,3mm,41.13mm,1mm
740,4V,27.5mm,6mm,41.58mm,10.5mm,29mm,3mm,41.13mm,1mm
741,4V,27.5mm,6mm,41.58mm,11mm,29mm,3mm,41.13mm,1mm
742,4V,27.5mm,6mm,41.58mm,10mm,29mm,3mm,41.13mm,1.5mm
743,4V,27.5mm,6mm,41.58mm,10.5mm,29mm,3mm,41.13mm,1.5mm
744,4V,27.5mm,6mm,41.58mm,11mm,29mm,3mm,41.13mm,1.5mm
745,4V,27.5mm,6mm,41.58mm,10mm,29mm,3mm,41.13mm,2mm
746,4V,27.5mm,6mm,41.58mm,10.5mm,29mm,3mm,41.13mm,2mm
747,4V,27.5mm,6mm,41.58mm,11mm,29mm,3mm,41.13mm,2mm
748,5V,27.5mm,6mm,41.58mm,10mm,29mm,3mm,41.13mm,1mm
749,5V,27.5mm,6mm,41.58mm,10.5mm,29mm,3mm,41.13mm,1mm
750,5V,27.5mm,6mm,41.58mm,11mm,29mm,3mm,41.13mm,1mm
751,5V,27.5mm,6mm,41.58mm,10mm,29mm,3mm,41.13mm,1.5mm
752,5V,27.5mm,6mm,41.58mm,10.5mm,29mm,3mm,41.13mm,1.5mm
753,5V,27.5mm,6mm,41.58mm,11mm,29mm,3mm,41.13mm,1.5mm
754,5V,27.5mm,6mm,41.58mm,10mm,29mm,3mm,41.13mm,2mm
755,5V,27.5mm,6mm,41.58mm,10.5mm,29mm,3mm,41.13mm,2mm
756,5V,27.5mm,6mm,41.58mm,11mm,29mm,3mm,41.13mm,2mm
1297,0V,28mm,6mm,41.58mm,10mm,29mm,3mm,41.13mm,1mm
1298,0V,28mm,6mm,41.58mm,10.5mm,29mm,3mm,41.13mm,1mm
1299,0V,28mm,6mm,41.58mm,11mm,29mm,3mm,41.13mm,1mm
1300,0V,28mm,6mm,41.58mm,10mm,29mm,3mm,41.13mm,1.5mm
1301,0V,28mm,6mm,41.58mm,10.5mm,29mm,3mm,41.13mm,1.5mm
1302,0V,28mm,6mm,41.58mm,11mm,29mm,3mm,41.13mm,1.5mm
1303,0V,28mm,6mm,41.58mm,10mm,29mm,3mm,41.13mm,2mm
1304,0V,28mm,6mm,41.58mm,10.5mm,29mm,3mm,41.13mm,2mm
1305,0V,28mm,6mm,41.58mm,11mm,29mm,3mm,41.13mm,2mm
1306,1V,28mm,6mm,41.58mm,10mm,29mm,3mm,41.13mm,1mm
1307,1V,28mm,6mm,41.58mm,10.5mm,29mm,3mm,41.13mm,1mm
1308,1V,28mm,6mm,41.58mm,11mm,29mm,3mm,41.13mm,1mm
1309,1V,28mm,6mm,41.58mm,10mm,29mm,3mm,41.13mm,1.5mm
1310,1V,28mm,6mm,41.58mm,10.5mm,29mm,3mm,41.13mm,1.5mm
1311,1V,28mm,6mm,41.58mm,11mm,29mm,3mm,41.13mm,1.5mm
1312,1V,28mm,6mm,41.58mm,10mm,29mm,3mm,41.13mm,2mm
1313,1V,28mm,6mm,41.58mm,10.5mm,29mm,3mm,41.13mm,2mm
1314,1V,28mm,6mm,41.58mm,11mm,29mm,3mm,41.13mm,2mm
1315,2V,28mm,6mm,41.58mm,10mm,29mm,3mm,41.13mm,1mm
1316,2V,28mm,6mm,41.58mm,10.5mm,29mm,3mm,41.13mm,1mm
1317,2V,28mm,6mm,41.58mm,11mm,29mm,3mm,41.13mm,1mm
1318,2V,28mm,6mm,41.58mm,10mm,29mm,3mm,41.13mm,1.5mm
1319,2V,28mm,6mm,41.58mm,10.5mm,29mm,3mm,41.13mm,1.5mm
1320,2V,28mm,6mm,41.58mm,11mm,29mm,3mm,41.13mm,1.5mm
1321,2V,28mm,6mm,41.58mm,10mm,29mm,3mm,41.13mm,2mm
1322,2V,28mm,6mm,41.58mm,10.5mm,29mm,3mm,41.13mm,2mm
1323,2V,28mm,6mm,41.58mm,11mm,29mm,3mm,41.13mm,2mm
1324,3V,28mm,6mm,41.58mm,10mm,29mm,3mm,41.13mm,1mm
1325,3V,28mm,6mm,41.58mm,10.5mm,29mm,3mm,41.13mm,1mm
1326,3V,28mm,6mm,41.58mm,11mm,29mm,3mm,41.13mm,1mm
1327,3V,28mm,6mm,41.58mm,10mm,29mm,3mm,41.13mm,1.5mm
1328,3V,28mm,6mm,41.58mm,10.5mm,29mm,3mm,41.13mm,1.5mm
1329,3V,28mm,6mm,41.58mm,11mm,29mm,3mm,41.13mm,1.5mm
1330,3V,28mm,6mm,41.58mm,10mm,29mm,3mm,41.13mm,2mm
1331,3V,28mm,6mm,41.58mm,10.5mm,29mm,3mm,41.13mm,2mm
1332,3V,28mm,6mm,41.58mm,11mm,29mm,3mm,41.13mm,2mm
1333,4V,28mm,6mm,41.58mm,10mm,29mm,3mm,41.13mm,1mm
1334,4V,28mm,6mm,41.58mm,10.5mm,29mm,3mm,41.13mm,1mm
1335,4V,28mm,6mm,41.58mm,11mm,29mm,3mm,41.13mm,1mm
1336,4V,28mm,6mm,41.58mm,10mm,29mm,3mm,41.13mm,1.5mm
1337,4V,28mm,6mm,41.58mm,10.5mm,29mm,3mm,41.13mm,1.5mm
1338,4V,28mm,6mm,41.58mm,11mm,29mm,3mm,41.13mm,1.5mm
1339,4V,28mm,6mm,41.58mm,10mm,29mm,3mm,41.13mm,2mm
1340,4V,28mm,6mm,41.58mm,10.5mm,29mm,3mm,41.13mm,2mm
1341,4V,28mm,6mm,41.58mm,11mm,29mm,3mm,41.13mm,2mm
1342,5V,28mm,6mm,41.58mm,10mm,29mm,3mm,41.13mm,1mm
1343,5V,28mm,6mm,41.58mm,10.5mm,29mm,3mm,41.13mm,1mm
1344,5V,28mm,6mm,41.58mm,11mm,29mm,3mm,41.13mm,1mm
1345,5V,28mm,6mm,41.58mm,10mm,29mm,3mm,41.13mm,1.5mm
1346,5V,28mm,6mm,41.58mm,10.5mm,29mm,3mm,41.13mm,1.5mm
1347,5V,28mm,6mm,41.58mm,11mm,29mm,3mm,41.13mm,1.5mm
1348,5V,28mm,6mm,41.58mm,10mm,29mm,3mm,41.13mm,2mm
1349,5V,28mm,6mm,41.58mm,10.5mm,29mm,3mm,41.13mm,2mm
1350,5V,28mm,6mm,41.58mm,11mm,29mm,3mm,41.13mm,2mm
1891,0V,28.5mm,6mm,41.58mm,10mm,29mm,3mm,41.13mm,1mm
1892,0V,28.5mm,6mm,41.58mm,10.5mm,29mm,3mm,41.13mm,1mm
1893,0V,28.5mm,6mm,41.58mm,11mm,29mm,3mm,41.13mm,1mm
1894,0V,28.5mm,6mm,41.58mm,10mm,29mm,3mm,41.13mm,1.5mm
1895,0V,28.5mm,6mm,41.58mm,10.5mm,29mm,3mm,41.13mm,1.5mm
1896,0V,28.5mm,6mm,41.58mm,11mm,29mm,3mm,41.13mm,1.5mm
1897,0V,28.5mm,6mm,41.58mm,10mm,29mm,3mm,41.13mm,2mm
1898,0V,28.5mm,6mm,41.58mm,10.5mm,29mm,3mm,41.13mm,2mm
1899,0V,28.5mm,6mm,41.58mm,11mm,29mm,3mm,41.13mm,2mm
1900,1V,28.5mm,6mm,41.58mm,10mm,29mm,3mm,41.13mm,1mm
1901,1V,28.5mm,6mm,41.58mm,10.5mm,29mm,3mm,41.13mm,1mm
1902,1V,28.5mm,6mm,41.58mm,11mm,29mm,3mm,41.13mm,1mm
1903,1V,28.5mm,6mm,41.58mm,10mm,29mm,3mm,41.13mm,1.5mm
1904,1V,28.5mm,6mm,41.58mm,10.5mm,29mm,3mm,41.13mm,1.5mm
1905,1V,28.5mm,6mm,41.58mm,11mm,29mm,3mm,41.13mm,1.5mm
1906,1V,28.5mm,6mm,41.58mm,10mm,29mm,3mm,41.13mm,2mm
1907,1V,28.5mm,6mm,41.58mm,10.5mm,29mm,3mm,41.13mm,2mm
1908,1V,28.5mm,6mm,41.58mm,11mm,29mm,3mm,41.13mm,2mm
1909,2V,28.5mm,6mm,41.58mm,10mm,29mm,3mm,41.13mm,1mm
1910,2V,28.5mm,6mm,41.58mm,10.5mm,29mm,3mm,41.13mm,1mm
1911,2V,28.5mm,6mm,41.58mm,11mm,29mm,3mm,41.13mm,1mm
1912,2V,28.5mm,6mm,41.58mm,10mm,29mm,3mm,41.13mm,1.5mm
1913,2V,28.5mm,6mm,41.58mm,10.5mm,29mm,3mm,41.13mm,1.5mm
1914,2V,28.5mm,6mm,41.58mm,11mm,29mm,3mm,41.13mm,1.5mm
1915,2V,28.5mm,6mm,41.58mm,10mm,29mm,3mm,41.13mm,2mm
1916,2V,28.5mm,6mm,41.58mm,10.5mm,29mm,3mm,41.13mm,2mm
1917,2V,28.5mm,6mm,41.58mm,11mm,29mm,3mm,41.13mm,2mm
1918,3V,28.5mm,6mm,41.58mm,10mm,29mm,3mm,41.13mm,1mm
1919,3V,28.5mm,6mm,41.58mm,10.5mm,29mm,3mm,41.13mm,1mm
1920,3V,28.5mm,6mm,41.58mm,11mm,29mm,3mm,41.13mm,1mm
1921,3V,28.5mm,6mm,41.58mm,10mm,29mm,3mm,41.13mm,1.5mm
1922,3V,28.5mm,6mm,41.58mm,10.5mm,29mm,3mm,41.13mm,1.5mm
1923,3V,28.5mm,6mm,41.58mm,11mm,29mm,3mm,41.13mm,1.5mm
1924,3V,28.5mm,6mm,41.58mm,10mm,29mm,3mm,41.13mm,2mm
1925,3V,28.5mm,6mm,41.58mm,10.5mm,29mm,3mm,41.13mm,2mm
1926,3V,28.5mm,6mm,41.58mm,11mm,29mm,3mm,41.13mm,2mm
1927,4V,28.5mm,6mm,41.58mm,10mm,29mm,3mm,41.13mm,1mm
1928,4V,28.5mm,6mm,41.58mm,10.5mm,29mm,3mm,41.13mm,1mm
1929,4V,28.5mm,6mm,41.58mm,11mm,29mm,3mm,41.13mm,1mm
1930,4V,28.5mm,6mm,41.58mm,10mm,29mm,3mm,41.13mm,1.5mm
1931,4V,28.5mm,6mm,41.58mm,10.5mm,29mm,3mm,41.13mm,1.5mm
1932,4V,28.5mm,6mm,41.58mm,11mm,29mm,3mm,41.13mm,1.5mm
1933,4V,28.5mm,6mm,41.58mm,10mm,29mm,3mm,41.13mm,2mm
1934,4V,28.5mm,6mm,41.58mm,10.5mm,29mm,3mm,41.13mm,2mm
1935,4V,28.5mm,6mm,41.58mm,11mm,29mm,3mm,41.13mm,2mm
1936,5V,28.5mm,6mm,41.58mm,10mm,29mm,3mm,41.13mm,1mm
1937,5V,28.5mm,6mm,41.58mm,10.5mm,29mm,3mm,41.13mm,1mm
1938,5V,28.5mm,6mm,41.58mm,11mm,29mm,3mm,41.13mm,1mm
1939,5V,28.5mm,6mm,41.58mm,10mm,29mm,3mm,41.13mm,1.5mm
1940,5V,28.5mm,6mm,41.58mm,10.5mm,29mm,3mm,41.13mm,1.5mm
1941,5V,28.5mm,6mm,41.58mm,11mm,29mm,3mm,41.13mm,1.5mm
1942,5V,28.5mm,6mm,41.58mm,10mm,29mm,3mm,41.13mm,2mm
1943,5V,28.5mm,6mm,41.58mm,10.5mm,29mm,3mm,41.13mm,2mm
1944,5V,28.5mm,6mm,41.58mm,11mm,29mm,3mm,41.13mm,2mm
2485,0V,29mm,6mm,41.58mm,10mm,29mm,3mm,41.13mm,1mm
2486,0V,29mm,6mm,41.58mm,10.5mm,29mm,3mm,41.13mm,1mm
2487,0V,29mm,6mm,41.58mm,11mm,29mm,3mm,41.13mm,1mm
2488,0V,29mm,6mm,41.58mm,10mm,29mm,3mm,41.13mm,1.5mm
2489,0V,29mm,6mm,41.58mm,10.5mm,29mm,3mm,41.13mm,1.5mm
2490,0V,29mm,6mm,41.58mm,11mm,29mm,3mm,41.13mm,1.5mm
2491,0V,29mm,6mm,41.58mm,10mm,29mm,3mm,41.13mm,2mm
2492,0V,29mm,6mm,41.58mm,10.5mm,29mm,3mm,41.13mm,2mm
2493,0V,29mm,6mm,41.58mm,11mm,29mm,3mm,41.13mm,2mm
2494,1V,29mm,6mm,41.58mm,10mm,29mm,3mm,41.13mm,1mm
2495,1V,29mm,6mm,41.58mm,10.5mm,29mm,3mm,41.13mm,1mm
2496,1V,29mm,6mm,41.58mm,11mm,29mm,3mm,41.13mm,1mm
2497,1V,29mm,6mm,41.58mm,10mm,29mm,3mm,41.13mm,1.5mm
2498,1V,29mm,6mm,41.58mm,10.5mm,29mm,3mm,41.13mm,1.5mm
2499,1V,29mm,6mm,41.58mm,11mm,29mm,3mm,41.13mm,1.5mm
2500,1V,29mm,6mm,41.58mm,10mm,29mm,3mm,41.13mm,2mm
2501,1V,29mm,6mm,41.58mm,10.5mm,29mm,3mm,41.13mm,2mm
2502,1V,29mm,6mm,41.58mm,11mm,29mm,3mm,41.13mm,2mm
2503,2V,29mm,6mm,41.58mm,10mm,29mm,3mm,41.13mm,1mm
2504,2V,29mm,6mm,41.58mm,10.5mm,29mm,3mm,41.13mm,1mm
2505,2V,29mm,6mm,41.58mm,11mm,29mm,3mm,41.13mm,1mm
2506,2V,29mm,6mm,41.58mm,10mm,29mm,3mm,41.13mm,1.5mm
2507,2V,29mm,6mm,41.58mm,10.5mm,29mm,3mm,41.13mm,1.5mm
2508,2V,29mm,6mm,41.58mm,11mm,29mm,3mm,41.13mm,1.5mm
2509,2V,29mm,6mm,41.58mm,10mm,29mm,3mm,41.13mm,2mm
2510,2V,29mm,6mm,41.58mm,10.5mm,29mm,3mm,41.13mm,2mm
2511,2V,29mm,6mm,41.58mm,11mm,29mm,3mm,41.13mm,2mm
2512,3V,29mm,6mm,41.58mm,10mm,29mm,3mm,41.13mm,1mm
2513,3V,29mm,6mm,41.58mm,10.5mm,29mm,3mm,41.13mm,1mm
2514,3V,29mm,6mm,41.58mm,11mm,29mm,3mm,41.13mm,1mm
2515,3V,29mm,6mm,41.58mm,10mm,29mm,3mm,41.13mm,1.5mm
2516,3V,29mm,6mm,41.58mm,10.5mm,29mm,3mm,41.13mm,1.5mm
2517,3V,29mm,6mm,41.58mm,11mm,29mm,3mm,41.13mm,1.5mm
2518,3V,29mm,6mm,41.58mm,10mm,29mm,3mm,41.13mm,2mm
2519,3V,29mm,6mm,41.58mm,10.5mm,29mm,3mm,41.13mm,2mm
2520,3V,29mm,6mm,41.58mm,11mm,29mm,3mm,41.13mm,2mm
2521,4V,29mm,6mm,41.58mm,10mm,29mm,3mm,41.13mm,1mm
2522,4V,29mm,6mm,41.58mm,10.5mm,29mm,3mm,41.13mm,1mm
2523,4V,29mm,6mm,41.58mm,11mm,29mm,3mm,41.13mm,1mm
2524,4V,29mm,6mm,41.58mm,10mm,29mm,3mm,41.13mm,1.5mm
2525,4V,29mm,6mm,41.58mm,10.5mm,29mm,3mm,41.13mm,1.5mm
2526,4V,29mm,6mm,41.58mm,11mm,29mm,3mm,41.13mm,1.5mm
2527,4V,29mm,6mm,41.58mm,10mm,29mm,3mm,41.13mm,2mm
2528,4V,29mm,6mm,41.58mm,10.5mm,29mm,3mm,41.13mm,2mm
2529,4V,29mm,6mm,41.58mm,11mm,29mm,3mm,41.13mm,2mm
2530,5V,29mm,6mm,41.58mm,10mm,29mm,3mm,41.13mm,1mm
2531,5V,29mm,6mm,41.58mm,10.5mm,29mm,3mm,41.13mm,1mm
2532,5V,29mm,6mm,41.58mm,11mm,29mm,3mm,41.13mm,1mm
2533,5V,29mm,6mm,41.58mm,10mm,29mm,3mm,41.13mm,1.5mm
2534,5V,29mm,6mm,41.58mm,10.5mm,29mm,3mm,41.13mm,1.5mm
2535,5V,29mm,6mm,41.58mm,11mm,29mm,3mm,41.13mm,1.5mm
2536,5V,29mm,6mm,41.58mm,10mm,29mm,3mm,41.13mm,2mm
2537,5V,29mm,6mm,41.58mm,10.5mm,29mm,3mm,41.13mm,2mm
2538,5V,29mm,6mm,41.58mm,11mm,29mm,3mm,41.13mm,2mm
3079,0V,29.5mm,6mm,41.58mm,10mm,29mm,3mm,41.13mm,1mm
3080,0V,29.5mm,6mm,41.58mm,10.5mm,29mm,3mm,41.13mm,1mm
3081,0V,29.5mm,6mm,41.58mm,11mm,29mm,3mm,41.13mm,1mm
3082,0V,29.5mm,6mm,41.58mm,10mm,29mm,3mm,41.13mm,1.5mm
3083,0V,29.5mm,6mm,41.58mm,10.5mm,29mm,3mm,41.13mm,1.5mm
3084,0V,29.5mm,6mm,41.58mm,11mm,29mm,3mm,41.13mm,1.5mm
3085,0V,29.5mm,6mm,41.58mm,10mm,29mm,3mm,41.13mm,2mm
3086,0V,29.5mm,6mm,41.58mm,10.5mm,29mm,3mm,41.13mm,2mm
3087,0V,29.5mm,6mm,41.58mm,11mm,29mm,3mm,41.13mm,2mm
3088,1V,29.5mm,6mm,41.58mm,10mm,29mm,3mm,41.13mm,1mm
3089,1V,29.5mm,6mm,41.58mm,10.5mm,29mm,3mm,41.13mm,1mm
3090,1V,29.5mm,6mm,41.58mm,11mm,29mm,3mm,41.13mm,1mm
3091,1V,29.5mm,6mm,41.58mm,10mm,29mm,3mm,41.13mm,1.5mm
3092,1V,29.5mm,6mm,41.58mm,10.5mm,29mm,3mm,41.13mm,1.5mm
3093,1V,29.5mm,6mm,41.58mm,11mm,29mm,3mm,41.13mm,1.5mm
3094,1V,29.5mm,6mm,41.58mm,10mm,29mm,3mm,41.13mm,2mm
3095,1V,29.5mm,6mm,41.58mm,10.5mm,29mm,3mm,41.13mm,2mm
3096,1V,29.5mm,6mm,41.58mm,11mm,29mm,3mm,41.13mm,2mm
3097,2V,29.5mm,6mm,41.58mm,10mm,29mm,3mm,41.13mm,1mm
3098,2V,29.5mm,6mm,41.58mm,10.5mm,29mm,3mm,41.13mm,1mm
3099,2V,29.5mm,6mm,41.58mm,11mm,29mm,3mm,41.13mm,1mm
3100,2V,29.5mm,6mm,41.58mm,10mm,29mm,3mm,41.13mm,1.5mm
3101,2V,29.5mm,6mm,41.58mm,10.5mm,29mm,3mm,41.13mm,1.5mm
3102,2V,29.5mm,6mm,41.58mm,11mm,29mm,3mm,41.13mm,1.5mm
3103,2V,29.5mm,6mm,41.58mm,10mm,29mm,3mm,41.13mm,2mm
3104,2V,29.5mm,6mm,41.58mm,10.5mm,29mm,3mm,41.13mm,2mm
3105,2V,29.5mm,6mm,41.58mm,11mm,29mm,3mm,41.13mm,2mm
3106,3V,29.5mm,6mm,41.58mm,10mm,29mm,3mm,41.13mm,1mm
3107,3V,29.5mm,6mm,41.58mm,10.5mm,29mm,3mm,41.13mm,1mm
3108,3V,29.5mm,6mm,41.58mm,11mm,29mm,3mm,41.13mm,1mm
3109,3V,29.5mm,6mm,41.58mm,10mm,29mm,3mm,41.13mm,1.5mm
3110,3V,29.5mm,6mm,41.58mm,10.5mm,29mm,3mm,41.13mm,1.5mm
3111,3V,29.5mm,6mm,41.58mm,11mm,29mm,3mm,41.13mm,1.5mm
3112,3V,29.5mm,6mm,41.58mm,10mm,29mm,3mm,41.13mm,2mm
3113,3V,29.5mm,6mm,41.58mm,10.5mm,29mm,3mm,41.13mm,2mm
3114,3V,29.5mm,6mm,41.58mm,11mm,29mm,3mm,41.13mm,2mm
3115,4V,29.5mm,6mm,41.58mm,10mm,29mm,3mm,41.13mm,1mm
3116,4V,29.5mm,6mm,41.58mm,10.5mm,29mm,3mm,41.13mm,1mm
3117,4V,29.5mm,6mm,41.58mm,11mm,29mm,3mm,41.13mm,1mm
3118,4V,29.5mm,6mm,41.58mm,10mm,29mm,3mm,41.13mm,1.5mm
3119,4V,29.5mm,6mm,41.58mm,10.5mm,29mm,3mm,41.13mm,1.5mm
3120,4V,29.5mm,6mm,41.58mm,11mm,29mm,3mm,41.13mm,1.5mm
3121,4V,29.5mm,6mm,41.58mm,10mm,29mm,3mm,41.13mm,2mm
3122,4V,29.5mm,6mm,41.58mm,10.5mm,29mm,3mm,41.13mm,2mm
3123,4V,29.5mm,6mm,41.58mm,11mm,29mm,3mm,41.13mm,2mm
3124,5V,29.5mm,6mm,41.58mm,10mm,29mm,3mm,41.13mm,1mm
3125,5V,29.5mm,6mm,41.58mm,10.5mm,29mm,3mm,41.13mm,1mm
3126,5V,29.5mm,6mm,41.58mm,11mm,29mm,3mm,41.13mm,1mm
3127,5V,29.5mm,6mm,41.58mm,10mm,29mm,3mm,41.13mm,1.5mm
3128,5V,29.5mm,6mm,41.58mm,10.5mm,29mm,3mm,41.13mm,1.5mm
3129,5V,29.5mm,6mm,41.58mm,11mm,29mm,3mm,41.13mm,1.5mm
3130,5V,29.5mm,6mm,41.58mm,10mm,29mm,3mm,41.13mm,2mm
3131,5V,29.5mm,6mm,41.58mm,10.5mm,29mm,3mm,41.13mm,2mm
3132,5V,29.5mm,6mm,41.58mm,11mm,29mm,3mm,41.13mm,2mm
3673,0V,30mm,6mm,41.58mm,10mm,29mm,3mm,41.13mm,1mm
3674,0V,30mm,6mm,41.58mm,10.5mm,29mm,3mm,41.13mm,1mm
3675,0V,30mm,6mm,41.58mm,11mm,29mm,3mm,41.13mm,1mm
3676,0V,30mm,6mm,41.58mm,10mm,29mm,3mm,41.13mm,1.5mm
3677,0V,30mm,6mm,41.58mm,10.5mm,29mm,3mm,41.13mm,1.5mm
3678,0V,30mm,6mm,41.58mm,11mm,29mm,3mm,41.13mm,1.5mm
3679,0V,30mm,6mm,41.58mm,10mm,29mm,3mm,41.13mm,2mm
3680,0V,30mm,6mm,41.58mm,10.5mm,29mm,3mm,41.13mm,2mm
3681,0V,30mm,6mm,41.58mm,11mm,29mm,3mm,41.13mm,2mm
3682,1V,30mm,6mm,41.58mm,10mm,29mm,3mm,41.13mm,1mm
3683,1V,30mm,6mm,41.58mm,10.5mm,29mm,3mm,41.13mm,1mm
3684,1V,30mm,6mm,41.58mm,11mm,29mm,3mm,41.13mm,1mm
3685,1V,30mm,6mm,41.58mm,10mm,29mm,3mm,41.13mm,1.5mm
3686,1V,30mm,6mm,41.58mm,10.5mm,29mm,3mm,41.13mm,1.5mm
3687,1V,30mm,6mm,41.58mm,11mm,29mm,3mm,41.13mm,1.5mm
3688,1V,30mm,6mm,41.58mm,10mm,29mm,3mm,41.13mm,2mm
3689,1V,30mm,6mm,41.58mm,10.5mm,29mm,3mm,41.13mm,2mm
3690,1V,30mm,6mm,41.58mm,11mm,29mm,3mm,41.13mm,2mm
3691,2V,30mm,6mm,41.58mm,10mm,29mm,3mm,41.13mm,1mm
3692,2V,30mm,6mm,41.58mm,10.5mm,29mm,3mm,41.13mm,1mm
3693,2V,30mm,6mm,41.58mm,11mm,29mm,3mm,41.13mm,1mm
3694,2V,30mm,6mm,41.58mm,10mm,29mm,3mm,41.13mm,1.5mm
3695,2V,30mm,6mm,41.58mm,10.5mm,29mm,3mm,41.13mm,1.5mm
3696,2V,30mm,6mm,41.58mm,11mm,29mm,3mm,41.13mm,1.5mm
3697,2V,30mm,6mm,41.58mm,10mm,29mm,3mm,41.13mm,2mm
3698,2V,30mm,6mm,41.58mm,10.5mm,29mm,3mm,41.13mm,2mm
3699,2V,30mm,6mm,41.58mm,11mm,29mm,3mm,41.13mm,2mm
3700,3V,30mm,6mm,41.58mm,10mm,29mm,3mm,41.13mm,1mm
3701,3V,30mm,6mm,41.58mm,10.5mm,29mm,3mm,41.13mm,1mm
3702,3V,30mm,6mm,41.58mm,11mm,29mm,3mm,41.13mm,1mm
3703,3V,30mm,6mm,41.58mm,10mm,29mm,3mm,41.13mm,1.5mm
3704,3V,30mm,6mm,41.58mm,10.5mm,29mm,3mm,41.13mm,1.5mm
3705,3V,30mm,6mm,41.58mm,11mm,29mm,3mm,41.13mm,1.5mm
3706,3V,30mm,6mm,41.58mm,10mm,29mm,3mm,41.13mm,2mm
3707,3V,30mm,6mm,41.58mm,10.5mm,29mm,3mm,41.13mm,2mm
3708,3V,30mm,6mm,41.58mm,11mm,29mm,3mm,41.13mm,2mm
3709,4V,30mm,6mm,41.58mm,10mm,29mm,3mm,41.13mm,1mm
3710,4V,30mm,6mm,41.58mm,10.5mm,29mm,3mm,41.13mm,1mm
3711,4V,30mm,6mm,41.58mm,11mm,29mm,3mm,41.13mm,1mm
3712,4V,30mm,6mm,41.58mm,10mm,29mm,3mm,41.13mm,1.5mm
3713,4V,30mm,6mm,41.58mm,10.5mm,29mm,3mm,41.13mm,1.5mm
3714,4V,30mm,6mm,41.58mm,11mm,29mm,3mm,41.13mm,1.5mm
3715,4V,30mm,6mm,41.58mm,10mm,29mm,3mm,41.13mm,2mm
3716,4V,30mm,6mm,41.58mm,10.5mm,29mm,3mm,41.13mm,2mm
3717,4V,30mm,6mm,41.58mm,11mm,29mm,3mm,41.13mm,2mm
3718,5V,30mm,6mm,41.58mm,10mm,29mm,3mm,41.13mm,1mm
3719,5V,30mm,6mm,41.58mm,10.5mm,29mm,3mm,41.13mm,1mm
3720,5V,30mm,6mm,41.58mm,11mm,29mm,3mm,41.13mm,1mm
3721,5V,30mm,6mm,41.58mm,10mm,29mm,3mm,41.13mm,1.5mm
3722,5V,30mm,6mm,41.58mm,10.5mm,29mm,3mm,41.13mm,1.5mm
3723,5V,30mm,6mm,41.58mm,11mm,29mm,3mm,41.13mm,1.5mm
3724,5V,30mm,6mm,41.58mm,10mm,29mm,3mm,41.13mm,2mm
3725,5V,30mm,6mm,41.58mm,10.5mm,29mm,3mm,41.13mm,2mm
3726,5V,30mm,6mm,41.58mm,11mm,29mm,3mm,41.13mm,2mm
4267,0V,30.5mm,6mm,41.58mm,10mm,29mm,3mm,41.13mm,1mm
4268,0V,30.5mm,6mm,41.58mm,10.5mm,29mm,3mm,41.13mm,1mm
4269,0V,30.5mm,6mm,41.58mm,11mm,29mm,3mm,41.13mm,1mm
4270,0V,30.5mm,6mm,41.58mm,10mm,29mm,3mm,41.13mm,1.5mm
4271,0V,30.5mm,6mm,41.58mm,10.5mm,29mm,3mm,41.13mm,1.5mm
4272,0V,30.5mm,6mm,41.58mm,11mm,29mm,3mm,41.13mm,1.5mm
4273,0V,30.5mm,6mm,41.58mm,10mm,29mm,3mm,41.13mm,2mm
4274,0V,30.5mm,6mm,41.58mm,10.5mm,29mm,3mm,41.13mm,2mm
4275,0V,30.5mm,6mm,41.58mm,11mm,29mm,3mm,41.13mm,2mm
4276,1V,30.5mm,6mm,41.58mm,10mm,29mm,3mm,41.13mm,1mm
4277,1V,30.5mm,6mm,41.58mm,10.5mm,29mm,3mm,41.13mm,1mm
4278,1V,30.5mm,6mm,41.58mm,11mm,29mm,3mm,41.13mm,1mm
4279,1V,30.5mm,6mm,41.58mm,10mm,29mm,3mm,41.13mm,1.5mm
4280,1V,30.5mm,6mm,41.58mm,10.5mm,29mm,3mm,41.13mm,1.5mm
4281,1V,30.5mm,6mm,41.58mm,11mm,29mm,3mm,41.13mm,1.5mm
4282,1V,30.5mm,6mm,41.58mm,10mm,29mm,3mm,41.13mm,2mm
4283,1V,30.5mm,6mm,41.58mm,10.5mm,29mm,3mm,41.13mm,2mm
4284,1V,30.5mm,6mm,41.58mm,11mm,29mm,3mm,41.13mm,2mm
4285,2V,30.5mm,6mm,41.58mm,10mm,29mm,3mm,41.13mm,1mm
4286,2V,30.5mm,6mm,41.58mm,10.5mm,29mm,3mm,41.13mm,1mm
4287,2V,30.5mm,6mm,41.58mm,11mm,29mm,3mm,41.13mm,1mm
4288,2V,30.5mm,6mm,41.58mm,10mm,29mm,3mm,41.13mm,1.5mm
4289,2V,30.5mm,6mm,41.58mm,10.5mm,29mm,3mm,41.13mm,1.5mm
4290,2V,30.5mm,6mm,41.58mm,11mm,29mm,3mm,41.13mm,1.5mm
4291,2V,30.5mm,6mm,41.58mm,10mm,29mm,3mm,41.13mm,2mm
4292,2V,30.5mm,6mm,41.58mm,10.5mm,29mm,3mm,41.13mm,2mm
4293,2V,30.5mm,6mm,41.58mm,11mm,29mm,3mm,41.13mm,2mm
4294,3V,30.5mm,6mm,41.58mm,10mm,29mm,3mm,41.13mm,1mm
4295,3V,30.5mm,6mm,41.58mm,10.5mm,29mm,3mm,41.13mm,1mm
4296,3V,30.5mm,6mm,41.58mm,11mm,29mm,3mm,41.13mm,1mm
4297,3V,30.5mm,6mm,41.58mm,10mm,29mm,3mm,41.13mm,1.5mm
4298,3V,30.5mm,6mm,41.58mm,10.5mm,29mm,3mm,41.13mm,1.5mm
4299,3V,30.5mm,6mm,41.58mm,11mm,29mm,3mm,41.13mm,1.5mm
4300,3V,30.5mm,6mm,41.58mm,10mm,29mm,3mm,41.13mm,2mm
4301,3V,30.5mm,6mm,41.58mm,10.5mm,29mm,3mm,41.13mm,2mm
4302,3V,30.5mm,6mm,41.58mm,11mm,29mm,3mm,41.13mm,2mm
4303,4V,30.5mm,6mm,41.58mm,10mm,29mm,3mm,41.13mm,1mm
4304,4V,30.5mm,6mm,41.58mm,10.5mm,29mm,3mm,41.13mm,1mm
4305,4V,30.5mm,6mm,41.58mm,11mm,29mm,3mm,41.13mm,1mm
4306,4V,30.5mm,6mm,41.58mm,10mm,29mm,3mm,41.13mm,1.5mm
4307,4V,30.5mm,6mm,41.58mm,10.5mm,29mm,3mm,41.13mm,1.5mm
4308,4V,30.5mm,6mm,41.58mm,11mm,29mm,3mm,41.13mm,1.5mm
4309,4V,30.5mm,6mm,41.58mm,10mm,29mm,3mm,41.13mm,2mm
4310,4V,30.5mm,6mm,41.58mm,10.5mm,29mm,3mm,41.13mm,2mm
4311,4V,30.5mm,6mm,41.58mm,11mm,29mm,3mm,41.13mm,2mm
4312,5V,30.5mm,6mm,41.58mm,10mm,29mm,3mm,41.13mm,1mm
4313,5V,30.5mm,6mm,41.58mm,10.5mm,29mm,3mm,41.13mm,1mm
4314,5V,30.5mm,6mm,41.58mm,11mm,29mm,3mm,41.13mm,1mm
4315,5V,30.5mm,6mm,41.58mm,10mm,29mm,3mm,41.13mm,1.5mm
4316,5V,30.5mm,6mm,41.58mm,10.5mm,29mm,3mm,41.13mm,1.5mm
4317,5V,30.5mm,6mm,41.58mm,11mm,29mm,3mm,41.13mm,1.5mm
4318,5V,30.5mm,6mm,41.58mm,10mm,29mm,3mm,41.13mm,2mm
4319,5V,30.5mm,6mm,41.58mm,10.5mm,29mm,3mm,41.13mm,2mm
4320,5V,30.5mm,6mm,41.58mm,11mm,29mm,3mm,41.13mm,2mm
4861,0V,31mm,6mm,41.58mm,10mm,29mm,3mm,41.13mm,1mm
4862,0V,31mm,6mm,41.58mm,10.5mm,29mm,3mm,41.13mm,1mm
4863,0V,31mm,6mm,41.58mm,11mm,29mm,3mm,41.13mm,1mm
4864,0V,31mm,6mm,41.58mm,10mm,29mm,3mm,41.13mm,1.5mm
4865,0V,31mm,6mm,41.58mm,10.5mm,29mm,3mm,41.13mm,1.5mm
4866,0V,31mm,6mm,41.58mm,11mm,29mm,3mm,41.13mm,1.5mm
4867,0V,31mm,6mm,41.58mm,10mm,29mm,3mm,41.13mm,2mm
4868,0V,31mm,6mm,41.58mm,10.5mm,29mm,3mm,41.13mm,2mm
4869,0V,31mm,6mm,41.58mm,11mm,29mm,3mm,41.13mm,2mm
4870,1V,31mm,6mm,41.58mm,10mm,29mm,3mm,41.13mm,1mm
4871,1V,31mm,6mm,41.58mm,10.5mm,29mm,3mm,41.13mm,1mm
4872,1V,31mm,6mm,41.58mm,11mm,29mm,3mm,41.13mm,1mm
4873,1V,31mm,6mm,41.58mm,10mm,29mm,3mm,41.13mm,1.5mm
4874,1V,31mm,6mm,41.58mm,10.5mm,29mm,3mm,41.13mm,1.5mm
4875,1V,31mm,6mm,41.58mm,11mm,29mm,3mm,41.13mm,1.5mm
4876,1V,31mm,6mm,41.58mm,10mm,29mm,3mm,41.13mm,2mm
4877,1V,31mm,6mm,41.58mm,10.5mm,29mm,3mm,41.13mm,2mm
4878,1V,31mm,6mm,41.58mm,11mm,29mm,3mm,41.13mm,2mm
4879,2V,31mm,6mm,41.58mm,10mm,29mm,3mm,41.13mm,1mm
4880,2V,31mm,6mm,41.58mm,10.5mm,29mm,3mm,41.13mm,1mm
4881,2V,31mm,6mm,41.58mm,11mm,29mm,3mm,41.13mm,1mm
4882,2V,31mm,6mm,41.58mm,10mm,29mm,3mm,41.13mm,1.5mm
4883,2V,31mm,6mm,41.58mm,10.5mm,29mm,3mm,41.13mm,1.5mm
4884,2V,31mm,6mm,41.58mm,11mm,29mm,3mm,41.13mm,1.5mm
4885,2V,31mm,6mm,41.58mm,10mm,29mm,3mm,41.13mm,2mm
4886,2V,31mm,6mm,41.58mm,10.5mm,29mm,3mm,41.13mm,2mm
4887,2V,31mm,6mm,41.58mm,11mm,29mm,3mm,41.13mm,2mm
4888,3V,31mm,6mm,41.58mm,10mm,29mm,3mm,41.13mm,1mm
4889,3V,31mm,6mm,41.58mm,10.5mm,29mm,3mm,41.13mm,1mm
4890,3V,31mm,6mm,41.58mm,11mm,29mm,3mm,41.13mm,1mm
4891,3V,31mm,6mm,41.58mm,10mm,29mm,3mm,41.13mm,1.5mm
4892,3V,31mm,6mm,41.58mm,10.5mm,29mm,3mm,41.13mm,1.5mm
4893,3V,31mm,6mm,41.58mm,11mm,29mm,3mm,41.13mm,1.5mm
4894,3V,31mm,6mm,41.58mm,10mm,29mm,3mm,41.13mm,2mm
4895,3V,31mm,6mm,41.58mm,10.5mm,29mm,3mm,41.13mm,2mm
4896,3V,31mm,6mm,41.58mm,11mm,29mm,3mm,41.13mm,2mm
4897,4V,31mm,6mm,41.58mm,10mm,29mm,3mm,41.13mm,1mm
4898,4V,31mm,6mm,41.58mm,10.5mm,29mm,3mm,41.13mm,1mm
4899,4V,31mm,6mm,41.58mm,11mm,29mm,3mm,41.13mm,1mm
4900,4V,31mm,6mm,41.58mm,10mm,29mm,3mm,41.13mm,1.5mm
4901,4V,31mm,6mm,41.58mm,10.5mm,29mm,3mm,41.13mm,1.5mm
4902,4V,31mm,6mm,41.58mm,11mm,29mm,3mm,41.13mm,1.5mm
4903,4V,31mm,6mm,41.58mm,10mm,29mm,3mm,41.13mm,2mm
4904,4V,31mm,6mm,41.58mm,10.5mm,29mm,3mm,41.13mm,2mm
4905,4V,31mm,6mm,41.58mm,11mm,29mm,3mm,41.13mm,2mm
4906,5V,31mm,6mm,41.58mm,10mm,29mm,3mm,41.13mm,1mm
4907,5V,31mm,6mm,41.58mm,10.5mm,29mm,3mm,41.13mm,1mm
4908,5V,31mm,6mm,41.58mm,11mm,29mm,3mm,41.13mm,1mm
4909,5V,31mm,6mm,41.58mm,10mm,29mm,3mm,41.13mm,1.5mm
4910,5V,31mm,6mm,41.58mm,10.5mm,29mm,3mm,41.13mm,1.5mm
4911,5V,31mm,6mm,41.58mm,11mm,29mm,3mm,41.13mm,1.5mm
4912,5V,31mm,6mm,41.58mm,10mm,29mm,3mm,41.13mm,2mm
4913,5V,31mm,6mm,41.58mm,10.5mm,29mm,3mm,41.13mm,2mm
4914,5V,31mm,6mm,41.58mm,11mm,29mm,3mm,41.13mm,2mm
5455,0V,31.5mm,6mm,41.58mm,10mm,29mm,3mm,41.13mm,1mm
5456,0V,31.5mm,6mm,41.58mm,10.5mm,29mm,3mm,41.13mm,1mm
5457,0V,31.5mm,6mm,41.58mm,11mm,29mm,3mm,41.13mm,1mm
5458,0V,31.5mm,6mm,41.58mm,10mm,29mm,3mm,41.13mm,1.5mm
5459,0V,31.5mm,6mm,41.58mm,10.5mm,29mm,3mm,41.13mm,1.5mm
5460,0V,31.5mm,6mm,41.58mm,11mm,29mm,3mm,41.13mm,1.5mm
5461,0V,31.5mm,6mm,41.58mm,10mm,29mm,3mm,41.13mm,2mm
5462,0V,31.5mm,6mm,41.58mm,10.5mm,29mm,3mm,41.13mm,2mm
5463,0V,31.5mm,6mm,41.58mm,11mm,29mm,3mm,41.13mm,2mm
5464,1V,31.5mm,6mm,41.58mm,10mm,29mm,3mm,41.13mm,1mm
5465,1V,31.5mm,6mm,41.58mm,10.5mm,29mm,3mm,41.13mm,1mm
5466,1V,31.5mm,6mm,41.58mm,11mm,29mm,3mm,41.13mm,1mm
5467,1V,31.5mm,6mm,41.58mm,10mm,29mm,3mm,41.13mm,1.5mm
5468,1V,31.5mm,6mm,41.58mm,10.5mm,29mm,3mm,41.13mm,1.5mm
5469,1V,31.5mm,6mm,41.58mm,11mm,29mm,3mm,41.13mm,1.5mm
5470,1V,31.5mm,6mm,41.58mm,10mm,29mm,3mm,41.13mm,2mm
5471,1V,31.5mm,6mm,41.58mm,10.5mm,29mm,3mm,41.13mm,2mm
5472,1V,31.5mm,6mm,41.58mm,11mm,29mm,3mm,41.13mm,2mm
5473,2V,31.5mm,6mm,41.58mm,10mm,29mm,3mm,41.13mm,1mm
5474,2V,31.5mm,6mm,41.58mm,10.5mm,29mm,3mm,41.13mm,1mm
5475,2V,31.5mm,6mm,41.58mm,11mm,29mm,3mm,41.13mm,1mm
5476,2V,31.5mm,6mm,41.58mm,10mm,29mm,3mm,41.13mm,1.5mm
5477,2V,31.5mm,6mm,41.58mm,10.5mm,29mm,3mm,41.13mm,1.5mm
5478,2V,31.5mm,6mm,41.58mm,11mm,29mm,3mm,41.13mm,1.5mm
5479,2V,31.5mm,6mm,41.58mm,10mm,29mm,3mm,41.13mm,2mm
5480,2V,31.5mm,6mm,41.58mm,10.5mm,29mm,3mm,41.13mm,2mm
5481,2V,31.5mm,6mm,41.58mm,11mm,29mm,3mm,41.13mm,2mm
5482,3V,31.5mm,6mm,41.58mm,10mm,29mm,3mm,41.13mm,1mm
5483,3V,31.5mm,6mm,41.58mm,10.5mm,29mm,3mm,41.13mm,1mm
5484,3V,31.5mm,6mm,41.58mm,11mm,29mm,3mm,41.13mm,1mm
5485,3V,31.5mm,6mm,41.58mm,10mm,29mm,3mm,41.13mm,1.5mm
5486,3V,31.5mm,6mm,41.58mm,10.5mm,29mm,3mm,41.13mm,1.5mm
5487,3V,31.5mm,6mm,41.58mm,11mm,29mm,3mm,41.13mm,1.5mm
5488,3V,31.5mm,6mm,41.58mm,10mm,29mm,3mm,41.13mm,2mm
5489,3V,31.5mm,6mm,41.58mm,10.5mm,29mm,3mm,41.13mm,2mm
5490,3V,31.5mm,6mm,41.58mm,11mm,29mm,3mm,41.13mm,2mm
5491,4V,31.5mm,6mm,41.58mm,10mm,29mm,3mm,41.13mm,1mm
5492,4V,31.5mm,6mm,41.58mm,10.5mm,29mm,3mm,41.13mm,1mm
5493,4V,31.5mm,6mm,41.58mm,11mm,29mm,3mm,41.13mm,1mm
5494,4V,31.5mm,6mm,41.58mm,10mm,29mm,3mm,41.13mm,1.5mm
5495,4V,31.5mm,6mm,41.58mm,10.5mm,29mm,3mm,41.13mm,1.5mm
5496,4V,31.5mm,6mm,41.58mm,11mm,29mm,3mm,41.13mm,1.5mm
5497,4V,31.5mm,6mm,41.58mm,10mm,29mm,3mm,41.13mm,2mm
5498,4V,31.5mm,6mm,41.58mm,10.5mm,29mm,3mm,41.13mm,2mm
5499,4V,31.5mm,6mm,41.58mm,11mm,29mm,3mm,41.13mm,2mm
5500,5V,31.5mm,6mm,41.58mm,10mm,29mm,3mm,41.13mm,1mm
5501,5V,31.5mm,6mm,41.58mm,10.5mm,29mm,3mm,41.13mm,1mm
5502,5V,31.5mm,6mm,41.58mm,11mm,29mm,3mm,41.13mm,1mm
5503,5V,31.5mm,6mm,41.58mm,10mm,29mm,3mm,41.13mm,1.5mm
5504,5V,31.5mm,6mm,41.58mm,10.5mm,29mm,3mm,41.13mm,1.5mm
5505,5V,31.5mm,6mm,41.58mm,11mm,29mm,3mm,41.13mm,1.5mm
5506,5V,31.5mm,6mm,41.58mm,10mm,29mm,3mm,41.13mm,2mm
5507,5V,31.5mm,6mm,41.58mm,10.5mm,29mm,3mm,41.13mm,2mm
5508,5V,31.5mm,6mm,41.58mm,11mm,29mm,3mm,41.13mm,2mm
6049,0V,32mm,6mm,41.58mm,10mm,29mm,3mm,41.13mm,1mm
6050,0V,32mm,6mm,41.58mm,10.5mm,29mm,3mm,41.13mm,1mm
6051,0V,32mm,6mm,41.58mm,11mm,29mm,3mm,41.13mm,1mm
6052,0V,32mm,6mm,41.58mm,10mm,29mm,3mm,41.13mm,1.5mm
6053,0V,32mm,6mm,41.58mm,10.5mm,29mm,3mm,41.13mm,1.5mm
6054,0V,32mm,6mm,41.58mm,11mm,29mm,3mm,41.13mm,1.5mm
6055,0V,32mm,6mm,41.58mm,10mm,29mm,3mm,41.13mm,2mm
6056,0V,32mm,6mm,41.58mm,10.5mm,29mm,3mm,41.13mm,2mm
6057,0V,32mm,6mm,41.58mm,11mm,29mm,3mm,41.13mm,2mm
6058,1V,32mm,6mm,41.58mm,10mm,29mm,3mm,41.13mm,1mm
6059,1V,32mm,6mm,41.58mm,10.5mm,29mm,3mm,41.13mm,1mm
6060,1V,32mm,6mm,41.58mm,11mm,29mm,3mm,41.13mm,1mm
6061,1V,32mm,6mm,41.58mm,10mm,29mm,3mm,41.13mm,1.5mm
6062,1V,32mm,6mm,41.58mm,10.5mm,29mm,3mm,41.13mm,1.5mm
6063,1V,32mm,6mm,41.58mm,11mm,29mm,3mm,41.13mm,1.5mm
6064,1V,32mm,6mm,41.58mm,10mm,29mm,3mm,41.13mm,2mm
6065,1V,32mm,6mm,41.58mm,10.5mm,29mm,3mm,41.13mm,2mm
6066,1V,32mm,6mm,41.58mm,11mm,29mm,3mm,41.13mm,2mm
6067,2V,32mm,6mm,41.58mm,10mm,29mm,3mm,41.13mm,1mm
6068,2V,32mm,6mm,41.58mm,10.5mm,29mm,3mm,41.13mm,1mm
6069,2V,32mm,6mm,41.58mm,11mm,29mm,3mm,41.13mm,1mm
6070,2V,32mm,6mm,41.58mm,10mm,29mm,3mm,41.13mm,1.5mm
6071,2V,32mm,6mm,41.58mm,10.5mm,29mm,3mm,41.13mm,1.5mm
6072,2V,32mm,6mm,41.58mm,11mm,29mm,3mm,41.13mm,1.5mm
6073,2V,32mm,6mm,41.58mm,10mm,29mm,3mm,41.13mm,2mm
6074,2V,32mm,6mm,41.58mm,10.5mm,29mm,3mm,41.13mm,2mm
6075,2V,32mm,6mm,41.58mm,11mm,29mm,3mm,41.13mm,2mm
6076,3V,32mm,6mm,41.58mm,10mm,29mm,3mm,41.13mm,1mm
6077,3V,32mm,6mm,41.58mm,10.5mm,29mm,3mm,41.13mm,1mm
6078,3V,32mm,6mm,41.58mm,11mm,29mm,3mm,41.13mm,1mm
6079,3V,32mm,6mm,41.58mm,10mm,29mm,3mm,41.13mm,1.5mm
6080,3V,32mm,6mm,41.58mm,10.5mm,29mm,3mm,41.13mm,1.5mm
6081,3V,32mm,6mm,41.58mm,11mm,29mm,3mm,41.13mm,1.5mm
6082,3V,32mm,6mm,41.58mm,10mm,29mm,3mm,41.13mm,2mm
6083,3V,32mm,6mm,41.58mm,10.5mm,29mm,3mm,41.13mm,2mm
6084,3V,32mm,6mm,41.58mm,11mm,29mm,3mm,41.13mm,2mm
6085,4V,32mm,6mm,41.58mm,10mm,29mm,3mm,41.13mm,1mm
6086,4V,32mm,6mm,41.58mm,10.5mm,29mm,3mm,41.13mm,1mm
6087,4V,32mm,6mm,41.58mm,11mm,29mm,3mm,41.13mm,1mm
6088,4V,32mm,6mm,41.58mm,10mm,29mm,3mm,41.13mm,1.5mm
6089,4V,32mm,6mm,41.58mm,10.5mm,29mm,3mm,41.13mm,1.5mm
6090,4V,32mm,6mm,41.58mm,11mm,29mm,3mm,41.13mm,1.5mm
6091,4V,32mm,6mm,41.58mm,10mm,29mm,3mm,41.13mm,2mm
6092,4V,32mm,6mm,41.58mm,10.5mm,29mm,3mm,41.13mm,2mm
6093,4V,32mm,6mm,41.58mm,11mm,29mm,3mm,41.13mm,2mm
6094,5V,32mm,6mm,41.58mm,10mm,29mm,3mm,41.13mm,1mm
6095,5V,32mm,6mm,41.58mm,10.5mm,29mm,3mm,41.13mm,1mm
6096,5V,32mm,6mm,41.58mm,11mm,29mm,3mm,41.13mm,1mm
6097,5V,32mm,6mm,41.58mm,10mm,29mm,3mm,41.13mm,1.5mm
6098,5V,32mm,6mm,41.58mm,10.5mm,29mm,3mm,41.13mm,1.5mm
6099,5V,32mm,6mm,41.58mm,11mm,29mm,3mm,41.13mm,1.5mm
6100,5V,32mm,6mm,41.58mm,10mm,29mm,3mm,41.13mm,2mm
6101,5V,32mm,6mm,41.58mm,10.5mm,29mm,3mm,41.13mm,2mm
6102,5V,32mm,6mm,41.58mm,11mm,29mm,3mm,41.13mm,2mm
163,0V,27mm,6mm,41.58mm,10mm,29.5mm,3mm,41.13mm,1mm
164,0V,27mm,6mm,41.58mm,10.5mm,29.5mm,3mm,41.13mm,1mm
165,0V,27mm,6mm,41.58mm,11mm,29.5mm,3mm,41.13mm,1mm
166,0V,27mm,6mm,41.58mm,10mm,29.5mm,3mm,41.13mm,1.5mm
167,0V,27mm,6mm,41.58mm,10.5mm,29.5mm,3mm,41.13mm,1.5mm
168,0V,27mm,6mm,41.58mm,11mm,29.5mm,3mm,41.13mm,1.5mm
169,0V,27mm,6mm,41.58mm,10mm,29.5mm,3mm,41.13mm,2mm
170,0V,27mm,6mm,41.58mm,10.5mm,29.5mm,3mm,41.13mm,2mm
171,0V,27mm,6mm,41.58mm,11mm,29.5mm,3mm,41.13mm,2mm
172,1V,27mm,6mm,41.58mm,10mm,29.5mm,3mm,41.13mm,1mm
173,1V,27mm,6mm,41.58mm,10.5mm,29.5mm,3mm,41.13mm,1mm
174,1V,27mm,6mm,41.58mm,11mm,29.5mm,3mm,41.13mm,1mm
175,1V,27mm,6mm,41.58mm,10mm,29.5mm,3mm,41.13mm,1.5mm
176,1V,27mm,6mm,41.58mm,10.5mm,29.5mm,3mm,41.13mm,1.5mm
177,1V,27mm,6mm,41.58mm,11mm,29.5mm,3mm,41.13mm,1.5mm
178,1V,27mm,6mm,41.58mm,10mm,29.5mm,3mm,41.13mm,2mm
179,1V,27mm,6mm,41.58mm,10.5mm,29.5mm,3mm,41.13mm,2mm
180,1V,27mm,6mm,41.58mm,11mm,29.5mm,3mm,41.13mm,2mm
181,2V,27mm,6mm,41.58mm,10mm,29.5mm,3mm,41.13mm,1mm
182,2V,27mm,6mm,41.58mm,10.5mm,29.5mm,3mm,41.13mm,1mm
183,2V,27mm,6mm,41.58mm,11mm,29.5mm,3mm,41.13mm,1mm
184,2V,27mm,6mm,41.58mm,10mm,29.5mm,3mm,41.13mm,1.5mm
185,2V,27mm,6mm,41.58mm,10.5mm,29.5mm,3mm,41.13mm,1.5mm
186,2V,27mm,6mm,41.58mm,11mm,29.5mm,3mm,41.13mm,1.5mm
187,2V,27mm,6mm,41.58mm,10mm,29.5mm,3mm,41.13mm,2mm
188,2V,27mm,6mm,41.58mm,10.5mm,29.5mm,3mm,41.13mm,2mm
189,2V,27mm,6mm,41.58mm,11mm,29.5mm,3mm,41.13mm,2mm
190,3V,27mm,6mm,41.58mm,10mm,29.5mm,3mm,41.13mm,1mm
191,3V,27mm,6mm,41.58mm,10.5mm,29.5mm,3mm,41.13mm,1mm
192,3V,27mm,6mm,41.58mm,11mm,29.5mm,3mm,41.13mm,1mm
193,3V,27mm,6mm,41.58mm,10mm,29.5mm,3mm,41.13mm,1.5mm
194,3V,27mm,6mm,41.58mm,10.5mm,29.5mm,3mm,41.13mm,1.5mm
195,3V,27mm,6mm,41.58mm,11mm,29.5mm,3mm,41.13mm,1.5mm
196,3V,27mm,6mm,41.58mm,10mm,29.5mm,3mm,41.13mm,2mm
197,3V,27mm,6mm,41.58mm,10.5mm,29.5mm,3mm,41.13mm,2mm
198,3V,27mm,6mm,41.58mm,11mm,29.5mm,3mm,41.13mm,2mm
199,4V,27mm,6mm,41.58mm,10mm,29.5mm,3mm,41.13mm,1mm
200,4V,27mm,6mm,41.58mm,10.5mm,29.5mm,3mm,41.13mm,1mm
201,4V,27mm,6mm,41.58mm,11mm,29.5mm,3mm,41.13mm,1mm
202,4V,27mm,6mm,41.58mm,10mm,29.5mm,3mm,41.13mm,1.5mm
203,4V,27mm,6mm,41.58mm,10.5mm,29.5mm,3mm,41.13mm,1.5mm
204,4V,27mm,6mm,41.58mm,11mm,29.5mm,3mm,41.13mm,1.5mm
205,4V,27mm,6mm,41.58mm,10mm,29.5mm,3mm,41.13mm,2mm
206,4V,27mm,6mm,41.58mm,10.5mm,29.5mm,3mm,41.13mm,2mm
207,4V,27mm,6mm,41.58mm,11mm,29.5mm,3mm,41.13mm,2mm
208,5V,27mm,6mm,41.58mm,10mm,29.5mm,3mm,41.13mm,1mm
209,5V,27mm,6mm,41.58mm,10.5mm,29.5mm,3mm,41.13mm,1mm
210,5V,27mm,6mm,41.58mm,11mm,29.5mm,3mm,41.13mm,1mm
211,5V,27mm,6mm,41.58mm,10mm,29.5mm,3mm,41.13mm,1.5mm
212,5V,27mm,6mm,41.58mm,10.5mm,29.5mm,3mm,41.13mm,1.5mm
213,5V,27mm,6mm,41.58mm,11mm,29.5mm,3mm,41.13mm,1.5mm
214,5V,27mm,6mm,41.58mm,10mm,29.5mm,3mm,41.13mm,2mm
215,5V,27mm,6mm,41.58mm,10.5mm,29.5mm,3mm,41.13mm,2mm
216,5V,27mm,6mm,41.58mm,11mm,29.5mm,3mm,41.13mm,2mm
757,0V,27.5mm,6mm,41.58mm,10mm,29.5mm,3mm,41.13mm,1mm
758,0V,27.5mm,6mm,41.58mm,10.5mm,29.5mm,3mm,41.13mm,1mm
759,0V,27.5mm,6mm,41.58mm,11mm,29.5mm,3mm,41.13mm,1mm
760,0V,27.5mm,6mm,41.58mm,10mm,29.5mm,3mm,41.13mm,1.5mm
761,0V,27.5mm,6mm,41.58mm,10.5mm,29.5mm,3mm,41.13mm,1.5mm
762,0V,27.5mm,6mm,41.58mm,11mm,29.5mm,3mm,41.13mm,1.5mm
763,0V,27.5mm,6mm,41.58mm,10mm,29.5mm,3mm,41.13mm,2mm
764,0V,27.5mm,6mm,41.58mm,10.5mm,29.5mm,3mm,41.13mm,2mm
765,0V,27.5mm,6mm,41.58mm,11mm,29.5mm,3mm,41.13mm,2mm
766,1V,27.5mm,6mm,41.58mm,10mm,29.5mm,3mm,41.13mm,1mm
767,1V,27.5mm,6mm,41.58mm,10.5mm,29.5mm,3mm,41.13mm,1mm
768,1V,27.5mm,6mm,41.58mm,11mm,29.5mm,3mm,41.13mm,1mm
769,1V,27.5mm,6mm,41.58mm,10mm,29.5mm,3mm,41.13mm,1.5mm
770,1V,27.5mm,6mm,41.58mm,10.5mm,29.5mm,3mm,41.13mm,1.5mm
771,1V,27.5mm,6mm,41.58mm,11mm,29.5mm,3mm,41.13mm,1.5mm
772,1V,27.5mm,6mm,41.58mm,10mm,29.5mm,3mm,41.13mm,2mm
773,1V,27.5mm,6mm,41.58mm,10.5mm,29.5mm,3mm,41.13mm,2mm
774,1V,27.5mm,6mm,41.58mm,11mm,29.5mm,3mm,41.13mm,2mm
775,2V,27.5mm,6mm,41.58mm,10mm,29.5mm,3mm,41.13mm,1mm
776,2V,27.5mm,6mm,41.58mm,10.5mm,29.5mm,3mm,41.13mm,1mm
777,2V,27.5mm,6mm,41.58mm,11mm,29.5mm,3mm,41.13mm,1mm
778,2V,27.5mm,6mm,41.58mm,10mm,29.5mm,3mm,41.13mm,1.5mm
779,2V,27.5mm,6mm,41.58mm,10.5mm,29.5mm,3mm,41.13mm,1.5mm
780,2V,27.5mm,6mm,41.58mm,11mm,29.5mm,3mm,41.13mm,1.5mm
781,2V,27.5mm,6mm,41.58mm,10mm,29.5mm,3mm,41.13mm,2mm
782,2V,27.5mm,6mm,41.58mm,10.5mm,29.5mm,3mm,41.13mm,2mm
783,2V,27.5mm,6mm,41.58mm,11mm,29.5mm,3mm,41.13mm,2mm
784,3V,27.5mm,6mm,41.58mm,10mm,29.5mm,3mm,41.13mm,1mm
785,3V,27.5mm,6mm,41.58mm,10.5mm,29.5mm,3mm,41.13mm,1mm
786,3V,27.5mm,6mm,41.58mm,11mm,29.5mm,3mm,41.13mm,1mm
787,3V,27.5mm,6mm,41.58mm,10mm,29.5mm,3mm,41.13mm,1.5mm
788,3V,27.5mm,6mm,41.58mm,10.5mm,29.5mm,3mm,41.13mm,1.5mm
789,3V,27.5mm,6mm,41.58mm,11mm,29.5mm,3mm,41.13mm,1.5mm
790,3V,27.5mm,6mm,41.58mm,10mm,29.5mm,3mm,41.13mm,2mm
791,3V,27.5mm,6mm,41.58mm,10.5mm,29.5mm,3mm,41.13mm,2mm
792,3V,27.5mm,6mm,41.58mm,11mm,29.5mm,3mm,41.13mm,2mm
793,4V,27.5mm,6mm,41.58mm,10mm,29.5mm,3mm,41.13mm,1mm
794,4V,27.5mm,6mm,41.58mm,10.5mm,29.5mm,3mm,41.13mm,1mm
795,4V,27.5mm,6mm,41.58mm,11mm,29.5mm,3mm,41.13mm,1mm
796,4V,27.5mm,6mm,41.58mm,10mm,29.5mm,3mm,41.13mm,1.5mm
797,4V,27.5mm,6mm,41.58mm,10.5mm,29.5mm,3mm,41.13mm,1.5mm
798,4V,27.5mm,6mm,41.58mm,11mm,29.5mm,3mm,41.13mm,1.5mm
799,4V,27.5mm,6mm,41.58mm,10mm,29.5mm,3mm,41.13mm,2mm
800,4V,27.5mm,6mm,41.58mm,10.5mm,29.5mm,3mm,41.13mm,2mm
801,4V,27.5mm,6mm,41.58mm,11mm,29.5mm,3mm,41.13mm,2mm
802,5V,27.5mm,6mm,41.58mm,10mm,29.5mm,3mm,41.13mm,1mm
803,5V,27.5mm,6mm,41.58mm,10.5mm,29.5mm,3mm,41.13mm,1mm
804,5V,27.5mm,6mm,41.58mm,11mm,29.5mm,3mm,41.13mm,1mm
805,5V,27.5mm,6mm,41.58mm,10mm,29.5mm,3mm,41.13mm,1.5mm
806,5V,27.5mm,6mm,41.58mm,10.5mm,29.5mm,3mm,41.13mm,1.5mm
807,5V,27.5mm,6mm,41.58mm,11mm,29.5mm,3mm,41.13mm,1.5mm
808,5V,27.5mm,6mm,41.58mm,10mm,29.5mm,3mm,41.13mm,2mm
809,5V,27.5mm,6mm,41.58mm,10.5mm,29.5mm,3mm,41.13mm,2mm
810,5V,27.5mm,6mm,41.58mm,11mm,29.5mm,3mm,41.13mm,2mm
1351,0V,28mm,6mm,41.58mm,10mm,29.5mm,3mm,41.13mm,1mm
1352,0V,28mm,6mm,41.58mm,10.5mm,29.5mm,3mm,41.13mm,1mm
1353,0V,28mm,6mm,41.58mm,11mm,29.5mm,3mm,41.13mm,1mm
1354,0V,28mm,6mm,41.58mm,10mm,29.5mm,3mm,41.13mm,1.5mm
1355,0V,28mm,6mm,41.58mm,10.5mm,29.5mm,3mm,41.13mm,1.5mm
1356,0V,28mm,6mm,41.58mm,11mm,29.5mm,3mm,41.13mm,1.5mm
1357,0V,28mm,6mm,41.58mm,10mm,29.5mm,3mm,41.13mm,2mm
1358,0V,28mm,6mm,41.58mm,10.5mm,29.5mm,3mm,41.13mm,2mm
1359,0V,28mm,6mm,41.58mm,11mm,29.5mm,3mm,41.13mm,2mm
1360,1V,28mm,6mm,41.58mm,10mm,29.5mm,3mm,41.13mm,1mm
1361,1V,28mm,6mm,41.58mm,10.5mm,29.5mm,3mm,41.13mm,1mm
1362,1V,28mm,6mm,41.58mm,11mm,29.5mm,3mm,41.13mm,1mm
1363,1V,28mm,6mm,41.58mm,10mm,29.5mm,3mm,41.13mm,1.5mm
1364,1V,28mm,6mm,41.58mm,10.5mm,29.5mm,3mm,41.13mm,1.5mm
1365,1V,28mm,6mm,41.58mm,11mm,29.5mm,3mm,41.13mm,1.5mm
1366,1V,28mm,6mm,41.58mm,10mm,29.5mm,3mm,41.13mm,2mm
1367,1V,28mm,6mm,41.58mm,10.5mm,29.5mm,3mm,41.13mm,2mm
1368,1V,28mm,6mm,41.58mm,11mm,29.5mm,3mm,41.13mm,2mm
1369,2V,28mm,6mm,41.58mm,10mm,29.5mm,3mm,41.13mm,1mm
1370,2V,28mm,6mm,41.58mm,10.5mm,29.5mm,3mm,41.13mm,1mm
1371,2V,28mm,6mm,41.58mm,11mm,29.5mm,3mm,41.13mm,1mm
1372,2V,28mm,6mm,41.58mm,10mm,29.5mm,3mm,41.13mm,1.5mm
1373,2V,28mm,6mm,41.58mm,10.5mm,29.5mm,3mm,41.13mm,1.5mm
1374,2V,28mm,6mm,41.58mm,11mm,29.5mm,3mm,41.13mm,1.5mm
1375,2V,28mm,6mm,41.58mm,10mm,29.5mm,3mm,41.13mm,2mm
1376,2V,28mm,6mm,41.58mm,10.5mm,29.5mm,3mm,41.13mm,2mm
1377,2V,28mm,6mm,41.58mm,11mm,29.5mm,3mm,41.13mm,2mm
1378,3V,28mm,6mm,41.58mm,10mm,29.5mm,3mm,41.13mm,1mm
1379,3V,28mm,6mm,41.58mm,10.5mm,29.5mm,3mm,41.13mm,1mm
1380,3V,28mm,6mm,41.58mm,11mm,29.5mm,3mm,41.13mm,1mm
1381,3V,28mm,6mm,41.58mm,10mm,29.5mm,3mm,41.13mm,1.5mm
1382,3V,28mm,6mm,41.58mm,10.5mm,29.5mm,3mm,41.13mm,1.5mm
1383,3V,28mm,6mm,41.58mm,11mm,29.5mm,3mm,41.13mm,1.5mm
1384,3V,28mm,6mm,41.58mm,10mm,29.5mm,3mm,41.13mm,2mm
1385,3V,28mm,6mm,41.58mm,10.5mm,29.5mm,3mm,41.13mm,2mm
1386,3V,28mm,6mm,41.58mm,11mm,29.5mm,3mm,41.13mm,2mm
1387,4V,28mm,6mm,41.58mm,10mm,29.5mm,3mm,41.13mm,1mm
1388,4V,28mm,6mm,41.58mm,10.5mm,29.5mm,3mm,41.13mm,1mm
1389,4V,28mm,6mm,41.58mm,11mm,29.5mm,3mm,41.13mm,1mm
1390,4V,28mm,6mm,41.58mm,10mm,29.5mm,3mm,41.13mm,1.5mm
1391,4V,28mm,6mm,41.58mm,10.5mm,29.5mm,3mm,41.13mm,1.5mm
1392,4V,28mm,6mm,41.58mm,11mm,29.5mm,3mm,41.13mm,1.5mm
1393,4V,28mm,6mm,41.58mm,10mm,29.5mm,3mm,41.13mm,2mm
1394,4V,28mm,6mm,41.58mm,10.5mm,29.5mm,3mm,41.13mm,2mm
1395,4V,28mm,6mm,41.58mm,11mm,29.5mm,3mm,41.13mm,2mm
1396,5V,28mm,6mm,41.58mm,10mm,29.5mm,3mm,41.13mm,1mm
1397,5V,28mm,6mm,41.58mm,10.5mm,29.5mm,3mm,41.13mm,1mm
1398,5V,28mm,6mm,41.58mm,11mm,29.5mm,3mm,41.13mm,1mm
1399,5V,28mm,6mm,41.58mm,10mm,29.5mm,3mm,41.13mm,1.5mm
1400,5V,28mm,6mm,41.58mm,10.5mm,29.5mm,3mm,41.13mm,1.5mm
1401,5V,28mm,6mm,41.58mm,11mm,29.5mm,3mm,41.13mm,1.5mm
1402,5V,28mm,6mm,41.58mm,10mm,29.5mm,3mm,41.13mm,2mm
1403,5V,28mm,6mm,41.58mm,10.5mm,29.5mm,3mm,41.13mm,2mm
1404,5V,28mm,6mm,41.58mm,11mm,29.5mm,3mm,41.13mm,2mm
1945,0V,28.5mm,6mm,41.58mm,10mm,29.5mm,3mm,41.13mm,1mm
1946,0V,28.5mm,6mm,41.58mm,10.5mm,29.5mm,3mm,41.13mm,1mm
1947,0V,28.5mm,6mm,41.58mm,11mm,29.5mm,3mm,41.13mm,1mm
1948,0V,28.5mm,6mm,41.58mm,10mm,29.5mm,3mm,41.13mm,1.5mm
1949,0V,28.5mm,6mm,41.58mm,10.5mm,29.5mm,3mm,41.13mm,1.5mm
1950,0V,28.5mm,6mm,41.58mm,11mm,29.5mm,3mm,41.13mm,1.5mm
1951,0V,28.5mm,6mm,41.58mm,10mm,29.5mm,3mm,41.13mm,2mm
1952,0V,28.5mm,6mm,41.58mm,10.5mm,29.5mm,3mm,41.13mm,2mm
1953,0V,28.5mm,6mm,41.58mm,11mm,29.5mm,3mm,41.13mm,2mm
1954,1V,28.5mm,6mm,41.58mm,10mm,29.5mm,3mm,41.13mm,1mm
1955,1V,28.5mm,6mm,41.58mm,10.5mm,29.5mm,3mm,41.13mm,1mm
1956,1V,28.5mm,6mm,41.58mm,11mm,29.5mm,3mm,41.13mm,1mm
1957,1V,28.5mm,6mm,41.58mm,10mm,29.5mm,3mm,41.13mm,1.5mm
1958,1V,28.5mm,6mm,41.58mm,10.5mm,29.5mm,3mm,41.13mm,1.5mm
1959,1V,28.5mm,6mm,41.58mm,11mm,29.5mm,3mm,41.13mm,1.5mm
1960,1V,28.5mm,6mm,41.58mm,10mm,29.5mm,3mm,41.13mm,2mm
1961,1V,28.5mm,6mm,41.58mm,10.5mm,29.5mm,3mm,41.13mm,2mm
1962,1V,28.5mm,6mm,41.58mm,11mm,29.5mm,3mm,41.13mm,2mm
1963,2V,28.5mm,6mm,41.58mm,10mm,29.5mm,3mm,41.13mm,1mm
1964,2V,28.5mm,6mm,41.58mm,10.5mm,29.5mm,3mm,41.13mm,1mm
1965,2V,28.5mm,6mm,41.58mm,11mm,29.5mm,3mm,41.13mm,1mm
1966,2V,28.5mm,6mm,41.58mm,10mm,29.5mm,3mm,41.13mm,1.5mm
1967,2V,28.5mm,6mm,41.58mm,10.5mm,29.5mm,3mm,41.13mm,1.5mm
1968,2V,28.5mm,6mm,41.58mm,11mm,29.5mm,3mm,41.13mm,1.5mm
1969,2V,28.5mm,6mm,41.58mm,10mm,29.5mm,3mm,41.13mm,2mm
1970,2V,28.5mm,6mm,41.58mm,10.5mm,29.5mm,3mm,41.13mm,2mm
1971,2V,28.5mm,6mm,41.58mm,11mm,29.5mm,3mm,41.13mm,2mm
1972,3V,28.5mm,6mm,41.58mm,10mm,29.5mm,3mm,41.13mm,1mm
1973,3V,28.5mm,6mm,41.58mm,10.5mm,29.5mm,3mm,41.13mm,1mm
1974,3V,28.5mm,6mm,41.58mm,11mm,29.5mm,3mm,41.13mm,1mm
1975,3V,28.5mm,6mm,41.58mm,10mm,29.5mm,3mm,41.13mm,1.5mm
1976,3V,28.5mm,6mm,41.58mm,10.5mm,29.5mm,3mm,41.13mm,1.5mm
1977,3V,28.5mm,6mm,41.58mm,11mm,29.5mm,3mm,41.13mm,1.5mm
1978,3V,28.5mm,6mm,41.58mm,10mm,29.5mm,3mm,41.13mm,2mm
1979,3V,28.5mm,6mm,41.58mm,10.5mm,29.5mm,3mm,41.13mm,2mm
1980,3V,28.5mm,6mm,41.58mm,11mm,29.5mm,3mm,41.13mm,2mm
1981,4V,28.5mm,6mm,41.58mm,10mm,29.5mm,3mm,41.13mm,1mm
1982,4V,28.5mm,6mm,41.58mm,10.5mm,29.5mm,3mm,41.13mm,1mm
1983,4V,28.5mm,6mm,41.58mm,11mm,29.5mm,3mm,41.13mm,1mm
1984,4V,28.5mm,6mm,41.58mm,10mm,29.5mm,3mm,41.13mm,1.5mm
1985,4V,28.5mm,6mm,41.58mm,10.5mm,29.5mm,3mm,41.13mm,1.5mm
1986,4V,28.5mm,6mm,41.58mm,11mm,29.5mm,3mm,41.13mm,1.5mm
1987,4V,28.5mm,6mm,41.58mm,10mm,29.5mm,3mm,41.13mm,2mm
1988,4V,28.5mm,6mm,41.58mm,10.5mm,29.5mm,3mm,41.13mm,2mm
1989,4V,28.5mm,6mm,41.58mm,11mm,29.5mm,3mm,41.13mm,2mm
1990,5V,28.5mm,6mm,41.58mm,10mm,29.5mm,3mm,41.13mm,1mm
1991,5V,28.5mm,6mm,41.58mm,10.5mm,29.5mm,3mm,41.13mm,1mm
1992,5V,28.5mm,6mm,41.58mm,11mm,29.5mm,3mm,41.13mm,1mm
1993,5V,28.5mm,6mm,41.58mm,10mm,29.5mm,3mm,41.13mm,1.5mm
1994,5V,28.5mm,6mm,41.58mm,10.5mm,29.5mm,3mm,41.13mm,1.5mm
1995,5V,28.5mm,6mm,41.58mm,11mm,29.5mm,3mm,41.13mm,1.5mm
1996,5V,28.5mm,6mm,41.58mm,10mm,29.5mm,3mm,41.13mm,2mm
1997,5V,28.5mm,6mm,41.58mm,10.5mm,29.5mm,3mm,41.13mm,2mm
1998,5V,28.5mm,6mm,41.58mm,11mm,29.5mm,3mm,41.13mm,2mm
2539,0V,29mm,6mm,41.58mm,10mm,29.5mm,3mm,41.13mm,1mm
2540,0V,29mm,6mm,41.58mm,10.5mm,29.5mm,3mm,41.13mm,1mm
2541,0V,29mm,6mm,41.58mm,11mm,29.5mm,3mm,41.13mm,1mm
2542,0V,29mm,6mm,41.58mm,10mm,29.5mm,3mm,41.13mm,1.5mm
2543,0V,29mm,6mm,41.58mm,10.5mm,29.5mm,3mm,41.13mm,1.5mm
2544,0V,29mm,6mm,41.58mm,11mm,29.5mm,3mm,41.13mm,1.5mm
2545,0V,29mm,6mm,41.58mm,10mm,29.5mm,3mm,41.13mm,2mm
2546,0V,29mm,6mm,41.58mm,10.5mm,29.5mm,3mm,41.13mm,2mm
2547,0V,29mm,6mm,41.58mm,11mm,29.5mm,3mm,41.13mm,2mm
2548,1V,29mm,6mm,41.58mm,10mm,29.5mm,3mm,41.13mm,1mm
2549,1V,29mm,6mm,41.58mm,10.5mm,29.5mm,3mm,41.13mm,1mm
2550,1V,29mm,6mm,41.58mm,11mm,29.5mm,3mm,41.13mm,1mm
2551,1V,29mm,6mm,41.58mm,10mm,29.5mm,3mm,41.13mm,1.5mm
2552,1V,29mm,6mm,41.58mm,10.5mm,29.5mm,3mm,41.13mm,1.5mm
2553,1V,29mm,6mm,41.58mm,11mm,29.5mm,3mm,41.13mm,1.5mm
2554,1V,29mm,6mm,41.58mm,10mm,29.5mm,3mm,41.13mm,2mm
2555,1V,29mm,6mm,41.58mm,10.5mm,29.5mm,3mm,41.13mm,2mm
2556,1V,29mm,6mm,41.58mm,11mm,29.5mm,3mm,41.13mm,2mm
2557,2V,29mm,6mm,41.58mm,10mm,29.5mm,3mm,41.13mm,1mm
2558,2V,29mm,6mm,41.58mm,10.5mm,29.5mm,3mm,41.13mm,1mm
2559,2V,29mm,6mm,41.58mm,11mm,29.5mm,3mm,41.13mm,1mm
2560,2V,29mm,6mm,41.58mm,10mm,29.5mm,3mm,41.13mm,1.5mm
2561,2V,29mm,6mm,41.58mm,10.5mm,29.5mm,3mm,41.13mm,1.5mm
2562,2V,29mm,6mm,41.58mm,11mm,29.5mm,3mm,41.13mm,1.5mm
2563,2V,29mm,6mm,41.58mm,10mm,29.5mm,3mm,41.13mm,2mm
2564,2V,29mm,6mm,41.58mm,10.5mm,29.5mm,3mm,41.13mm,2mm
2565,2V,29mm,6mm,41.58mm,11mm,29.5mm,3mm,41.13mm,2mm
2566,3V,29mm,6mm,41.58mm,10mm,29.5mm,3mm,41.13mm,1mm
2567,3V,29mm,6mm,41.58mm,10.5mm,29.5mm,3mm,41.13mm,1mm
2568,3V,29mm,6mm,41.58mm,11mm,29.5mm,3mm,41.13mm,1mm
2569,3V,29mm,6mm,41.58mm,10mm,29.5mm,3mm,41.13mm,1.5mm
2570,3V,29mm,6mm,41.58mm,10.5mm,29.5mm,3mm,41.13mm,1.5mm
2571,3V,29mm,6mm,41.58mm,11mm,29.5mm,3mm,41.13mm,1.5mm
2572,3V,29mm,6mm,41.58mm,10mm,29.5mm,3mm,41.13mm,2mm
2573,3V,29mm,6mm,41.58mm,10.5mm,29.5mm,3mm,41.13mm,2mm
2574,3V,29mm,6mm,41.58mm,11mm,29.5mm,3mm,41.13mm,2mm
2575,4V,29mm,6mm,41.58mm,10mm,29.5mm,3mm,41.13mm,1mm
2576,4V,29mm,6mm,41.58mm,10.5mm,29.5mm,3mm,41.13mm,1mm
2577,4V,29mm,6mm,41.58mm,11mm,29.5mm,3mm,41.13mm,1mm
2578,4V,29mm,6mm,41.58mm,10mm,29.5mm,3mm,41.13mm,1.5mm
2579,4V,29mm,6mm,41.58mm,10.5mm,29.5mm,3mm,41.13mm,1.5mm
2580,4V,29mm,6mm,41.58mm,11mm,29.5mm,3mm,41.13mm,1.5mm
2581,4V,29mm,6mm,41.58mm,10mm,29.5mm,3mm,41.13mm,2mm
2582,4V,29mm,6mm,41.58mm,10.5mm,29.5mm,3mm,41.13mm,2mm
2583,4V,29mm,6mm,41.58mm,11mm,29.5mm,3mm,41.13mm,2mm
2584,5V,29mm,6mm,41.58mm,10mm,29.5mm,3mm,41.13mm,1mm
2585,5V,29mm,6mm,41.58mm,10.5mm,29.5mm,3mm,41.13mm,1mm
2586,5V,29mm,6mm,41.58mm,11mm,29.5mm,3mm,41.13mm,1mm
2587,5V,29mm,6mm,41.58mm,10mm,29.5mm,3mm,41.13mm,1.5mm
2588,5V,29mm,6mm,41.58mm,10.5mm,29.5mm,3mm,41.13mm,1.5mm
2589,5V,29mm,6mm,41.58mm,11mm,29.5mm,3mm,41.13mm,1.5mm
2590,5V,29mm,6mm,41.58mm,10mm,29.5mm,3mm,41.13mm,2mm
2591,5V,29mm,6mm,41.58mm,10.5mm,29.5mm,3mm,41.13mm,2mm
2592,5V,29mm,6mm,41.58mm,11mm,29.5mm,3mm,41.13mm,2mm
3133,0V,29.5mm,6mm,41.58mm,10mm,29.5mm,3mm,41.13mm,1mm
3134,0V,29.5mm,6mm,41.58mm,10.5mm,29.5mm,3mm,41.13mm,1mm
3135,0V,29.5mm,6mm,41.58mm,11mm,29.5mm,3mm,41.13mm,1mm
3136,0V,29.5mm,6mm,41.58mm,10mm,29.5mm,3mm,41.13mm,1.5mm
3137,0V,29.5mm,6mm,41.58mm,10.5mm,29.5mm,3mm,41.13mm,1.5mm
3138,0V,29.5mm,6mm,41.58mm,11mm,29.5mm,3mm,41.13mm,1.5mm
3139,0V,29.5mm,6mm,41.58mm,10mm,29.5mm,3mm,41.13mm,2mm
3140,0V,29.5mm,6mm,41.58mm,10.5mm,29.5mm,3mm,41.13mm,2mm
3141,0V,29.5mm,6mm,41.58mm,11mm,29.5mm,3mm,41.13mm,2mm
3142,1V,29.5mm,6mm,41.58mm,10mm,29.5mm,3mm,41.13mm,1mm
3143,1V,29.5mm,6mm,41.58mm,10.5mm,29.5mm,3mm,41.13mm,1mm
3144,1V,29.5mm,6mm,41.58mm,11mm,29.5mm,3mm,41.13mm,1mm
3145,1V,29.5mm,6mm,41.58mm,10mm,29.5mm,3mm,41.13mm,1.5mm
3146,1V,29.5mm,6mm,41.58mm,10.5mm,29.5mm,3mm,41.13mm,1.5mm
3147,1V,29.5mm,6mm,41.58mm,11mm,29.5mm,3mm,41.13mm,1.5mm
3148,1V,29.5mm,6mm,41.58mm,10mm,29.5mm,3mm,41.13mm,2mm
3149,1V,29.5mm,6mm,41.58mm,10.5mm,29.5mm,3mm,41.13mm,2mm
3150,1V,29.5mm,6mm,41.58mm,11mm,29.5mm,3mm,41.13mm,2mm
3151,2V,29.5mm,6mm,41.58mm,10mm,29.5mm,3mm,41.13mm,1mm
3152,2V,29.5mm,6mm,41.58mm,10.5mm,29.5mm,3mm,41.13mm,1mm
3153,2V,29.5mm,6mm,41.58mm,11mm,29.5mm,3mm,41.13mm,1mm
3154,2V,29.5mm,6mm,41.58mm,10mm,29.5mm,3mm,41.13mm,1.5mm
3155,2V,29.5mm,6mm,41.58mm,10.5mm,29.5mm,3mm,41.13mm,1.5mm
3156,2V,29.5mm,6mm,41.58mm,11mm,29.5mm,3mm,41.13mm,1.5mm
3157,2V,29.5mm,6mm,41.58mm,10mm,29.5mm,3mm,41.13mm,2mm
3158,2V,29.5mm,6mm,41.58mm,10.5mm,29.5mm,3mm,41.13mm,2mm
3159,2V,29.5mm,6mm,41.58mm,11mm,29.5mm,3mm,41.13mm,2mm
3160,3V,29.5mm,6mm,41.58mm,10mm,29.5mm,3mm,41.13mm,1mm
3161,3V,29.5mm,6mm,41.58mm,10.5mm,29.5mm,3mm,41.13mm,1mm
3162,3V,29.5mm,6mm,41.58mm,11mm,29.5mm,3mm,41.13mm,1mm
3163,3V,29.5mm,6mm,41.58mm,10mm,29.5mm,3mm,41.13mm,1.5mm
3164,3V,29.5mm,6mm,41.58mm,10.5mm,29.5mm,3mm,41.13mm,1.5mm
3165,3V,29.5mm,6mm,41.58mm,11mm,29.5mm,3mm,41.13mm,1.5mm
3166,3V,29.5mm,6mm,41.58mm,10mm,29.5mm,3mm,41.13mm,2mm
3167,3V,29.5mm,6mm,41.58mm,10.5mm,29.5mm,3mm,41.13mm,2mm
3168,3V,29.5mm,6mm,41.58mm,11mm,29.5mm,3mm,41.13mm,2mm
3169,4V,29.5mm,6mm,41.58mm,10mm,29.5mm,3mm,41.13mm,1mm
3170,4V,29.5mm,6mm,41.58mm,10.5mm,29.5mm,3mm,41.13mm,1mm
3171,4V,29.5mm,6mm,41.58mm,11mm,29.5mm,3mm,41.13mm,1mm
3172,4V,29.5mm,6mm,41.58mm,10mm,29.5mm,3mm,41.13mm,1.5mm
3173,4V,29.5mm,6mm,41.58mm,10.5mm,29.5mm,3mm,41.13mm,1.5mm
3174,4V,29.5mm,6mm,41.58mm,11mm,29.5mm,3mm,41.13mm,1.5mm
3175,4V,29.5mm,6mm,41.58mm,10mm,29.5mm,3mm,41.13mm,2mm
3176,4V,29.5mm,6mm,41.58mm,10.5mm,29.5mm,3mm,41.13mm,2mm
3177,4V,29.5mm,6mm,41.58mm,11mm,29.5mm,3mm,41.13mm,2mm
3178,5V,29.5mm,6mm,41.58mm,10mm,29.5mm,3mm,41.13mm,1mm
3179,5V,29.5mm,6mm,41.58mm,10.5mm,29.5mm,3mm,41.13mm,1mm
3180,5V,29.5mm,6mm,41.58mm,11mm,29.5mm,3mm,41.13mm,1mm
3181,5V,29.5mm,6mm,41.58mm,10mm,29.5mm,3mm,41.13mm,1.5mm
3182,5V,29.5mm,6mm,41.58mm,10.5mm,29.5mm,3mm,41.13mm,1.5mm
3183,5V,29.5mm,6mm,41.58mm,11mm,29.5mm,3mm,41.13mm,1.5mm
3184,5V,29.5mm,6mm,41.58mm,10mm,29.5mm,3mm,41.13mm,2mm
3185,5V,29.5mm,6mm,41.58mm,10.5mm,29.5mm,3mm,41.13mm,2mm
3186,5V,29.5mm,6mm,41.58mm,11mm,29.5mm,3mm,41.13mm,2mm
3727,0V,30mm,6mm,41.58mm,10mm,29.5mm,3mm,41.13mm,1mm
3728,0V,30mm,6mm,41.58mm,10.5mm,29.5mm,3mm,41.13mm,1mm
3729,0V,30mm,6mm,41.58mm,11mm,29.5mm,3mm,41.13mm,1mm
3730,0V,30mm,6mm,41.58mm,10mm,29.5mm,3mm,41.13mm,1.5mm
3731,0V,30mm,6mm,41.58mm,10.5mm,29.5mm,3mm,41.13mm,1.5mm
3732,0V,30mm,6mm,41.58mm,11mm,29.5mm,3mm,41.13mm,1.5mm
3733,0V,30mm,6mm,41.58mm,10mm,29.5mm,3mm,41.13mm,2mm
3734,0V,30mm,6mm,41.58mm,10.5mm,29.5mm,3mm,41.13mm,2mm
3735,0V,30mm,6mm,41.58mm,11mm,29.5mm,3mm,41.13mm,2mm
3736,1V,30mm,6mm,41.58mm,10mm,29.5mm,3mm,41.13mm,1mm
3737,1V,30mm,6mm,41.58mm,10.5mm,29.5mm,3mm,41.13mm,1mm
3738,1V,30mm,6mm,41.58mm,11mm,29.5mm,3mm,41.13mm,1mm
3739,1V,30mm,6mm,41.58mm,10mm,29.5mm,3mm,41.13mm,1.5mm
3740,1V,30mm,6mm,41.58mm,10.5mm,29.5mm,3mm,41.13mm,1.5mm
3741,1V,30mm,6mm,41.58mm,11mm,29.5mm,3mm,41.13mm,1.5mm
3742,1V,30mm,6mm,41.58mm,10mm,29.5mm,3mm,41.13mm,2mm
3743,1V,30mm,6mm,41.58mm,10.5mm,29.5mm,3mm,41.13mm,2mm
3744,1V,30mm,6mm,41.58mm,11mm,29.5mm,3mm,41.13mm,2mm
3745,2V,30mm,6mm,41.58mm,10mm,29.5mm,3mm,41.13mm,1mm
3746,2V,30mm,6mm,41.58mm,10.5mm,29.5mm,3mm,41.13mm,1mm
3747,2V,30mm,6mm,41.58mm,11mm,29.5mm,3mm,41.13mm,1mm
3748,2V,30mm,6mm,41.58mm,10mm,29.5mm,3mm,41.13mm,1.5mm
3749,2V,30mm,6mm,41.58mm,10.5mm,29.5mm,3mm,41.13mm,1.5mm
3750,2V,30mm,6mm,41.58mm,11mm,29.5mm,3mm,41.13mm,1.5mm
3751,2V,30mm,6mm,41.58mm,10mm,29.5mm,3mm,41.13mm,2mm
3752,2V,30mm,6mm,41.58mm,10.5mm,29.5mm,3mm,41.13mm,2mm
3753,2V,30mm,6mm,41.58mm,11mm,29.5mm,3mm,41.13mm,2mm
3754,3V,30mm,6mm,41.58mm,10mm,29.5mm,3mm,41.13mm,1mm
3755,3V,30mm,6mm,41.58mm,10.5mm,29.5mm,3mm,41.13mm,1mm
3756,3V,30mm,6mm,41.58mm,11mm,29.5mm,3mm,41.13mm,1mm
3757,3V,30mm,6mm,41.58mm,10mm,29.5mm,3mm,41.13mm,1.5mm
3758,3V,30mm,6mm,41.58mm,10.5mm,29.5mm,3mm,41.13mm,1.5mm
3759,3V,30mm,6mm,41.58mm,11mm,29.5mm,3mm,41.13mm,1.5mm
3760,3V,30mm,6mm,41.58mm,10mm,29.5mm,3mm,41.13mm,2mm
3761,3V,30mm,6mm,41.58mm,10.5mm,29.5mm,3mm,41.13mm,2mm
3762,3V,30mm,6mm,41.58mm,11mm,29.5mm,3mm,41.13mm,2mm
3763,4V,30mm,6mm,41.58mm,10mm,29.5mm,3mm,41.13mm,1mm
3764,4V,30mm,6mm,41.58mm,10.5mm,29.5mm,3mm,41.13mm,1mm
3765,4V,30mm,6mm,41.58mm,11mm,29.5mm,3mm,41.13mm,1mm
3766,4V,30mm,6mm,41.58mm,10mm,29.5mm,3mm,41.13mm,1.5mm
3767,4V,30mm,6mm,41.58mm,10.5mm,29.5mm,3mm,41.13mm,1.5mm
3768,4V,30mm,6mm,41.58mm,11mm,29.5mm,3mm,41.13mm,1.5mm
3769,4V,30mm,6mm,41.58mm,10mm,29.5mm,3mm,41.13mm,2mm
3770,4V,30mm,6mm,41.58mm,10.5mm,29.5mm,3mm,41.13mm,2mm
3771,4V,30mm,6mm,41.58mm,11mm,29.5mm,3mm,41.13mm,2mm
3772,5V,30mm,6mm,41.58mm,10mm,29.5mm,3mm,41.13mm,1mm
3773,5V,30mm,6mm,41.58mm,10.5mm,29.5mm,3mm,41.13mm,1mm
3774,5V,30mm,6mm,41.58mm,11mm,29.5mm,3mm,41.13mm,1mm
3775,5V,30mm,6mm,41.58mm,10mm,29.5mm,3mm,41.13mm,1.5mm
3776,5V,30mm,6mm,41.58mm,10.5mm,29.5mm,3mm,41.13mm,1.5mm
3777,5V,30mm,6mm,41.58mm,11mm,29.5mm,3mm,41.13mm,1.5mm
3778,5V,30mm,6mm,41.58mm,10mm,29.5mm,3mm,41.13mm,2mm
3779,5V,30mm,6mm,41.58mm,10.5mm,29.5mm,3mm,41.13mm,2mm
3780,5V,30mm,6mm,41.58mm,11mm,29.5mm,3mm,41.13mm,2mm
4321,0V,30.5mm,6mm,41.58mm,10mm,29.5mm,3mm,41.13mm,1mm
4322,0V,30.5mm,6mm,41.58mm,10.5mm,29.5mm,3mm,41.13mm,1mm
4323,0V,30.5mm,6mm,41.58mm,11mm,29.5mm,3mm,41.13mm,1mm
4324,0V,30.5mm,6mm,41.58mm,10mm,29.5mm,3mm,41.13mm,1.5mm
4325,0V,30.5mm,6mm,41.58mm,10.5mm,29.5mm,3mm,41.13mm,1.5mm
4326,0V,30.5mm,6mm,41.58mm,11mm,29.5mm,3mm,41.13mm,1.5mm
4327,0V,30.5mm,6mm,41.58mm,10mm,29.5mm,3mm,41.13mm,2mm
4328,0V,30.5mm,6mm,41.58mm,10.5mm,29.5mm,3mm,41.13mm,2mm
4329,0V,30.5mm,6mm,41.58mm,11mm,29.5mm,3mm,41.13mm,2mm
4330,1V,30.5mm,6mm,41.58mm,10mm,29.5mm,3mm,41.13mm,1mm
4331,1V,30.5mm,6mm,41.58mm,10.5mm,29.5mm,3mm,41.13mm,1mm
4332,1V,30.5mm,6mm,41.58mm,11mm,29.5mm,3mm,41.13mm,1mm
4333,1V,30.5mm,6mm,41.58mm,10mm,29.5mm,3mm,41.13mm,1.5mm
4334,1V,30.5mm,6mm,41.58mm,10.5mm,29.5mm,3mm,41.13mm,1.5mm
4335,1V,30.5mm,6mm,41.58mm,11mm,29.5mm,3mm,41.13mm,1.5mm
4336,1V,30.5mm,6mm,41.58mm,10mm,29.5mm,3mm,41.13mm,2mm
4337,1V,30.5mm,6mm,41.58mm,10.5mm,29.5mm,3mm,41.13mm,2mm
4338,1V,30.5mm,6mm,41.58mm,11mm,29.5mm,3mm,41.13mm,2mm
4339,2V,30.5mm,6mm,41.58mm,10mm,29.5mm,3mm,41.13mm,1mm
4340,2V,30.5mm,6mm,41.58mm,10.5mm,29.5mm,3mm,41.13mm,1mm
4341,2V,30.5mm,6mm,41.58mm,11mm,29.5mm,3mm,41.13mm,1mm
4342,2V,30.5mm,6mm,41.58mm,10mm,29.5mm,3mm,41.13mm,1.5mm
4343,2V,30.5mm,6mm,41.58mm,10.5mm,29.5mm,3mm,41.13mm,1.5mm
4344,2V,30.5mm,6mm,41.58mm,11mm,29.5mm,3mm,41.13mm,1.5mm
4345,2V,30.5mm,6mm,41.58mm,10mm,29.5mm,3mm,41.13mm,2mm
4346,2V,30.5mm,6mm,41.58mm,10.5mm,29.5mm,3mm,41.13mm,2mm
4347,2V,30.5mm,6mm,41.58mm,11mm,29.5mm,3mm,41.13mm,2mm
4348,3V,30.5mm,6mm,41.58mm,10mm,29.5mm,3mm,41.13mm,1mm
4349,3V,30.5mm,6mm,41.58mm,10.5mm,29.5mm,3mm,41.13mm,1mm
4350,3V,30.5mm,6mm,41.58mm,11mm,29.5mm,3mm,41.13mm,1mm
4351,3V,30.5mm,6mm,41.58mm,10mm,29.5mm,3mm,41.13mm,1.5mm
4352,3V,30.5mm,6mm,41.58mm,10.5mm,29.5mm,3mm,41.13mm,1.5mm
4353,3V,30.5mm,6mm,41.58mm,11mm,29.5mm,3mm,41.13mm,1.5mm
4354,3V,30.5mm,6mm,41.58mm,10mm,29.5mm,3mm,41.13mm,2mm
4355,3V,30.5mm,6mm,41.58mm,10.5mm,29.5mm,3mm,41.13mm,2mm
4356,3V,30.5mm,6mm,41.58mm,11mm,29.5mm,3mm,41.13mm,2mm
4357,4V,30.5mm,6mm,41.58mm,10mm,29.5mm,3mm,41.13mm,1mm
4358,4V,30.5mm,6mm,41.58mm,10.5mm,29.5mm,3mm,41.13mm,1mm
4359,4V,30.5mm,6mm,41.58mm,11mm,29.5mm,3mm,41.13mm,1mm
4360,4V,30.5mm,6mm,41.58mm,10mm,29.5mm,3mm,41.13mm,1.5mm
4361,4V,30.5mm,6mm,41.58mm,10.5mm,29.5mm,3mm,41.13mm,1.5mm
4362,4V,30.5mm,6mm,41.58mm,11mm,29.5mm,3mm,41.13mm,1.5mm
4363,4V,30.5mm,6mm,41.58mm,10mm,29.5mm,3mm,41.13mm,2mm
4364,4V,30.5mm,6mm,41.58mm,10.5mm,29.5mm,3mm,41.13mm,2mm
4365,4V,30.5mm,6mm,41.58mm,11mm,29.5mm,3mm,41.13mm,2mm
4366,5V,30.5mm,6mm,41.58mm,10mm,29.5mm,3mm,41.13mm,1mm
4367,5V,30.5mm,6mm,41.58mm,10.5mm,29.5mm,3mm,41.13mm,1mm
4368,5V,30.5mm,6mm,41.58mm,11mm,29.5mm,3mm,41.13mm,1mm
4369,5V,30.5mm,6mm,41.58mm,10mm,29.5mm,3mm,41.13mm,1.5mm
4370,5V,30.5mm,6mm,41.58mm,10.5mm,29.5mm,3mm,41.13mm,1.5mm
4371,5V,30.5mm,6mm,41.58mm,11mm,29.5mm,3mm,41.13mm,1.5mm
4372,5V,30.5mm,6mm,41.58mm,10mm,29.5mm,3mm,41.13mm,2mm
4373,5V,30.5mm,6mm,41.58mm,10.5mm,29.5mm,3mm,41.13mm,2mm
4374,5V,30.5mm,6mm,41.58mm,11mm,29.5mm,3mm,41.13mm,2mm
4915,0V,31mm,6mm,41.58mm,10mm,29.5mm,3mm,41.13mm,1mm
4916,0V,31mm,6mm,41.58mm,10.5mm,29.5mm,3mm,41.13mm,1mm
4917,0V,31mm,6mm,41.58mm,11mm,29.5mm,3mm,41.13mm,1mm
4918,0V,31mm,6mm,41.58mm,10mm,29.5mm,3mm,41.13mm,1.5mm
4919,0V,31mm,6mm,41.58mm,10.5mm,29.5mm,3mm,41.13mm,1.5mm
4920,0V,31mm,6mm,41.58mm,11mm,29.5mm,3mm,41.13mm,1.5mm
4921,0V,31mm,6mm,41.58mm,10mm,29.5mm,3mm,41.13mm,2mm
4922,0V,31mm,6mm,41.58mm,10.5mm,29.5mm,3mm,41.13mm,2mm
4923,0V,31mm,6mm,41.58mm,11mm,29.5mm,3mm,41.13mm,2mm
4924,1V,31mm,6mm,41.58mm,10mm,29.5mm,3mm,41.13mm,1mm
4925,1V,31mm,6mm,41.58mm,10.5mm,29.5mm,3mm,41.13mm,1mm
4926,1V,31mm,6mm,41.58mm,11mm,29.5mm,3mm,41.13mm,1mm
4927,1V,31mm,6mm,41.58mm,10mm,29.5mm,3mm,41.13mm,1.5mm
4928,1V,31mm,6mm,41.58mm,10.5mm,29.5mm,3mm,41.13mm,1.5mm
4929,1V,31mm,6mm,41.58mm,11mm,29.5mm,3mm,41.13mm,1.5mm
4930,1V,31mm,6mm,41.58mm,10mm,29.5mm,3mm,41.13mm,2mm
4931,1V,31mm,6mm,41.58mm,10.5mm,29.5mm,3mm,41.13mm,2mm
4932,1V,31mm,6mm,41.58mm,11mm,29.5mm,3mm,41.13mm,2mm
4933,2V,31mm,6mm,41.58mm,10mm,29.5mm,3mm,41.13mm,1mm
4934,2V,31mm,6mm,41.58mm,10.5mm,29.5mm,3mm,41.13mm,1mm
4935,2V,31mm,6mm,41.58mm,11mm,29.5mm,3mm,41.13mm,1mm
4936,2V,31mm,6mm,41.58mm,10mm,29.5mm,3mm,41.13mm,1.5mm
4937,2V,31mm,6mm,41.58mm,10.5mm,29.5mm,3mm,41.13mm,1.5mm
4938,2V,31mm,6mm,41.58mm,11mm,29.5mm,3mm,41.13mm,1.5mm
4939,2V,31mm,6mm,41.58mm,10mm,29.5mm,3mm,41.13mm,2mm
4940,2V,31mm,6mm,41.58mm,10.5mm,29.5mm,3mm,41.13mm,2mm
4941,2V,31mm,6mm,41.58mm,11mm,29.5mm,3mm,41.13mm,2mm
4942,3V,31mm,6mm,41.58mm,10mm,29.5mm,3mm,41.13mm,1mm
4943,3V,31mm,6mm,41.58mm,10.5mm,29.5mm,3mm,41.13mm,1mm
4944,3V,31mm,6mm,41.58mm,11mm,29.5mm,3mm,41.13mm,1mm
4945,3V,31mm,6mm,41.58mm,10mm,29.5mm,3mm,41.13mm,1.5mm
4946,3V,31mm,6mm,41.58mm,10.5mm,29.5mm,3mm,41.13mm,1.5mm
4947,3V,31mm,6mm,41.58mm,11mm,29.5mm,3mm,41.13mm,1.5mm
4948,3V,31mm,6mm,41.58mm,10mm,29.5mm,3mm,41.13mm,2mm
4949,3V,31mm,6mm,41.58mm,10.5mm,29.5mm,3mm,41.13mm,2mm
4950,3V,31mm,6mm,41.58mm,11mm,29.5mm,3mm,41.13mm,2mm
4951,4V,31mm,6mm,41.58mm,10mm,29.5mm,3mm,41.13mm,1mm
4952,4V,31mm,6mm,41.58mm,10.5mm,29.5mm,3mm,41.13mm,1mm
4953,4V,31mm,6mm,41.58mm,11mm,29.5mm,3mm,41.13mm,1mm
4954,4V,31mm,6mm,41.58mm,10mm,29.5mm,3mm,41.13mm,1.5mm
4955,4V,31mm,6mm,41.58mm,10.5mm,29.5mm,3mm,41.13mm,1.5mm
4956,4V,31mm,6mm,41.58mm,11mm,29.5mm,3mm,41.13mm,1.5mm
4957,4V,31mm,6mm,41.58mm,10mm,29.5mm,3mm,41.13mm,2mm
4958,4V,31mm,6mm,41.58mm,10.5mm,29.5mm,3mm,41.13mm,2mm
4959,4V,31mm,6mm,41.58mm,11mm,29.5mm,3mm,41.13mm,2mm
4960,5V,31mm,6mm,41.58mm,10mm,29.5mm,3mm,41.13mm,1mm
4961,5V,31mm,6mm,41.58mm,10.5mm,29.5mm,3mm,41.13mm,1mm
4962,5V,31mm,6mm,41.58mm,11mm,29.5mm,3mm,41.13mm,1mm
4963,5V,31mm,6mm,41.58mm,10mm,29.5mm,3mm,41.13mm,1.5mm
4964,5V,31mm,6mm,41.58mm,10.5mm,29.5mm,3mm,41.13mm,1.5mm
4965,5V,31mm,6mm,41.58mm,11mm,29.5mm,3mm,41.13mm,1.5mm
4966,5V,31mm,6mm,41.58mm,10mm,29.5mm,3mm,41.13mm,2mm
4967,5V,31mm,6mm,41.58mm,10.5mm,29.5mm,3mm,41.13mm,2mm
4968,5V,31mm,6mm,41.58mm,11mm,29.5mm,3mm,41.13mm,2mm
5509,0V,31.5mm,6mm,41.58mm,10mm,29.5mm,3mm,41.13mm,1mm
5510,0V,31.5mm,6mm,41.58mm,10.5mm,29.5mm,3mm,41.13mm,1mm
5511,0V,31.5mm,6mm,41.58mm,11mm,29.5mm,3mm,41.13mm,1mm
5512,0V,31.5mm,6mm,41.58mm,10mm,29.5mm,3mm,41.13mm,1.5mm
5513,0V,31.5mm,6mm,41.58mm,10.5mm,29.5mm,3mm,41.13mm,1.5mm
5514,0V,31.5mm,6mm,41.58mm,11mm,29.5mm,3mm,41.13mm,1.5mm
5515,0V,31.5mm,6mm,41.58mm,10mm,29.5mm,3mm,41.13mm,2mm
5516,0V,31.5mm,6mm,41.58mm,10.5mm,29.5mm,3mm,41.13mm,2mm
5517,0V,31.5mm,6mm,41.58mm,11mm,29.5mm,3mm,41.13mm,2mm
5518,1V,31.5mm,6mm,41.58mm,10mm,29.5mm,3mm,41.13mm,1mm
5519,1V,31.5mm,6mm,41.58mm,10.5mm,29.5mm,3mm,41.13mm,1mm
5520,1V,31.5mm,6mm,41.58mm,11mm,29.5mm,3mm,41.13mm,1mm
5521,1V,31.5mm,6mm,41.58mm,10mm,29.5mm,3mm,41.13mm,1.5mm
5522,1V,31.5mm,6mm,41.58mm,10.5mm,29.5mm,3mm,41.13mm,1.5mm
5523,1V,31.5mm,6mm,41.58mm,11mm,29.5mm,3mm,41.13mm,1.5mm
5524,1V,31.5mm,6mm,41.58mm,10mm,29.5mm,3mm,41.13mm,2mm
5525,1V,31.5mm,6mm,41.58mm,10.5mm,29.5mm,3mm,41.13mm,2mm
5526,1V,31.5mm,6mm,41.58mm,11mm,29.5mm,3mm,41.13mm,2mm
5527,2V,31.5mm,6mm,41.58mm,10mm,29.5mm,3mm,41.13mm,1mm
5528,2V,31.5mm,6mm,41.58mm,10.5mm,29.5mm,3mm,41.13mm,1mm
5529,2V,31.5mm,6mm,41.58mm,11mm,29.5mm,3mm,41.13mm,1mm
5530,2V,31.5mm,6mm,41.58mm,10mm,29.5mm,3mm,41.13mm,1.5mm
5531,2V,31.5mm,6mm,41.58mm,10.5mm,29.5mm,3mm,41.13mm,1.5mm
5532,2V,31.5mm,6mm,41.58mm,11mm,29.5mm,3mm,41.13mm,1.5mm
5533,2V,31.5mm,6mm,41.58mm,10mm,29.5mm,3mm,41.13mm,2mm
5534,2V,31.5mm,6mm,41.58mm,10.5mm,29.5mm,3mm,41.13mm,2mm
5535,2V,31.5mm,6mm,41.58mm,11mm,29.5mm,3mm,41.13mm,2mm
5536,3V,31.5mm,6mm,41.58mm,10mm,29.5mm,3mm,41.13mm,1mm
5537,3V,31.5mm,6mm,41.58mm,10.5mm,29.5mm,3mm,41.13mm,1mm
5538,3V,31.5mm,6mm,41.58mm,11mm,29.5mm,3mm,41.13mm,1mm
5539,3V,31.5mm,6mm,41.58mm,10mm,29.5mm,3mm,41.13mm,1.5mm
5540,3V,31.5mm,6mm,41.58mm,10.5mm,29.5mm,3mm,41.13mm,1.5mm
5541,3V,31.5mm,6mm,41.58mm,11mm,29.5mm,3mm,41.13mm,1.5mm
5542,3V,31.5mm,6mm,41.58mm,10mm,29.5mm,3mm,41.13mm,2mm
5543,3V,31.5mm,6mm,41.58mm,10.5mm,29.5mm,3mm,41.13mm,2mm
5544,3V,31.5mm,6mm,41.58mm,11mm,29.5mm,3mm,41.13mm,2mm
5545,4V,31.5mm,6mm,41.58mm,10mm,29.5mm,3mm,41.13mm,1mm
5546,4V,31.5mm,6mm,41.58mm,10.5mm,29.5mm,3mm,41.13mm,1mm
5547,4V,31.5mm,6mm,41.58mm,11mm,29.5mm,3mm,41.13mm,1mm
5548,4V,31.5mm,6mm,41.58mm,10mm,29.5mm,3mm,41.13mm,1.5mm
5549,4V,31.5mm,6mm,41.58mm,10.5mm,29.5mm,3mm,41.13mm,1.5mm
5550,4V,31.5mm,6mm,41.58mm,11mm,29.5mm,3mm,41.13mm,1.5mm
5551,4V,31.5mm,6mm,41.58mm,10mm,29.5mm,3mm,41.13mm,2mm
5552,4V,31.5mm,6mm,41.58mm,10.5mm,29.5mm,3mm,41.13mm,2mm
5553,4V,31.5mm,6mm,41.58mm,11mm,29.5mm,3mm,41.13mm,2mm
5554,5V,31.5mm,6mm,41.58mm,10mm,29.5mm,3mm,41.13mm,1mm
5555,5V,31.5mm,6mm,41.58mm,10.5mm,29.5mm,3mm,41.13mm,1mm
5556,5V,31.5mm,6mm,41.58mm,11mm,29.5mm,3mm,41.13mm,1mm
5557,5V,31.5mm,6mm,41.58mm,10mm,29.5mm,3mm,41.13mm,1.5mm
5558,5V,31.5mm,6mm,41.58mm,10.5mm,29.5mm,3mm,41.13mm,1.5mm
5559,5V,31.5mm,6mm,41.58mm,11mm,29.5mm,3mm,41.13mm,1.5mm
5560,5V,31.5mm,6mm,41.58mm,10mm,29.5mm,3mm,41.13mm,2mm
5561,5V,31.5mm,6mm,41.58mm,10.5mm,29.5mm,3mm,41.13mm,2mm
5562,5V,31.5mm,6mm,41.58mm,11mm,29.5mm,3mm,41.13mm,2mm
6103,0V,32mm,6mm,41.58mm,10mm,29.5mm,3mm,41.13mm,1mm
6104,0V,32mm,6mm,41.58mm,10.5mm,29.5mm,3mm,41.13mm,1mm
6105,0V,32mm,6mm,41.58mm,11mm,29.5mm,3mm,41.13mm,1mm
6106,0V,32mm,6mm,41.58mm,10mm,29.5mm,3mm,41.13mm,1.5mm
6107,0V,32mm,6mm,41.58mm,10.5mm,29.5mm,3mm,41.13mm,1.5mm
6108,0V,32mm,6mm,41.58mm,11mm,29.5mm,3mm,41.13mm,1.5mm
6109,0V,32mm,6mm,41.58mm,10mm,29.5mm,3mm,41.13mm,2mm
6110,0V,32mm,6mm,41.58mm,10.5mm,29.5mm,3mm,41.13mm,2mm
6111,0V,32mm,6mm,41.58mm,11mm,29.5mm,3mm,41.13mm,2mm
6112,1V,32mm,6mm,41.58mm,10mm,29.5mm,3mm,41.13mm,1mm
6113,1V,32mm,6mm,41.58mm,10.5mm,29.5mm,3mm,41.13mm,1mm
6114,1V,32mm,6mm,41.58mm,11mm,29.5mm,3mm,41.13mm,1mm
6115,1V,32mm,6mm,41.58mm,10mm,29.5mm,3mm,41.13mm,1.5mm
6116,1V,32mm,6mm,41.58mm,10.5mm,29.5mm,3mm,41.13mm,1.5mm
6117,1V,32mm,6mm,41.58mm,11mm,29.5mm,3mm,41.13mm,1.5mm
6118,1V,32mm,6mm,41.58mm,10mm,29.5mm,3mm,41.13mm,2mm
6119,1V,32mm,6mm,41.58mm,10.5mm,29.5mm,3mm,41.13mm,2mm
6120,1V,32mm,6mm,41.58mm,11mm,29.5mm,3mm,41.13mm,2mm
6121,2V,32mm,6mm,41.58mm,10mm,29.5mm,3mm,41.13mm,1mm
6122,2V,32mm,6mm,41.58mm,10.5mm,29.5mm,3mm,41.13mm,1mm
6123,2V,32mm,6mm,41.58mm,11mm,29.5mm,3mm,41.13mm,1mm
6124,2V,32mm,6mm,41.58mm,10mm,29.5mm,3mm,41.13mm,1.5mm
6125,2V,32mm,6mm,41.58mm,10.5mm,29.5mm,3mm,41.13mm,1.5mm
6126,2V,32mm,6mm,41.58mm,11mm,29.5mm,3mm,41.13mm,1.5mm
6127,2V,32mm,6mm,41.58mm,10mm,29.5mm,3mm,41.13mm,2mm
6128,2V,32mm,6mm,41.58mm,10.5mm,29.5mm,3mm,41.13mm,2mm
6129,2V,32mm,6mm,41.58mm,11mm,29.5mm,3mm,41.13mm,2mm
6130,3V,32mm,6mm,41.58mm,10mm,29.5mm,3mm,41.13mm,1mm
6131,3V,32mm,6mm,41.58mm,10.5mm,29.5mm,3mm,41.13mm,1mm
6132,3V,32mm,6mm,41.58mm,11mm,29.5mm,3mm,41.13mm,1mm
6133,3V,32mm,6mm,41.58mm,10mm,29.5mm,3mm,41.13mm,1.5mm
6134,3V,32mm,6mm,41.58mm,10.5mm,29.5mm,3mm,41.13mm,1.5mm
6135,3V,32mm,6mm,41.58mm,11mm,29.5mm,3mm,41.13mm,1.5mm
6136,3V,32mm,6mm,41.58mm,10mm,29.5mm,3mm,41.13mm,2mm
6137,3V,32mm,6mm,41.58mm,10.5mm,29.5mm,3mm,41.13mm,2mm
6138,3V,32mm,6mm,41.58mm,11mm,29.5mm,3mm,41.13mm,2mm
6139,4V,32mm,6mm,41.58mm,10mm,29.5mm,3mm,41.13mm,1mm
6140,4V,32mm,6mm,41.58mm,10.5mm,29.5mm,3mm,41.13mm,1mm
6141,4V,32mm,6mm,41.58mm,11mm,29.5mm,3mm,41.13mm,1mm
6142,4V,32mm,6mm,41.58mm,10mm,29.5mm,3mm,41.13mm,1.5mm
6143,4V,32mm,6mm,41.58mm,10.5mm,29.5mm,3mm,41.13mm,1.5mm
6144,4V,32mm,6mm,41.58mm,11mm,29.5mm,3mm,41.13mm,1.5mm
6145,4V,32mm,6mm,41.58mm,10mm,29.5mm,3mm,41.13mm,2mm
6146,4V,32mm,6mm,41.58mm,10.5mm,29.5mm,3mm,41.13mm,2mm
6147,4V,32mm,6mm,41.58mm,11mm,29.5mm,3mm,41.13mm,2mm
6148,5V,32mm,6mm,41.58mm,10mm,29.5mm,3mm,41.13mm,1mm
6149,5V,32mm,6mm,41.58mm,10.5mm,29.5mm,3mm,41.13mm,1mm
6150,5V,32mm,6mm,41.58mm,11mm,29.5mm,3mm,41.13mm,1mm
6151,5V,32mm,6mm,41.58mm,10mm,29.5mm,3mm,41.13mm,1.5mm
6152,5V,32mm,6mm,41.58mm,10.5mm,29.5mm,3mm,41.13mm,1.5mm
6153,5V,32mm,6mm,41.58mm,11mm,29.5mm,3mm,41.13mm,1.5mm
6154,5V,32mm,6mm,41.58mm,10mm,29.5mm,3mm,41.13mm,2mm
6155,5V,32mm,6mm,41.58mm,10.5mm,29.5mm,3mm,41.13mm,2mm
6156,5V,32mm,6mm,41.58mm,11mm,29.5mm,3mm,41.13mm,2mm
217,0V,27mm,6mm,41.58mm,10mm,30mm,3mm,41.13mm,1mm
218,0V,27mm,6mm,41.58mm,10.5mm,30mm,3mm,41.13mm,1mm
219,0V,27mm,6mm,41.58mm,11mm,30mm,3mm,41.13mm,1mm
220,0V,27mm,6mm,41.58mm,10mm,30mm,3mm,41.13mm,1.5mm
221,0V,27mm,6mm,41.58mm,10.5mm,30mm,3mm,41.13mm,1.5mm
222,0V,27mm,6mm,41.58mm,11mm,30mm,3mm,41.13mm,1.5mm
223,0V,27mm,6mm,41.58mm,10mm,30mm,3mm,41.13mm,2mm
224,0V,27mm,6mm,41.58mm,10.5mm,30mm,3mm,41.13mm,2mm
225,0V,27mm,6mm,41.58mm,11mm,30mm,3mm,41.13mm,2mm
226,1V,27mm,6mm,41.58mm,10mm,30mm,3mm,41.13mm,1mm
227,1V,27mm,6mm,41.58mm,10.5mm,30mm,3mm,41.13mm,1mm
228,1V,27mm,6mm,41.58mm,11mm,30mm,3mm,41.13mm,1mm
229,1V,27mm,6mm,41.58mm,10mm,30mm,3mm,41.13mm,1.5mm
230,1V,27mm,6mm,41.58mm,10.5mm,30mm,3mm,41.13mm,1.5mm
231,1V,27mm,6mm,41.58mm,11mm,30mm,3mm,41.13mm,1.5mm
232,1V,27mm,6mm,41.58mm,10mm,30mm,3mm,41.13mm,2mm
233,1V,27mm,6mm,41.58mm,10.5mm,30mm,3mm,41.13mm,2mm
234,1V,27mm,6mm,41.58mm,11mm,30mm,3mm,41.13mm,2mm
235,2V,27mm,6mm,41.58mm,10mm,30mm,3mm,41.13mm,1mm
236,2V,27mm,6mm,41.58mm,10.5mm,30mm,3mm,41.13mm,1mm
237,2V,27mm,6mm,41.58mm,11mm,30mm,3mm,41.13mm,1mm
238,2V,27mm,6mm,41.58mm,10mm,30mm,3mm,41.13mm,1.5mm
239,2V,27mm,6mm,41.58mm,10.5mm,30mm,3mm,41.13mm,1.5mm
240,2V,27mm,6mm,41.58mm,11mm,30mm,3mm,41.13mm,1.5mm
241,2V,27mm,6mm,41.58mm,10mm,30mm,3mm,41.13mm,2mm
242,2V,27mm,6mm,41.58mm,10.5mm,30mm,3mm,41.13mm,2mm
243,2V,27mm,6mm,41.58mm,11mm,30mm,3mm,41.13mm,2mm
244,3V,27mm,6mm,41.58mm,10mm,30mm,3mm,41.13mm,1mm
245,3V,27mm,6mm,41.58mm,10.5mm,30mm,3mm,41.13mm,1mm
246,3V,27mm,6mm,41.58mm,11mm,30mm,3mm,41.13mm,1mm
247,3V,27mm,6mm,41.58mm,10mm,30mm,3mm,41.13mm,1.5mm
248,3V,27mm,6mm,41.58mm,10.5mm,30mm,3mm,41.13mm,1.5mm
249,3V,27mm,6mm,41.58mm,11mm,30mm,3mm,41.13mm,1.5mm
250,3V,27mm,6mm,41.58mm,10mm,30mm,3mm,41.13mm,2mm
251,3V,27mm,6mm,41.58mm,10.5mm,30mm,3mm,41.13mm,2mm
252,3V,27mm,6mm,41.58mm,11mm,30mm,3mm,41.13mm,2mm
253,4V,27mm,6mm,41.58mm,10mm,30mm,3mm,41.13mm,1mm
254,4V,27mm,6mm,41.58mm,10.5mm,30mm,3mm,41.13mm,1mm
255,4V,27mm,6mm,41.58mm,11mm,30mm,3mm,41.13mm,1mm
256,4V,27mm,6mm,41.58mm,10mm,30mm,3mm,41.13mm,1.5mm
257,4V,27mm,6mm,41.58mm,10.5mm,30mm,3mm,41.13mm,1.5mm
258,4V,27mm,6mm,41.58mm,11mm,30mm,3mm,41.13mm,1.5mm
259,4V,27mm,6mm,41.58mm,10mm,30mm,3mm,41.13mm,2mm
260,4V,27mm,6mm,41.58mm,10.5mm,30mm,3mm,41.13mm,2mm
261,4V,27mm,6mm,41.58mm,11mm,30mm,3mm,41.13mm,2mm
262,5V,27mm,6mm,41.58mm,10mm,30mm,3mm,41.13mm,1mm
263,5V,27mm,6mm,41.58mm,10.5mm,30mm,3mm,41.13mm,1mm
264,5V,27mm,6mm,41.58mm,11mm,30mm,3mm,41.13mm,1mm
265,5V,27mm,6mm,41.58mm,10mm,30mm,3mm,41.13mm,1.5mm
266,5V,27mm,6mm,41.58mm,10.5mm,30mm,3mm,41.13mm,1.5mm
267,5V,27mm,6mm,41.58mm,11mm,30mm,3mm,41.13mm,1.5mm
268,5V,27mm,6mm,41.58mm,10mm,30mm,3mm,41.13mm,2mm
269,5V,27mm,6mm,41.58mm,10.5mm,30mm,3mm,41.13mm,2mm
270,5V,27mm,6mm,41.58mm,11mm,30mm,3mm,41.13mm,2mm
811,0V,27.5mm,6mm,41.58mm,10mm,30mm,3mm,41.13mm,1mm
812,0V,27.5mm,6mm,41.58mm,10.5mm,30mm,3mm,41.13mm,1mm
813,0V,27.5mm,6mm,41.58mm,11mm,30mm,3mm,41.13mm,1mm
814,0V,27.5mm,6mm,41.58mm,10mm,30mm,3mm,41.13mm,1.5mm
815,0V,27.5mm,6mm,41.58mm,10.5mm,30mm,3mm,41.13mm,1.5mm
816,0V,27.5mm,6mm,41.58mm,11mm,30mm,3mm,41.13mm,1.5mm
817,0V,27.5mm,6mm,41.58mm,10mm,30mm,3mm,41.13mm,2mm
818,0V,27.5mm,6mm,41.58mm,10.5mm,30mm,3mm,41.13mm,2mm
819,0V,27.5mm,6mm,41.58mm,11mm,30mm,3mm,41.13mm,2mm
820,1V,27.5mm,6mm,41.58mm,10mm,30mm,3mm,41.13mm,1mm
821,1V,27.5mm,6mm,41.58mm,10.5mm,30mm,3mm,41.13mm,1mm
822,1V,27.5mm,6mm,41.58mm,11mm,30mm,3mm,41.13mm,1mm
823,1V,27.5mm,6mm,41.58mm,10mm,30mm,3mm,41.13mm,1.5mm
824,1V,27.5mm,6mm,41.58mm,10.5mm,30mm,3mm,41.13mm,1.5mm
825,1V,27.5mm,6mm,41.58mm,11mm,30mm,3mm,41.13mm,1.5mm
826,1V,27.5mm,6mm,41.58mm,10mm,30mm,3mm,41.13mm,2mm
827,1V,27.5mm,6mm,41.58mm,10.5mm,30mm,3mm,41.13mm,2mm
828,1V,27.5mm,6mm,41.58mm,11mm,30mm,3mm,41.13mm,2mm
829,2V,27.5mm,6mm,41.58mm,10mm,30mm,3mm,41.13mm,1mm
830,2V,27.5mm,6mm,41.58mm,10.5mm,30mm,3mm,41.13mm,1mm
831,2V,27.5mm,6mm,41.58mm,11mm,30mm,3mm,41.13mm,1mm
832,2V,27.5mm,6mm,41.58mm,10mm,30mm,3mm,41.13mm,1.5mm
833,2V,27.5mm,6mm,41.58mm,10.5mm,30mm,3mm,41.13mm,1.5mm
834,2V,27.5mm,6mm,41.58mm,11mm,30mm,3mm,41.13mm,1.5mm
835,2V,27.5mm,6mm,41.58mm,10mm,30mm,3mm,41.13mm,2mm
836,2V,27.5mm,6mm,41.58mm,10.5mm,30mm,3mm,41.13mm,2mm
837,2V,27.5mm,6mm,41.58mm,11mm,30mm,3mm,41.13mm,2mm
838,3V,27.5mm,6mm,41.58mm,10mm,30mm,3mm,41.13mm,1mm
839,3V,27.5mm,6mm,41.58mm,10.5mm,30mm,3mm,41.13mm,1mm
840,3V,27.5mm,6mm,41.58mm,11mm,30mm,3mm,41.13mm,1mm
841,3V,27.5mm,6mm,41.58mm,10mm,30mm,3mm,41.13mm,1.5mm
842,3V,27.5mm,6mm,41.58mm,10.5mm,30mm,3mm,41.13mm,1.5mm
843,3V,27.5mm,6mm,41.58mm,11mm,30mm,3mm,41.13mm,1.5mm
844,3V,27.5mm,6mm,41.58mm,10mm,30mm,3mm,41.13mm,2mm
845,3V,27.5mm,6mm,41.58mm,10.5mm,30mm,3mm,41.13mm,2mm
846,3V,27.5mm,6mm,41.58mm,11mm,30mm,3mm,41.13mm,2mm
847,4V,27.5mm,6mm,41.58mm,10mm,30mm,3mm,41.13mm,1mm
848,4V,27.5mm,6mm,41.58mm,10.5mm,30mm,3mm,41.13mm,1mm
849,4V,27.5mm,6mm,41.58mm,11mm,30mm,3mm,41.13mm,1mm
850,4V,27.5mm,6mm,41.58mm,10mm,30mm,3mm,41.13mm,1.5mm
851,4V,27.5mm,6mm,41.58mm,10.5mm,30mm,3mm,41.13mm,1.5mm
852,4V,27.5mm,6mm,41.58mm,11mm,30mm,3mm,41.13mm,1.5mm
853,4V,27.5mm,6mm,41.58mm,10mm,30mm,3mm,41.13mm,2mm
854,4V,27.5mm,6mm,41.58mm,10.5mm,30mm,3mm,41.13mm,2mm
855,4V,27.5mm,6mm,41.58mm,11mm,30mm,3mm,41.13mm,2mm
856,5V,27.5mm,6mm,41.58mm,10mm,30mm,3mm,41.13mm,1mm
857,5V,27.5mm,6mm,41.58mm,10.5mm,30mm,3mm,41.13mm,1mm
858,5V,27.5mm,6mm,41.58mm,11mm,30mm,3mm,41.13mm,1mm
859,5V,27.5mm,6mm,41.58mm,10mm,30mm,3mm,41.13mm,1.5mm
860,5V,27.5mm,6mm,41.58mm,10.5mm,30mm,3mm,41.13mm,1.5mm
861,5V,27.5mm,6mm,41.58mm,11mm,30mm,3mm,41.13mm,1.5mm
862,5V,27.5mm,6mm,41.58mm,10mm,30mm,3mm,41.13mm,2mm
863,5V,27.5mm,6mm,41.58mm,10.5mm,30mm,3mm,41.13mm,2mm
864,5V,27.5mm,6mm,41.58mm,11mm,30mm,3mm,41.13mm,2mm
1405,0V,28mm,6mm,41.58mm,10mm,30mm,3mm,41.13mm,1mm
1406,0V,28mm,6mm,41.58mm,10.5mm,30mm,3mm,41.13mm,1mm
1407,0V,28mm,6mm,41.58mm,11mm,30mm,3mm,41.13mm,1mm
1408,0V,28mm,6mm,41.58mm,10mm,30mm,3mm,41.13mm,1.5mm
1409,0V,28mm,6mm,41.58mm,10.5mm,30mm,3mm,41.13mm,1.5mm
1410,0V,28mm,6mm,41.58mm,11mm,30mm,3mm,41.13mm,1.5mm
1411,0V,28mm,6mm,41.58mm,10mm,30mm,3mm,41.13mm,2mm
1412,0V,28mm,6mm,41.58mm,10.5mm,30mm,3mm,41.13mm,2mm
1413,0V,28mm,6mm,41.58mm,11mm,30mm,3mm,41.13mm,2mm
1414,1V,28mm,6mm,41.58mm,10mm,30mm,3mm,41.13mm,1mm
1415,1V,28mm,6mm,41.58mm,10.5mm,30mm,3mm,41.13mm,1mm
1416,1V,28mm,6mm,41.58mm,11mm,30mm,3mm,41.13mm,1mm
1417,1V,28mm,6mm,41.58mm,10mm,30mm,3mm,41.13mm,1.5mm
1418,1V,28mm,6mm,41.58mm,10.5mm,30mm,3mm,41.13mm,1.5mm
1419,1V,28mm,6mm,41.58mm,11mm,30mm,3mm,41.13mm,1.5mm
1420,1V,28mm,6mm,41.58mm,10mm,30mm,3mm,41.13mm,2mm
1421,1V,28mm,6mm,41.58mm,10.5mm,30mm,3mm,41.13mm,2mm
1422,1V,28mm,6mm,41.58mm,11mm,30mm,3mm,41.13mm,2mm
1423,2V,28mm,6mm,41.58mm,10mm,30mm,3mm,41.13mm,1mm
1424,2V,28mm,6mm,41.58mm,10.5mm,30mm,3mm,41.13mm,1mm
1425,2V,28mm,6mm,41.58mm,11mm,30mm,3mm,41.13mm,1mm
1426,2V,28mm,6mm,41.58mm,10mm,30mm,3mm,41.13mm,1.5mm
1427,2V,28mm,6mm,41.58mm,10.5mm,30mm,3mm,41.13mm,1.5mm
1428,2V,28mm,6mm,41.58mm,11mm,30mm,3mm,41.13mm,1.5mm
1429,2V,28mm,6mm,41.58mm,10mm,30mm,3mm,41.13mm,2mm
1430,2V,28mm,6mm,41.58mm,10.5mm,30mm,3mm,41.13mm,2mm
1431,2V,28mm,6mm,41.58mm,11mm,30mm,3mm,41.13mm,2mm
1432,3V,28mm,6mm,41.58mm,10mm,30mm,3mm,41.13mm,1mm
1433,3V,28mm,6mm,41.58mm,10.5mm,30mm,3mm,41.13mm,1mm
1434,3V,28mm,6mm,41.58mm,11mm,30mm,3mm,41.13mm,1mm
1435,3V,28mm,6mm,41.58mm,10mm,30mm,3mm,41.13mm,1.5mm
1436,3V,28mm,6mm,41.58mm,10.5mm,30mm,3mm,41.13mm,1.5mm
1437,3V,28mm,6mm,41.58mm,11mm,30mm,3mm,41.13mm,1.5mm
1438,3V,28mm,6mm,41.58mm,10mm,30mm,3mm,41.13mm,2mm
1439,3V,28mm,6mm,41.58mm,10.5mm,30mm,3mm,41.13mm,2mm
1440,3V,28mm,6mm,41.58mm,11mm,30mm,3mm,41.13mm,2mm
1441,4V,28mm,6mm,41.58mm,10mm,30mm,3mm,41.13mm,1mm
1442,4V,28mm,6mm,41.58mm,10.5mm,30mm,3mm,41.13mm,1mm
1443,4V,28mm,6mm,41.58mm,11mm,30mm,3mm,41.13mm,1mm
1444,4V,28mm,6mm,41.58mm,10mm,30mm,3mm,41.13mm,1.5mm
1445,4V,28mm,6mm,41.58mm,10.5mm,30mm,3mm,41.13mm,1.5mm
1446,4V,28mm,6mm,41.58mm,11mm,30mm,3mm,41.13mm,1.5mm
1447,4V,28mm,6mm,41.58mm,10mm,30mm,3mm,41.13mm,2mm
1448,4V,28mm,6mm,41.58mm,10.5mm,30mm,3mm,41.13mm,2mm
1449,4V,28mm,6mm,41.58mm,11mm,30mm,3mm,41.13mm,2mm
1450,5V,28mm,6mm,41.58mm,10mm,30mm,3mm,41.13mm,1mm
1451,5V,28mm,6mm,41.58mm,10.5mm,30mm,3mm,41.13mm,1mm
1452,5V,28mm,6mm,41.58mm,11mm,30mm,3mm,41.13mm,1mm
1453,5V,28mm,6mm,41.58mm,10mm,30mm,3mm,41.13mm,1.5mm
1454,5V,28mm,6mm,41.58mm,10.5mm,30mm,3mm,41.13mm,1.5mm
1455,5V,28mm,6mm,41.58mm,11mm,30mm,3mm,41.13mm,1.5mm
1456,5V,28mm,6mm,41.58mm,10mm,30mm,3mm,41.13mm,2mm
1457,5V,28mm,6mm,41.58mm,10.5mm,30mm,3mm,41.13mm,2mm
1458,5V,28mm,6mm,41.58mm,11mm,30mm,3mm,41.13mm,2mm
1999,0V,28.5mm,6mm,41.58mm,10mm,30mm,3mm,41.13mm,1mm
2000,0V,28.5mm,6mm,41.58mm,10.5mm,30mm,3mm,41.13mm,1mm
2001,0V,28.5mm,6mm,41.58mm,11mm,30mm,3mm,41.13mm,1mm
2002,0V,28.5mm,6mm,41.58mm,10mm,30mm,3mm,41.13mm,1.5mm
2003,0V,28.5mm,6mm,41.58mm,10.5mm,30mm,3mm,41.13mm,1.5mm
2004,0V,28.5mm,6mm,41.58mm,11mm,30mm,3mm,41.13mm,1.5mm
2005,0V,28.5mm,6mm,41.58mm,10mm,30mm,3mm,41.13mm,2mm
2006,0V,28.5mm,6mm,41.58mm,10.5mm,30mm,3mm,41.13mm,2mm
2007,0V,28.5mm,6mm,41.58mm,11mm,30mm,3mm,41.13mm,2mm
2008,1V,28.5mm,6mm,41.58mm,10mm,30mm,3mm,41.13mm,1mm
2009,1V,28.5mm,6mm,41.58mm,10.5mm,30mm,3mm,41.13mm,1mm
2010,1V,28.5mm,6mm,41.58mm,11mm,30mm,3mm,41.13mm,1mm
2011,1V,28.5mm,6mm,41.58mm,10mm,30mm,3mm,41.13mm,1.5mm
2012,1V,28.5mm,6mm,41.58mm,10.5mm,30mm,3mm,41.13mm,1.5mm
2013,1V,28.5mm,6mm,41.58mm,11mm,30mm,3mm,41.13mm,1.5mm
2014,1V,28.5mm,6mm,41.58mm,10mm,30mm,3mm,41.13mm,2mm
2015,1V,28.5mm,6mm,41.58mm,10.5mm,30mm,3mm,41.13mm,2mm
2016,1V,28.5mm,6mm,41.58mm,11mm,30mm,3mm,41.13mm,2mm
2017,2V,28.5mm,6mm,41.58mm,10mm,30mm,3mm,41.13mm,1mm
2018,2V,28.5mm,6mm,41.58mm,10.5mm,30mm,3mm,41.13mm,1mm
2019,2V,28.5mm,6mm,41.58mm,11mm,30mm,3mm,41.13mm,1mm
2020,2V,28.5mm,6mm,41.58mm,10mm,30mm,3mm,41.13mm,1.5mm
2021,2V,28.5mm,6mm,41.58mm,10.5mm,30mm,3mm,41.13mm,1.5mm
2022,2V,28.5mm,6mm,41.58mm,11mm,30mm,3mm,41.13mm,1.5mm
2023,2V,28.5mm,6mm,41.58mm,10mm,30mm,3mm,41.13mm,2mm
2024,2V,28.5mm,6mm,41.58mm,10.5mm,30mm,3mm,41.13mm,2mm
2025,2V,28.5mm,6mm,41.58mm,11mm,30mm,3mm,41.13mm,2mm
2026,3V,28.5mm,6mm,41.58mm,10mm,30mm,3mm,41.13mm,1mm
2027,3V,28.5mm,6mm,41.58mm,10.5mm,30mm,3mm,41.13mm,1mm
2028,3V,28.5mm,6mm,41.58mm,11mm,30mm,3mm,41.13mm,1mm
2029,3V,28.5mm,6mm,41.58mm,10mm,30mm,3mm,41.13mm,1.5mm
2030,3V,28.5mm,6mm,41.58mm,10.5mm,30mm,3mm,41.13mm,1.5mm
2031,3V,28.5mm,6mm,41.58mm,11mm,30mm,3mm,41.13mm,1.5mm
2032,3V,28.5mm,6mm,41.58mm,10mm,30mm,3mm,41.13mm,2mm
2033,3V,28.5mm,6mm,41.58mm,10.5mm,30mm,3mm,41.13mm,2mm
2034,3V,28.5mm,6mm,41.58mm,11mm,30mm,3mm,41.13mm,2mm
2035,4V,28.5mm,6mm,41.58mm,10mm,30mm,3mm,41.13mm,1mm
2036,4V,28.5mm,6mm,41.58mm,10.5mm,30mm,3mm,41.13mm,1mm
2037,4V,28.5mm,6mm,41.58mm,11mm,30mm,3mm,41.13mm,1mm
2038,4V,28.5mm,6mm,41.58mm,10mm,30mm,3mm,41.13mm,1.5mm
2039,4V,28.5mm,6mm,41.58mm,10.5mm,30mm,3mm,41.13mm,1.5mm
2040,4V,28.5mm,6mm,41.58mm,11mm,30mm,3mm,41.13mm,1.5mm
2041,4V,28.5mm,6mm,41.58mm,10mm,30mm,3mm,41.13mm,2mm
2042,4V,28.5mm,6mm,41.58mm,10.5mm,30mm,3mm,41.13mm,2mm
2043,4V,28.5mm,6mm,41.58mm,11mm,30mm,3mm,41.13mm,2mm
2044,5V,28.5mm,6mm,41.58mm,10mm,30mm,3mm,41.13mm,1mm
2045,5V,28.5mm,6mm,41.58mm,10.5mm,30mm,3mm,41.13mm,1mm
2046,5V,28.5mm,6mm,41.58mm,11mm,30mm,3mm,41.13mm,1mm
2047,5V,28.5mm,6mm,41.58mm,10mm,30mm,3mm,41.13mm,1.5mm
2048,5V,28.5mm,6mm,41.58mm,10.5mm,30mm,3mm,41.13mm,1.5mm
2049,5V,28.5mm,6mm,41.58mm,11mm,30mm,3mm,41.13mm,1.5mm
2050,5V,28.5mm,6mm,41.58mm,10mm,30mm,3mm,41.13mm,2mm
2051,5V,28.5mm,6mm,41.58mm,10.5mm,30mm,3mm,41.13mm,2mm
2052,5V,28.5mm,6mm,41.58mm,11mm,30mm,3mm,41.13mm,2mm
2593,0V,29mm,6mm,41.58mm,10mm,30mm,3mm,41.13mm,1mm
2594,0V,29mm,6mm,41.58mm,10.5mm,30mm,3mm,41.13mm,1mm
2595,0V,29mm,6mm,41.58mm,11mm,30mm,3mm,41.13mm,1mm
2596,0V,29mm,6mm,41.58mm,10mm,30mm,3mm,41.13mm,1.5mm
2597,0V,29mm,6mm,41.58mm,10.5mm,30mm,3mm,41.13mm,1.5mm
2598,0V,29mm,6mm,41.58mm,11mm,30mm,3mm,41.13mm,1.5mm
2599,0V,29mm,6mm,41.58mm,10mm,30mm,3mm,41.13mm,2mm
2600,0V,29mm,6mm,41.58mm,10.5mm,30mm,3mm,41.13mm,2mm
2601,0V,29mm,6mm,41.58mm,11mm,30mm,3mm,41.13mm,2mm
2602,1V,29mm,6mm,41.58mm,10mm,30mm,3mm,41.13mm,1mm
2603,1V,29mm,6mm,41.58mm,10.5mm,30mm,3mm,41.13mm,1mm
2604,1V,29mm,6mm,41.58mm,11mm,30mm,3mm,41.13mm,1mm
2605,1V,29mm,6mm,41.58mm,10mm,30mm,3mm,41.13mm,1.5mm
2606,1V,29mm,6mm,41.58mm,10.5mm,30mm,3mm,41.13mm,1.5mm
2607,1V,29mm,6mm,41.58mm,11mm,30mm,3mm,41.13mm,1.5mm
2608,1V,29mm,6mm,41.58mm,10mm,30mm,3mm,41.13mm,2mm
2609,1V,29mm,6mm,41.58mm,10.5mm,30mm,3mm,41.13mm,2mm
2610,1V,29mm,6mm,41.58mm,11mm,30mm,3mm,41.13mm,2mm
2611,2V,29mm,6mm,41.58mm,10mm,30mm,3mm,41.13mm,1mm
2612,2V,29mm,6mm,41.58mm,10.5mm,30mm,3mm,41.13mm,1mm
2613,2V,29mm,6mm,41.58mm,11mm,30mm,3mm,41.13mm,1mm
2614,2V,29mm,6mm,41.58mm,10mm,30mm,3mm,41.13mm,1.5mm
2615,2V,29mm,6mm,41.58mm,10.5mm,30mm,3mm,41.13mm,1.5mm
2616,2V,29mm,6mm,41.58mm,11mm,30mm,3mm,41.13mm,1.5mm
2617,2V,29mm,6mm,41.58mm,10mm,30mm,3mm,41.13mm,2mm
2618,2V,29mm,6mm,41.58mm,10.5mm,30mm,3mm,41.13mm,2mm
2619,2V,29mm,6mm,41.58mm,11mm,30mm,3mm,41.13mm,2mm
2620,3V,29mm,6mm,41.58mm,10mm,30mm,3mm,41.13mm,1mm
2621,3V,29mm,6mm,41.58mm,10.5mm,30mm,3mm,41.13mm,1mm
2622,3V,29mm,6mm,41.58mm,11mm,30mm,3mm,41.13mm,1mm
2623,3V,29mm,6mm,41.58mm,10mm,30mm,3mm,41.13mm,1.5mm
2624,3V,29mm,6mm,41.58mm,10.5mm,30mm,3mm,41.13mm,1.5mm
2625,3V,29mm,6mm,41.58mm,11mm,30mm,3mm,41.13mm,1.5mm
2626,3V,29mm,6mm,41.58mm,10mm,30mm,3mm,41.13mm,2mm
2627,3V,29mm,6mm,41.58mm,10.5mm,30mm,3mm,41.13mm,2mm
2628,3V,29mm,6mm,41.58mm,11mm,30mm,3mm,41.13mm,2mm
2629,4V,29mm,6mm,41.58mm,10mm,30mm,3mm,41.13mm,1mm
2630,4V,29mm,6mm,41.58mm,10.5mm,30mm,3mm,41.13mm,1mm
2631,4V,29mm,6mm,41.58mm,11mm,30mm,3mm,41.13mm,1mm
2632,4V,29mm,6mm,41.58mm,10mm,30mm,3mm,41.13mm,1.5mm
2633,4V,29mm,6mm,41.58mm,10.5mm,30mm,3mm,41.13mm,1.5mm
2634,4V,29mm,6mm,41.58mm,11mm,30mm,3mm,41.13mm,1.5mm
2635,4V,29mm,6mm,41.58mm,10mm,30mm,3mm,41.13mm,2mm
2636,4V,29mm,6mm,41.58mm,10.5mm,30mm,3mm,41.13mm,2mm
2637,4V,29mm,6mm,41.58mm,11mm,30mm,3mm,41.13mm,2mm
2638,5V,29mm,6mm,41.58mm,10mm,30mm,3mm,41.13mm,1mm
2639,5V,29mm,6mm,41.58mm,10.5mm,30mm,3mm,41.13mm,1mm
2640,5V,29mm,6mm,41.58mm,11mm,30mm,3mm,41.13mm,1mm
2641,5V,29mm,6mm,41.58mm,10mm,30mm,3mm,41.13mm,1.5mm
2642,5V,29mm,6mm,41.58mm,10.5mm,30mm,3mm,41.13mm,1.5mm
2643,5V,29mm,6mm,41.58mm,11mm,30mm,3mm,41.13mm,1.5mm
2644,5V,29mm,6mm,41.58mm,10mm,30mm,3mm,41.13mm,2mm
2645,5V,29mm,6mm,41.58mm,10.5mm,30mm,3mm,41.13mm,2mm
2646,5V,29mm,6mm,41.58mm,11mm,30mm,3mm,41.13mm,2mm
3187,0V,29.5mm,6mm,41.58mm,10mm,30mm,3mm,41.13mm,1mm
3188,0V,29.5mm,6mm,41.58mm,10.5mm,30mm,3mm,41.13mm,1mm
3189,0V,29.5mm,6mm,41.58mm,11mm,30mm,3mm,41.13mm,1mm
3190,0V,29.5mm,6mm,41.58mm,10mm,30mm,3mm,41.13mm,1.5mm
3191,0V,29.5mm,6mm,41.58mm,10.5mm,30mm,3mm,41.13mm,1.5mm
3192,0V,29.5mm,6mm,41.58mm,11mm,30mm,3mm,41.13mm,1.5mm
3193,0V,29.5mm,6mm,41.58mm,10mm,30mm,3mm,41.13mm,2mm
3194,0V,29.5mm,6mm,41.58mm,10.5mm,30mm,3mm,41.13mm,2mm
3195,0V,29.5mm,6mm,41.58mm,11mm,30mm,3mm,41.13mm,2mm
3196,1V,29.5mm,6mm,41.58mm,10mm,30mm,3mm,41.13mm,1mm
3197,1V,29.5mm,6mm,41.58mm,10.5mm,30mm,3mm,41.13mm,1mm
3198,1V,29.5mm,6mm,41.58mm,11mm,30mm,3mm,41.13mm,1mm
3199,1V,29.5mm,6mm,41.58mm,10mm,30mm,3mm,41.13mm,1.5mm
3200,1V,29.5mm,6mm,41.58mm,10.5mm,30mm,3mm,41.13mm,1.5mm
3201,1V,29.5mm,6mm,41.58mm,11mm,30mm,3mm,41.13mm,1.5mm
3202,1V,29.5mm,6mm,41.58mm,10mm,30mm,3mm,41.13mm,2mm
3203,1V,29.5mm,6mm,41.58mm,10.5mm,30mm,3mm,41.13mm,2mm
3204,1V,29.5mm,6mm,41.58mm,11mm,30mm,3mm,41.13mm,2mm
3205,2V,29.5mm,6mm,41.58mm,10mm,30mm,3mm,41.13mm,1mm
3206,2V,29.5mm,6mm,41.58mm,10.5mm,30mm,3mm,41.13mm,1mm
3207,2V,29.5mm,6mm,41.58mm,11mm,30mm,3mm,41.13mm,1mm
3208,2V,29.5mm,6mm,41.58mm,10mm,30mm,3mm,41.13mm,1.5mm
3209,2V,29.5mm,6mm,41.58mm,10.5mm,30mm,3mm,41.13mm,1.5mm
3210,2V,29.5mm,6mm,41.58mm,11mm,30mm,3mm,41.13mm,1.5mm
3211,2V,29.5mm,6mm,41.58mm,10mm,30mm,3mm,41.13mm,2mm
3212,2V,29.5mm,6mm,41.58mm,10.5mm,30mm,3mm,41.13mm,2mm
3213,2V,29.5mm,6mm,41.58mm,11mm,30mm,3mm,41.13mm,2mm
3214,3V,29.5mm,6mm,41.58mm,10mm,30mm,3mm,41.13mm,1mm
3215,3V,29.5mm,6mm,41.58mm,10.5mm,30mm,3mm,41.13mm,1mm
3216,3V,29.5mm,6mm,41.58mm,11mm,30mm,3mm,41.13mm,1mm
3217,3V,29.5mm,6mm,41.58mm,10mm,30mm,3mm,41.13mm,1.5mm
3218,3V,29.5mm,6mm,41.58mm,10.5mm,30mm,3mm,41.13mm,1.5mm
3219,3V,29.5mm,6mm,41.58mm,11mm,30mm,3mm,41.13mm,1.5mm
3220,3V,29.5mm,6mm,41.58mm,10mm,30mm,3mm,41.13mm,2mm
3221,3V,29.5mm,6mm,41.58mm,10.5mm,30mm,3mm,41.13mm,2mm
3222,3V,29.5mm,6mm,41.58mm,11mm,30mm,3mm,41.13mm,2mm
3223,4V,29.5mm,6mm,41.58mm,10mm,30mm,3mm,41.13mm,1mm
3224,4V,29.5mm,6mm,41.58mm,10.5mm,30mm,3mm,41.13mm,1mm
3225,4V,29.5mm,6mm,41.58mm,11mm,30mm,3mm,41.13mm,1mm
3226,4V,29.5mm,6mm,41.58mm,10mm,30mm,3mm,41.13mm,1.5mm
3227,4V,29.5mm,6mm,41.58mm,10.5mm,30mm,3mm,41.13mm,1.5mm
3228,4V,29.5mm,6mm,41.58mm,11mm,30mm,3mm,41.13mm,1.5mm
3229,4V,29.5mm,6mm,41.58mm,10mm,30mm,3mm,41.13mm,2mm
3230,4V,29.5mm,6mm,41.58mm,10.5mm,30mm,3mm,41.13mm,2mm
3231,4V,29.5mm,6mm,41.58mm,11mm,30mm,3mm,41.13mm,2mm
3232,5V,29.5mm,6mm,41.58mm,10mm,30mm,3mm,41.13mm,1mm
3233,5V,29.5mm,6mm,41.58mm,10.5mm,30mm,3mm,41.13mm,1mm
3234,5V,29.5mm,6mm,41.58mm,11mm,30mm,3mm,41.13mm,1mm
3235,5V,29.5mm,6mm,41.58mm,10mm,30mm,3mm,41.13mm,1.5mm
3236,5V,29.5mm,6mm,41.58mm,10.5mm,30mm,3mm,41.13mm,1.5mm
3237,5V,29.5mm,6mm,41.58mm,11mm,30mm,3mm,41.13mm,1.5mm
3238,5V,29.5mm,6mm,41.58mm,10mm,30mm,3mm,41.13mm,2mm
3239,5V,29.5mm,6mm,41.58mm,10.5mm,30mm,3mm,41.13mm,2mm
3240,5V,29.5mm,6mm,41.58mm,11mm,30mm,3mm,41.13mm,2mm
3781,0V,30mm,6mm,41.58mm,10mm,30mm,3mm,41.13mm,1mm
3782,0V,30mm,6mm,41.58mm,10.5mm,30mm,3mm,41.13mm,1mm
3783,0V,30mm,6mm,41.58mm,11mm,30mm,3mm,41.13mm,1mm
3784,0V,30mm,6mm,41.58mm,10mm,30mm,3mm,41.13mm,1.5mm
3785,0V,30mm,6mm,41.58mm,10.5mm,30mm,3mm,41.13mm,1.5mm
3786,0V,30mm,6mm,41.58mm,11mm,30mm,3mm,41.13mm,1.5mm
3787,0V,30mm,6mm,41.58mm,10mm,30mm,3mm,41.13mm,2mm
3788,0V,30mm,6mm,41.58mm,10.5mm,30mm,3mm,41.13mm,2mm
3789,0V,30mm,6mm,41.58mm,11mm,30mm,3mm,41.13mm,2mm
3790,1V,30mm,6mm,41.58mm,10mm,30mm,3mm,41.13mm,1mm
3791,1V,30mm,6mm,41.58mm,10.5mm,30mm,3mm,41.13mm,1mm
3792,1V,30mm,6mm,41.58mm,11mm,30mm,3mm,41.13mm,1mm
3793,1V,30mm,6mm,41.58mm,10mm,30mm,3mm,41.13mm,1.5mm
3794,1V,30mm,6mm,41.58mm,10.5mm,30mm,3mm,41.13mm,1.5mm
3795,1V,30mm,6mm,41.58mm,11mm,30mm,3mm,41.13mm,1.5mm
3796,1V,30mm,6mm,41.58mm,10mm,30mm,3mm,41.13mm,2mm
3797,1V,30mm,6mm,41.58mm,10.5mm,30mm,3mm,41.13mm,2mm
3798,1V,30mm,6mm,41.58mm,11mm,30mm,3mm,41.13mm,2mm
3799,2V,30mm,6mm,41.58mm,10mm,30mm,3mm,41.13mm,1mm
3800,2V,30mm,6mm,41.58mm,10.5mm,30mm,3mm,41.13mm,1mm
3801,2V,30mm,6mm,41.58mm,11mm,30mm,3mm,41.13mm,1mm
3802,2V,30mm,6mm,41.58mm,10mm,30mm,3mm,41.13mm,1.5mm
3803,2V,30mm,6mm,41.58mm,10.5mm,30mm,3mm,41.13mm,1.5mm
3804,2V,30mm,6mm,41.58mm,11mm,30mm,3mm,41.13mm,1.5mm
3805,2V,30mm,6mm,41.58mm,10mm,30mm,3mm,41.13mm,2mm
3806,2V,30mm,6mm,41.58mm,10.5mm,30mm,3mm,41.13mm,2mm
3807,2V,30mm,6mm,41.58mm,11mm,30mm,3mm,41.13mm,2mm
3808,3V,30mm,6mm,41.58mm,10mm,30mm,3mm,41.13mm,1mm
3809,3V,30mm,6mm,41.58mm,10.5mm,30mm,3mm,41.13mm,1mm
3810,3V,30mm,6mm,41.58mm,11mm,30mm,3mm,41.13mm,1mm
3811,3V,30mm,6mm,41.58mm,10mm,30mm,3mm,41.13mm,1.5mm
3812,3V,30mm,6mm,41.58mm,10.5mm,30mm,3mm,41.13mm,1.5mm
3813,3V,30mm,6mm,41.58mm,11mm,30mm,3mm,41.13mm,1.5mm
3814,3V,30mm,6mm,41.58mm,10mm,30mm,3mm,41.13mm,2mm
3815,3V,30mm,6mm,41.58mm,10.5mm,30mm,3mm,41.13mm,2mm
3816,3V,30mm,6mm,41.58mm,11mm,30mm,3mm,41.13mm,2mm
3817,4V,30mm,6mm,41.58mm,10mm,30mm,3mm,41.13mm,1mm
3818,4V,30mm,6mm,41.58mm,10.5mm,30mm,3mm,41.13mm,1mm
3819,4V,30mm,6mm,41.58mm,11mm,30mm,3mm,41.13mm,1mm
3820,4V,30mm,6mm,41.58mm,10mm,30mm,3mm,41.13mm,1.5mm
3821,4V,30mm,6mm,41.58mm,10.5mm,30mm,3mm,41.13mm,1.5mm
3822,4V,30mm,6mm,41.58mm,11mm,30mm,3mm,41.13mm,1.5mm
3823,4V,30mm,6mm,41.58mm,10mm,30mm,3mm,41.13mm,2mm
3824,4V,30mm,6mm,41.58mm,10.5mm,30mm,3mm,41.13mm,2mm
3825,4V,30mm,6mm,41.58mm,11mm,30mm,3mm,41.13mm,2mm
3826,5V,30mm,6mm,41.58mm,10mm,30mm,3mm,41.13mm,1mm
3827,5V,30mm,6mm,41.58mm,10.5mm,30mm,3mm,41.13mm,1mm
3828,5V,30mm,6mm,41.58mm,11mm,30mm,3mm,41.13mm,1mm
3829,5V,30mm,6mm,41.58mm,10mm,30mm,3mm,41.13mm,1.5mm
3830,5V,30mm,6mm,41.58mm,10.5mm,30mm,3mm,41.13mm,1.5mm
3831,5V,30mm,6mm,41.58mm,11mm,30mm,3mm,41.13mm,1.5mm
3832,5V,30mm,6mm,41.58mm,10mm,30mm,3mm,41.13mm,2mm
3833,5V,30mm,6mm,41.58mm,10.5mm,30mm,3mm,41.13mm,2mm
3834,5V,30mm,6mm,41.58mm,11mm,30mm,3mm,41.13mm,2mm
4375,0V,30.5mm,6mm,41.58mm,10mm,30mm,3mm,41.13mm,1mm
4376,0V,30.5mm,6mm,41.58mm,10.5mm,30mm,3mm,41.13mm,1mm
4377,0V,30.5mm,6mm,41.58mm,11mm,30mm,3mm,41.13mm,1mm
4378,0V,30.5mm,6mm,41.58mm,10mm,30mm,3mm,41.13mm,1.5mm
4379,0V,30.5mm,6mm,41.58mm,10.5mm,30mm,3mm,41.13mm,1.5mm
4380,0V,30.5mm,6mm,41.58mm,11mm,30mm,3mm,41.13mm,1.5mm
4381,0V,30.5mm,6mm,41.58mm,10mm,30mm,3mm,41.13mm,2mm
4382,0V,30.5mm,6mm,41.58mm,10.5mm,30mm,3mm,41.13mm,2mm
4383,0V,30.5mm,6mm,41.58mm,11mm,30mm,3mm,41.13mm,2mm
4384,1V,30.5mm,6mm,41.58mm,10mm,30mm,3mm,41.13mm,1mm
4385,1V,30.5mm,6mm,41.58mm,10.5mm,30mm,3mm,41.13mm,1mm
4386,1V,30.5mm,6mm,41.58mm,11mm,30mm,3mm,41.13mm,1mm
4387,1V,30.5mm,6mm,41.58mm,10mm,30mm,3mm,41.13mm,1.5mm
4388,1V,30.5mm,6mm,41.58mm,10.5mm,30mm,3mm,41.13mm,1.5mm
4389,1V,30.5mm,6mm,41.58mm,11mm,30mm,3mm,41.13mm,1.5mm
4390,1V,30.5mm,6mm,41.58mm,10mm,30mm,3mm,41.13mm,2mm
4391,1V,30.5mm,6mm,41.58mm,10.5mm,30mm,3mm,41.13mm,2mm
4392,1V,30.5mm,6mm,41.58mm,11mm,30mm,3mm,41.13mm,2mm
4393,2V,30.5mm,6mm,41.58mm,10mm,30mm,3mm,41.13mm,1mm
4394,2V,30.5mm,6mm,41.58mm,10.5mm,30mm,3mm,41.13mm,1mm
4395,2V,30.5mm,6mm,41.58mm,11mm,30mm,3mm,41.13mm,1mm
4396,2V,30.5mm,6mm,41.58mm,10mm,30mm,3mm,41.13mm,1.5mm
4397,2V,30.5mm,6mm,41.58mm,10.5mm,30mm,3mm,41.13mm,1.5mm
4398,2V,30.5mm,6mm,41.58mm,11mm,30mm,3mm,41.13mm,1.5mm
4399,2V,30.5mm,6mm,41.58mm,10mm,30mm,3mm,41.13mm,2mm
4400,2V,30.5mm,6mm,41.58mm,10.5mm,30mm,3mm,41.13mm,2mm
4401,2V,30.5mm,6mm,41.58mm,11mm,30mm,3mm,41.13mm,2mm
4402,3V,30.5mm,6mm,41.58mm,10mm,30mm,3mm,41.13mm,1mm
4403,3V,30.5mm,6mm,41.58mm,10.5mm,30mm,3mm,41.13mm,1mm
4404,3V,30.5mm,6mm,41.58mm,11mm,30mm,3mm,41.13mm,1mm
4405,3V,30.5mm,6mm,41.58mm,10mm,30mm,3mm,41.13mm,1.5mm
4406,3V,30.5mm,6mm,41.58mm,10.5mm,30mm,3mm,41.13mm,1.5mm
4407,3V,30.5mm,6mm,41.58mm,11mm,30mm,3mm,41.13mm,1.5mm
4408,3V,30.5mm,6mm,41.58mm,10mm,30mm,3mm,41.13mm,2mm
4409,3V,30.5mm,6mm,41.58mm,10.5mm,30mm,3mm,41.13mm,2mm
4410,3V,30.5mm,6mm,41.58mm,11mm,30mm,3mm,41.13mm,2mm
4411,4V,30.5mm,6mm,41.58mm,10mm,30mm,3mm,41.13mm,1mm
4412,4V,30.5mm,6mm,41.58mm,10.5mm,30mm,3mm,41.13mm,1mm
4413,4V,30.5mm,6mm,41.58mm,11mm,30mm,3mm,41.13mm,1mm
4414,4V,30.5mm,6mm,41.58mm,10mm,30mm,3mm,41.13mm,1.5mm
4415,4V,30.5mm,6mm,41.58mm,10.5mm,30mm,3mm,41.13mm,1.5mm
4416,4V,30.5mm,6mm,41.58mm,11mm,30mm,3mm,41.13mm,1.5mm
4417,4V,30.5mm,6mm,41.58mm,10mm,30mm,3mm,41.13mm,2mm
4418,4V,30.5mm,6mm,41.58mm,10.5mm,30mm,3mm,41.13mm,2mm
4419,4V,30.5mm,6mm,41.58mm,11mm,30mm,3mm,41.13mm,2mm
4420,5V,30.5mm,6mm,41.58mm,10mm,30mm,3mm,41.13mm,1mm
4421,5V,30.5mm,6mm,41.58mm,10.5mm,30mm,3mm,41.13mm,1mm
4422,5V,30.5mm,6mm,41.58mm,11mm,30mm,3mm,41.13mm,1mm
4423,5V,30.5mm,6mm,41.58mm,10mm,30mm,3mm,41.13mm,1.5mm
4424,5V,30.5mm,6mm,41.58mm,10.5mm,30mm,3mm,41.13mm,1.5mm
4425,5V,30.5mm,6mm,41.58mm,11mm,30mm,3mm,41.13mm,1.5mm
4426,5V,30.5mm,6mm,41.58mm,10mm,30mm,3mm,41.13mm,2mm
4427,5V,30.5mm,6mm,41.58mm,10.5mm,30mm,3mm,41.13mm,2mm
4428,5V,30.5mm,6mm,41.58mm,11mm,30mm,3mm,41.13mm,2mm
4969,0V,31mm,6mm,41.58mm,10mm,30mm,3mm,41.13mm,1mm
4970,0V,31mm,6mm,41.58mm,10.5mm,30mm,3mm,41.13mm,1mm
4971,0V,31mm,6mm,41.58mm,11mm,30mm,3mm,41.13mm,1mm
4972,0V,31mm,6mm,41.58mm,10mm,30mm,3mm,41.13mm,1.5mm
4973,0V,31mm,6mm,41.58mm,10.5mm,30mm,3mm,41.13mm,1.5mm
4974,0V,31mm,6mm,41.58mm,11mm,30mm,3mm,41.13mm,1.5mm
4975,0V,31mm,6mm,41.58mm,10mm,30mm,3mm,41.13mm,2mm
4976,0V,31mm,6mm,41.58mm,10.5mm,30mm,3mm,41.13mm,2mm
4977,0V,31mm,6mm,41.58mm,11mm,30mm,3mm,41.13mm,2mm
4978,1V,31mm,6mm,41.58mm,10mm,30mm,3mm,41.13mm,1mm
4979,1V,31mm,6mm,41.58mm,10.5mm,30mm,3mm,41.13mm,1mm
4980,1V,31mm,6mm,41.58mm,11mm,30mm,3mm,41.13mm,1mm
4981,1V,31mm,6mm,41.58mm,10mm,30mm,3mm,41.13mm,1.5mm
4982,1V,31mm,6mm,41.58mm,10.5mm,30mm,3mm,41.13mm,1.5mm
4983,1V,31mm,6mm,41.58mm,11mm,30mm,3mm,41.13mm,1.5mm
4984,1V,31mm,6mm,41.58mm,10mm,30mm,3mm,41.13mm,2mm
4985,1V,31mm,6mm,41.58mm,10.5mm,30mm,3mm,41.13mm,2mm
4986,1V,31mm,6mm,41.58mm,11mm,30mm,3mm,41.13mm,2mm
4987,2V,31mm,6mm,41.58mm,10mm,30mm,3mm,41.13mm,1mm
4988,2V,31mm,6mm,41.58mm,10.5mm,30mm,3mm,41.13mm,1mm
4989,2V,31mm,6mm,41.58mm,11mm,30mm,3mm,41.13mm,1mm
4990,2V,31mm,6mm,41.58mm,10mm,30mm,3mm,41.13mm,1.5mm
4991,2V,31mm,6mm,41.58mm,10.5mm,30mm,3mm,41.13mm,1.5mm
4992,2V,31mm,6mm,41.58mm,11mm,30mm,3mm,41.13mm,1.5mm
4993,2V,31mm,6mm,41.58mm,10mm,30mm,3mm,41.13mm,2mm
4994,2V,31mm,6mm,41.58mm,10.5mm,30mm,3mm,41.13mm,2mm
4995,2V,31mm,6mm,41.58mm,11mm,30mm,3mm,41.13mm,2mm
4996,3V,31mm,6mm,41.58mm,10mm,30mm,3mm,41.13mm,1mm
4997,3V,31mm,6mm,41.58mm,10.5mm,30mm,3mm,41.13mm,1mm
4998,3V,31mm,6mm,41.58mm,11mm,30mm,3mm,41.13mm,1mm
4999,3V,31mm,6mm,41.58mm,10mm,30mm,3mm,41.13mm,1.5mm
5000,3V,31mm,6mm,41.58mm,10.5mm,30mm,3mm,41.13mm,1.5mm
5001,3V,31mm,6mm,41.58mm,11mm,30mm,3mm,41.13mm,1.5mm
5002,3V,31mm,6mm,41.58mm,10mm,30mm,3mm,41.13mm,2mm
5003,3V,31mm,6mm,41.58mm,10.5mm,30mm,3mm,41.13mm,2mm
5004,3V,31mm,6mm,41.58mm,11mm,30mm,3mm,41.13mm,2mm
5005,4V,31mm,6mm,41.58mm,10mm,30mm,3mm,41.13mm,1mm
5006,4V,31mm,6mm,41.58mm,10.5mm,30mm,3mm,41.13mm,1mm
5007,4V,31mm,6mm,41.58mm,11mm,30mm,3mm,41.13mm,1mm
5008,4V,31mm,6mm,41.58mm,10mm,30mm,3mm,41.13mm,1.5mm
5009,4V,31mm,6mm,41.58mm,10.5mm,30mm,3mm,41.13mm,1.5mm
5010,4V,31mm,6mm,41.58mm,11mm,30mm,3mm,41.13mm,1.5mm
5011,4V,31mm,6mm,41.58mm,10mm,30mm,3mm,41.13mm,2mm
5012,4V,31mm,6mm,41.58mm,10.5mm,30mm,3mm,41.13mm,2mm
5013,4V,31mm,6mm,41.58mm,11mm,30mm,3mm,41.13mm,2mm
5014,5V,31mm,6mm,41.58mm,10mm,30mm,3mm,41.13mm,1mm
5015,5V,31mm,6mm,41.58mm,10.5mm,30mm,3mm,41.13mm,1mm
5016,5V,31mm,6mm,41.58mm,11mm,30mm,3mm,41.13mm,1mm
5017,5V,31mm,6mm,41.58mm,10mm,30mm,3mm,41.13mm,1.5mm
5018,5V,31mm,6mm,41.58mm,10.5mm,30mm,3mm,41.13mm,1.5mm
5019,5V,31mm,6mm,41.58mm,11mm,30mm,3mm,41.13mm,1.5mm
5020,5V,31mm,6mm,41.58mm,10mm,30mm,3mm,41.13mm,2mm
5021,5V,31mm,6mm,41.58mm,10.5mm,30mm,3mm,41.13mm,2mm
5022,5V,31mm,6mm,41.58mm,11mm,30mm,3mm,41.13mm,2mm
5563,0V,31.5mm,6mm,41.58mm,10mm,30mm,3mm,41.13mm,1mm
5564,0V,31.5mm,6mm,41.58mm,10.5mm,30mm,3mm,41.13mm,1mm
5565,0V,31.5mm,6mm,41.58mm,11mm,30mm,3mm,41.13mm,1mm
5566,0V,31.5mm,6mm,41.58mm,10mm,30mm,3mm,41.13mm,1.5mm
5567,0V,31.5mm,6mm,41.58mm,10.5mm,30mm,3mm,41.13mm,1.5mm
5568,0V,31.5mm,6mm,41.58mm,11mm,30mm,3mm,41.13mm,1.5mm
5569,0V,31.5mm,6mm,41.58mm,10mm,30mm,3mm,41.13mm,2mm
5570,0V,31.5mm,6mm,41.58mm,10.5mm,30mm,3mm,41.13mm,2mm
5571,0V,31.5mm,6mm,41.58mm,11mm,30mm,3mm,41.13mm,2mm
5572,1V,31.5mm,6mm,41.58mm,10mm,30mm,3mm,41.13mm,1mm
5573,1V,31.5mm,6mm,41.58mm,10.5mm,30mm,3mm,41.13mm,1mm
5574,1V,31.5mm,6mm,41.58mm,11mm,30mm,3mm,41.13mm,1mm
5575,1V,31.5mm,6mm,41.58mm,10mm,30mm,3mm,41.13mm,1.5mm
5576,1V,31.5mm,6mm,41.58mm,10.5mm,30mm,3mm,41.13mm,1.5mm
5577,1V,31.5mm,6mm,41.58mm,11mm,30mm,3mm,41.13mm,1.5mm
5578,1V,31.5mm,6mm,41.58mm,10mm,30mm,3mm,41.13mm,2mm
5579,1V,31.5mm,6mm,41.58mm,10.5mm,30mm,3mm,41.13mm,2mm
5580,1V,31.5mm,6mm,41.58mm,11mm,30mm,3mm,41.13mm,2mm
5581,2V,31.5mm,6mm,41.58mm,10mm,30mm,3mm,41.13mm,1mm
5582,2V,31.5mm,6mm,41.58mm,10.5mm,30mm,3mm,41.13mm,1mm
5583,2V,31.5mm,6mm,41.58mm,11mm,30mm,3mm,41.13mm,1mm
5584,2V,31.5mm,6mm,41.58mm,10mm,30mm,3mm,41.13mm,1.5mm
5585,2V,31.5mm,6mm,41.58mm,10.5mm,30mm,3mm,41.13mm,1.5mm
5586,2V,31.5mm,6mm,41.58mm,11mm,30mm,3mm,41.13mm,1.5mm
5587,2V,31.5mm,6mm,41.58mm,10mm,30mm,3mm,41.13mm,2mm
5588,2V,31.5mm,6mm,41.58mm,10.5mm,30mm,3mm,41.13mm,2mm
5589,2V,31.5mm,6mm,41.58mm,11mm,30mm,3mm,41.13mm,2mm
5590,3V,31.5mm,6mm,41.58mm,10mm,30mm,3mm,41.13mm,1mm
5591,3V,31.5mm,6mm,41.58mm,10.5mm,30mm,3mm,41.13mm,1mm
5592,3V,31.5mm,6mm,41.58mm,11mm,30mm,3mm,41.13mm,1mm
5593,3V,31.5mm,6mm,41.58mm,10mm,30mm,3mm,41.13mm,1.5mm
5594,3V,31.5mm,6mm,41.58mm,10.5mm,30mm,3mm,41.13mm,1.5mm
5595,3V,31.5mm,6mm,41.58mm,11mm,30mm,3mm,41.13mm,1.5mm
5596,3V,31.5mm,6mm,41.58mm,10mm,30mm,3mm,41.13mm,2mm
5597,3V,31.5mm,6mm,41.58mm,10.5mm,30mm,3mm,41.13mm,2mm
5598,3V,31.5mm,6mm,41.58mm,11mm,30mm,3mm,41.13mm,2mm
5599,4V,31.5mm,6mm,41.58mm,10mm,30mm,3mm,41.13mm,1mm
5600,4V,31.5mm,6mm,41.58mm,10.5mm,30mm,3mm,41.13mm,1mm
5601,4V,31.5mm,6mm,41.58mm,11mm,30mm,3mm,41.13mm,1mm
5602,4V,31.5mm,6mm,41.58mm,10mm,30mm,3mm,41.13mm,1.5mm
5603,4V,31.5mm,6mm,41.58mm,10.5mm,30mm,3mm,41.13mm,1.5mm
5604,4V,31.5mm,6mm,41.58mm,11mm,30mm,3mm,41.13mm,1.5mm
5605,4V,31.5mm,6mm,41.58mm,10mm,30mm,3mm,41.13mm,2mm
5606,4V,31.5mm,6mm,41.58mm,10.5mm,30mm,3mm,41.13mm,2mm
5607,4V,31.5mm,6mm,41.58mm,11mm,30mm,3mm,41.13mm,2mm
5608,5V,31.5mm,6mm,41.58mm,10mm,30mm,3mm,41.13mm,1mm
5609,5V,31.5mm,6mm,41.58mm,10.5mm,30mm,3mm,41.13mm,1mm
5610,5V,31.5mm,6mm,41.58mm,11mm,30mm,3mm,41.13mm,1mm
5611,5V,31.5mm,6mm,41.58mm,10mm,30mm,3mm,41.13mm,1.5mm
5612,5V,31.5mm,6mm,41.58mm,10.5mm,30mm,3mm,41.13mm,1.5mm
5613,5V,31.5mm,6mm,41.58mm,11mm,30mm,3mm,41.13mm,1.5mm
5614,5V,31.5mm,6mm,41.58mm,10mm,30mm,3mm,41.13mm,2mm
5615,5V,31.5mm,6mm,41.58mm,10.5mm,30mm,3mm,41.13mm,2mm
5616,5V,31.5mm,6mm,41.58mm,11mm,30mm,3mm,41.13mm,2mm
6157,0V,32mm,6mm,41.58mm,10mm,30mm,3mm,41.13mm,1mm
6158,0V,32mm,6mm,41.58mm,10.5mm,30mm,3mm,41.13mm,1mm
6159,0V,32mm,6mm,41.58mm,11mm,30mm,3mm,41.13mm,1mm
6160,0V,32mm,6mm,41.58mm,10mm,30mm,3mm,41.13mm,1.5mm
6161,0V,32mm,6mm,41.58mm,10.5mm,30mm,3mm,41.13mm,1.5mm
6162,0V,32mm,6mm,41.58mm,11mm,30mm,3mm,41.13mm,1.5mm
6163,0V,32mm,6mm,41.58mm,10mm,30mm,3mm,41.13mm,2mm
6164,0V,32mm,6mm,41.58mm,10.5mm,30mm,3mm,41.13mm,2mm
6165,0V,32mm,6mm,41.58mm,11mm,30mm,3mm,41.13mm,2mm
6166,1V,32mm,6mm,41.58mm,10mm,30mm,3mm,41.13mm,1mm
6167,1V,32mm,6mm,41.58mm,10.5mm,30mm,3mm,41.13mm,1mm
6168,1V,32mm,6mm,41.58mm,11mm,30mm,3mm,41.13mm,1mm
6169,1V,32mm,6mm,41.58mm,10mm,30mm,3mm,41.13mm,1.5mm
6170,1V,32mm,6mm,41.58mm,10.5mm,30mm,3mm,41.13mm,1.5mm
6171,1V,32mm,6mm,41.58mm,11mm,30mm,3mm,41.13mm,1.5mm
6172,1V,32mm,6mm,41.58mm,10mm,30mm,3mm,41.13mm,2mm
6173,1V,32mm,6mm,41.58mm,10.5mm,30mm,3mm,41.13mm,2mm
6174,1V,32mm,6mm,41.58mm,11mm,30mm,3mm,41.13mm,2mm
6175,2V,32mm,6mm,41.58mm,10mm,30mm,3mm,41.13mm,1mm
6176,2V,32mm,6mm,41.58mm,10.5mm,30mm,3mm,41.13mm,1mm
6177,2V,32mm,6mm,41.58mm,11mm,30mm,3mm,41.13mm,1mm
6178,2V,32mm,6mm,41.58mm,10mm,30mm,3mm,41.13mm,1.5mm
6179,2V,32mm,6mm,41.58mm,10.5mm,30mm,3mm,41.13mm,1.5mm
6180,2V,32mm,6mm,41.58mm,11mm,30mm,3mm,41.13mm,1.5mm
6181,2V,32mm,6mm,41.58mm,10mm,30mm,3mm,41.13mm,2mm
6182,2V,32mm,6mm,41.58mm,10.5mm,30mm,3mm,41.13mm,2mm
6183,2V,32mm,6mm,41.58mm,11mm,30mm,3mm,41.13mm,2mm
6184,3V,32mm,6mm,41.58mm,10mm,30mm,3mm,41.13mm,1mm
6185,3V,32mm,6mm,41.58mm,10.5mm,30mm,3mm,41.13mm,1mm
6186,3V,32mm,6mm,41.58mm,11mm,30mm,3mm,41.13mm,1mm
6187,3V,32mm,6mm,41.58mm,10mm,30mm,3mm,41.13mm,1.5mm
6188,3V,32mm,6mm,41.58mm,10.5mm,30mm,3mm,41.13mm,1.5mm
6189,3V,32mm,6mm,41.58mm,11mm,30mm,3mm,41.13mm,1.5mm
6190,3V,32mm,6mm,41.58mm,10mm,30mm,3mm,41.13mm,2mm
6191,3V,32mm,6mm,41.58mm,10.5mm,30mm,3mm,41.13mm,2mm
6192,3V,32mm,6mm,41.58mm,11mm,30mm,3mm,41.13mm,2mm
6193,4V,32mm,6mm,41.58mm,10mm,30mm,3mm,41.13mm,1mm
6194,4V,32mm,6mm,41.58mm,10.5mm,30mm,3mm,41.13mm,1mm
6195,4V,32mm,6mm,41.58mm,11mm,30mm,3mm,41.13mm,1mm
6196,4V,32mm,6mm,41.58mm,10mm,30mm,3mm,41.13mm,1.5mm
6197,4V,32mm,6mm,41.58mm,10.5mm,30mm,3mm,41.13mm,1.5mm
6198,4V,32mm,6mm,41.58mm,11mm,30mm,3mm,41.13mm,1.5mm
6199,4V,32mm,6mm,41.58mm,10mm,30mm,3mm,41.13mm,2mm
6200,4V,32mm,6mm,41.58mm,10.5mm,30mm,3mm,41.13mm,2mm
6201,4V,32mm,6mm,41.58mm,11mm,30mm,3mm,41.13mm,2mm
6202,5V,32mm,6mm,41.58mm,10mm,30mm,3mm,41.13mm,1mm
6203,5V,32mm,6mm,41.58mm,10.5mm,30mm,3mm,41.13mm,1mm
6204,5V,32mm,6mm,41.58mm,11mm,30mm,3mm,41.13mm,1mm
6205,5V,32mm,6mm,41.58mm,10mm,30mm,3mm,41.13mm,1.5mm
6206,5V,32mm,6mm,41.58mm,10.5mm,30mm,3mm,41.13mm,1.5mm
6207,5V,32mm,6mm,41.58mm,11mm,30mm,3mm,41.13mm,1.5mm
6208,5V,32mm,6mm,41.58mm,10mm,30mm,3mm,41.13mm,2mm
6209,5V,32mm,6mm,41.58mm,10.5mm,30mm,3mm,41.13mm,2mm
6210,5V,32mm,6mm,41.58mm,11mm,30mm,3mm,41.13mm,2mm
271,0V,27mm,6mm,41.58mm,10mm,30.5mm,3mm,41.13mm,1mm
272,0V,27mm,6mm,41.58mm,10.5mm,30.5mm,3mm,41.13mm,1mm
273,0V,27mm,6mm,41.58mm,11mm,30.5mm,3mm,41.13mm,1mm
274,0V,27mm,6mm,41.58mm,10mm,30.5mm,3mm,41.13mm,1.5mm
275,0V,27mm,6mm,41.58mm,10.5mm,30.5mm,3mm,41.13mm,1.5mm
276,0V,27mm,6mm,41.58mm,11mm,30.5mm,3mm,41.13mm,1.5mm
277,0V,27mm,6mm,41.58mm,10mm,30.5mm,3mm,41.13mm,2mm
278,0V,27mm,6mm,41.58mm,10.5mm,30.5mm,3mm,41.13mm,2mm
279,0V,27mm,6mm,41.58mm,11mm,30.5mm,3mm,41.13mm,2mm
280,1V,27mm,6mm,41.58mm,10mm,30.5mm,3mm,41.13mm,1mm
281,1V,27mm,6mm,41.58mm,10.5mm,30.5mm,3mm,41.13mm,1mm
282,1V,27mm,6mm,41.58mm,11mm,30.5mm,3mm,41.13mm,1mm
283,1V,27mm,6mm,41.58mm,10mm,30.5mm,3mm,41.13mm,1.5mm
284,1V,27mm,6mm,41.58mm,10.5mm,30.5mm,3mm,41.13mm,1.5mm
285,1V,27mm,6mm,41.58mm,11mm,30.5mm,3mm,41.13mm,1.5mm
286,1V,27mm,6mm,41.58mm,10mm,30.5mm,3mm,41.13mm,2mm
287,1V,27mm,6mm,41.58mm,10.5mm,30.5mm,3mm,41.13mm,2mm
288,1V,27mm,6mm,41.58mm,11mm,30.5mm,3mm,41.13mm,2mm
289,2V,27mm,6mm,41.58mm,10mm,30.5mm,3mm,41.13mm,1mm
290,2V,27mm,6mm,41.58mm,10.5mm,30.5mm,3mm,41.13mm,1mm
291,2V,27mm,6mm,41.58mm,11mm,30.5mm,3mm,41.13mm,1mm
292,2V,27mm,6mm,41.58mm,10mm,30.5mm,3mm,41.13mm,1.5mm
293,2V,27mm,6mm,41.58mm,10.5mm,30.5mm,3mm,41.13mm,1.5mm
294,2V,27mm,6mm,41.58mm,11mm,30.5mm,3mm,41.13mm,1.5mm
295,2V,27mm,6mm,41.58mm,10mm,30.5mm,3mm,41.13mm,2mm
296,2V,27mm,6mm,41.58mm,10.5mm,30.5mm,3mm,41.13mm,2mm
297,2V,27mm,6mm,41.58mm,11mm,30.5mm,3mm,41.13mm,2mm
298,3V,27mm,6mm,41.58mm,10mm,30.5mm,3mm,41.13mm,1mm
299,3V,27mm,6mm,41.58mm,10.5mm,30.5mm,3mm,41.13mm,1mm
300,3V,27mm,6mm,41.58mm,11mm,30.5mm,3mm,41.13mm,1mm
301,3V,27mm,6mm,41.58mm,10mm,30.5mm,3mm,41.13mm,1.5mm
302,3V,27mm,6mm,41.58mm,10.5mm,30.5mm,3mm,41.13mm,1.5mm
303,3V,27mm,6mm,41.58mm,11mm,30.5mm,3mm,41.13mm,1.5mm
304,3V,27mm,6mm,41.58mm,10mm,30.5mm,3mm,41.13mm,2mm
305,3V,27mm,6mm,41.58mm,10.5mm,30.5mm,3mm,41.13mm,2mm
306,3V,27mm,6mm,41.58mm,11mm,30.5mm,3mm,41.13mm,2mm
307,4V,27mm,6mm,41.58mm,10mm,30.5mm,3mm,41.13mm,1mm
308,4V,27mm,6mm,41.58mm,10.5mm,30.5mm,3mm,41.13mm,1mm
309,4V,27mm,6mm,41.58mm,11mm,30.5mm,3mm,41.13mm,1mm
310,4V,27mm,6mm,41.58mm,10mm,30.5mm,3mm,41.13mm,1.5mm
311,4V,27mm,6mm,41.58mm,10.5mm,30.5mm,3mm,41.13mm,1.5mm
312,4V,27mm,6mm,41.58mm,11mm,30.5mm,3mm,41.13mm,1.5mm
313,4V,27mm,6mm,41.58mm,10mm,30.5mm,3mm,41.13mm,2mm
314,4V,27mm,6mm,41.58mm,10.5mm,30.5mm,3mm,41.13mm,2mm
315,4V,27mm,6mm,41.58mm,11mm,30.5mm,3mm,41.13mm,2mm
316,5V,27mm,6mm,41.58mm,10mm,30.5mm,3mm,41.13mm,1mm
317,5V,27mm,6mm,41.58mm,10.5mm,30.5mm,3mm,41.13mm,1mm
318,5V,27mm,6mm,41.58mm,11mm,30.5mm,3mm,41.13mm,1mm
319,5V,27mm,6mm,41.58mm,10mm,30.5mm,3mm,41.13mm,1.5mm
320,5V,27mm,6mm,41.58mm,10.5mm,30.5mm,3mm,41.13mm,1.5mm
321,5V,27mm,6mm,41.58mm,11mm,30.5mm,3mm,41.13mm,1.5mm
322,5V,27mm,6mm,41.58mm,10mm,30.5mm,3mm,41.13mm,2mm
323,5V,27mm,6mm,41.58mm,10.5mm,30.5mm,3mm,41.13mm,2mm
324,5V,27mm,6mm,41.58mm,11mm,30.5mm,3mm,41.13mm,2mm
865,0V,27.5mm,6mm,41.58mm,10mm,30.5mm,3mm,41.13mm,1mm
866,0V,27.5mm,6mm,41.58mm,10.5mm,30.5mm,3mm,41.13mm,1mm
867,0V,27.5mm,6mm,41.58mm,11mm,30.5mm,3mm,41.13mm,1mm
868,0V,27.5mm,6mm,41.58mm,10mm,30.5mm,3mm,41.13mm,1.5mm
869,0V,27.5mm,6mm,41.58mm,10.5mm,30.5mm,3mm,41.13mm,1.5mm
870,0V,27.5mm,6mm,41.58mm,11mm,30.5mm,3mm,41.13mm,1.5mm
871,0V,27.5mm,6mm,41.58mm,10mm,30.5mm,3mm,41.13mm,2mm
872,0V,27.5mm,6mm,41.58mm,10.5mm,30.5mm,3mm,41.13mm,2mm
873,0V,27.5mm,6mm,41.58mm,11mm,30.5mm,3mm,41.13mm,2mm
874,1V,27.5mm,6mm,41.58mm,10mm,30.5mm,3mm,41.13mm,1mm
875,1V,27.5mm,6mm,41.58mm,10.5mm,30.5mm,3mm,41.13mm,1mm
876,1V,27.5mm,6mm,41.58mm,11mm,30.5mm,3mm,41.13mm,1mm
877,1V,27.5mm,6mm,41.58mm,10mm,30.5mm,3mm,41.13mm,1.5mm
878,1V,27.5mm,6mm,41.58mm,10.5mm,30.5mm,3mm,41.13mm,1.5mm
879,1V,27.5mm,6mm,41.58mm,11mm,30.5mm,3mm,41.13mm,1.5mm
880,1V,27.5mm,6mm,41.58mm,10mm,30.5mm,3mm,41.13mm,2mm
881,1V,27.5mm,6mm,41.58mm,10.5mm,30.5mm,3mm,41.13mm,2mm
882,1V,27.5mm,6mm,41.58mm,11mm,30.5mm,3mm,41.13mm,2mm
883,2V,27.5mm,6mm,41.58mm,10mm,30.5mm,3mm,41.13mm,1mm
884,2V,27.5mm,6mm,41.58mm,10.5mm,30.5mm,3mm,41.13mm,1mm
885,2V,27.5mm,6mm,41.58mm,11mm,30.5mm,3mm,41.13mm,1mm
886,2V,27.5mm,6mm,41.58mm,10mm,30.5mm,3mm,41.13mm,1.5mm
887,2V,27.5mm,6mm,41.58mm,10.5mm,30.5mm,3mm,41.13mm,1.5mm
888,2V,27.5mm,6mm,41.58mm,11mm,30.5mm,3mm,41.13mm,1.5mm
889,2V,27.5mm,6mm,41.58mm,10mm,30.5mm,3mm,41.13mm,2mm
890,2V,27.5mm,6mm,41.58mm,10.5mm,30.5mm,3mm,41.13mm,2mm
891,2V,27.5mm,6mm,41.58mm,11mm,30.5mm,3mm,41.13mm,2mm
892,3V,27.5mm,6mm,41.58mm,10mm,30.5mm,3mm,41.13mm,1mm
893,3V,27.5mm,6mm,41.58mm,10.5mm,30.5mm,3mm,41.13mm,1mm
894,3V,27.5mm,6mm,41.58mm,11mm,30.5mm,3mm,41.13mm,1mm
895,3V,27.5mm,6mm,41.58mm,10mm,30.5mm,3mm,41.13mm,1.5mm
896,3V,27.5mm,6mm,41.58mm,10.5mm,30.5mm,3mm,41.13mm,1.5mm
897,3V,27.5mm,6mm,41.58mm,11mm,30.5mm,3mm,41.13mm,1.5mm
898,3V,27.5mm,6mm,41.58mm,10mm,30.5mm,3mm,41.13mm,2mm
899,3V,27.5mm,6mm,41.58mm,10.5mm,30.5mm,3mm,41.13mm,2mm
900,3V,27.5mm,6mm,41.58mm,11mm,30.5mm,3mm,41.13mm,2mm
901,4V,27.5mm,6mm,41.58mm,10mm,30.5mm,3mm,41.13mm,1mm
902,4V,27.5mm,6mm,41.58mm,10.5mm,30.5mm,3mm,41.13mm,1mm
903,4V,27.5mm,6mm,41.58mm,11mm,30.5mm,3mm,41.13mm,1mm
904,4V,27.5mm,6mm,41.58mm,10mm,30.5mm,3mm,41.13mm,1.5mm
905,4V,27.5mm,6mm,41.58mm,10.5mm,30.5mm,3mm,41.13mm,1.5mm
906,4V,27.5mm,6mm,41.58mm,11mm,30.5mm,3mm,41.13mm,1.5mm
907,4V,27.5mm,6mm,41.58mm,10mm,30.5mm,3mm,41.13mm,2mm
908,4V,27.5mm,6mm,41.58mm,10.5mm,30.5mm,3mm,41.13mm,2mm
909,4V,27.5mm,6mm,41.58mm,11mm,30.5mm,3mm,41.13mm,2mm
910,5V,27.5mm,6mm,41.58mm,10mm,30.5mm,3mm,41.13mm,1mm
911,5V,27.5mm,6mm,41.58mm,10.5mm,30.5mm,3mm,41.13mm,1mm
912,5V,27.5mm,6mm,41.58mm,11mm,30.5mm,3mm,41.13mm,1mm
913,5V,27.5mm,6mm,41.58mm,10mm,30.5mm,3mm,41.13mm,1.5mm
914,5V,27.5mm,6mm,41.58mm,10.5mm,30.5mm,3mm,41.13mm,1.5mm
915,5V,27.5mm,6mm,41.58mm,11mm,30.5mm,3mm,41.13mm,1.5mm
916,5V,27.5mm,6mm,41.58mm,10mm,30.5mm,3mm,41.13mm,2mm
917,5V,27.5mm,6mm,41.58mm,10.5mm,30.5mm,3mm,41.13mm,2mm
918,5V,27.5mm,6mm,41.58mm,11mm,30.5mm,3mm,41.13mm,2mm
1459,0V,28mm,6mm,41.58mm,10mm,30.5mm,3mm,41.13mm,1mm
1460,0V,28mm,6mm,41.58mm,10.5mm,30.5mm,3mm,41.13mm,1mm
1461,0V,28mm,6mm,41.58mm,11mm,30.5mm,3mm,41.13mm,1mm
1462,0V,28mm,6mm,41.58mm,10mm,30.5mm,3mm,41.13mm,1.5mm
1463,0V,28mm,6mm,41.58mm,10.5mm,30.5mm,3mm,41.13mm,1.5mm
1464,0V,28mm,6mm,41.58mm,11mm,30.5mm,3mm,41.13mm,1.5mm
1465,0V,28mm,6mm,41.58mm,10mm,30.5mm,3mm,41.13mm,2mm
1466,0V,28mm,6mm,41.58mm,10.5mm,30.5mm,3mm,41.13mm,2mm
1467,0V,28mm,6mm,41.58mm,11mm,30.5mm,3mm,41.13mm,2mm
1468,1V,28mm,6mm,41.58mm,10mm,30.5mm,3mm,41.13mm,1mm
1469,1V,28mm,6mm,41.58mm,10.5mm,30.5mm,3mm,41.13mm,1mm
1470,1V,28mm,6mm,41.58mm,11mm,30.5mm,3mm,41.13mm,1mm
1471,1V,28mm,6mm,41.58mm,10mm,30.5mm,3mm,41.13mm,1.5mm
1472,1V,28mm,6mm,41.58mm,10.5mm,30.5mm,3mm,41.13mm,1.5mm
1473,1V,28mm,6mm,41.58mm,11mm,30.5mm,3mm,41.13mm,1.5mm
1474,1V,28mm,6mm,41.58mm,10mm,30.5mm,3mm,41.13mm,2mm
1475,1V,28mm,6mm,41.58mm,10.5mm,30.5mm,3mm,41.13mm,2mm
1476,1V,28mm,6mm,41.58mm,11mm,30.5mm,3mm,41.13mm,2mm
1477,2V,28mm,6mm,41.58mm,10mm,30.5mm,3mm,41.13mm,1mm
1478,2V,28mm,6mm,41.58mm,10.5mm,30.5mm,3mm,41.13mm,1mm
1479,2V,28mm,6mm,41.58mm,11mm,30.5mm,3mm,41.13mm,1mm
1480,2V,28mm,6mm,41.58mm,10mm,30.5mm,3mm,41.13mm,1.5mm
1481,2V,28mm,6mm,41.58mm,10.5mm,30.5mm,3mm,41.13mm,1.5mm
1482,2V,28mm,6mm,41.58mm,11mm,30.5mm,3mm,41.13mm,1.5mm
1483,2V,28mm,6mm,41.58mm,10mm,30.5mm,3mm,41.13mm,2mm
1484,2V,28mm,6mm,41.58mm,10.5mm,30.5mm,3mm,41.13mm,2mm
1485,2V,28mm,6mm,41.58mm,11mm,30.5mm,3mm,41.13mm,2mm
1486,3V,28mm,6mm,41.58mm,10mm,30.5mm,3mm,41.13mm,1mm
1487,3V,28mm,6mm,41.58mm,10.5mm,30.5mm,3mm,41.13mm,1mm
1488,3V,28mm,6mm,41.58mm,11mm,30.5mm,3mm,41.13mm,1mm
1489,3V,28mm,6mm,41.58mm,10mm,30.5mm,3mm,41.13mm,1.5mm
1490,3V,28mm,6mm,41.58mm,10.5mm,30.5mm,3mm,41.13mm,1.5mm
1491,3V,28mm,6mm,41.58mm,11mm,30.5mm,3mm,41.13mm,1.5mm
1492,3V,28mm,6mm,41.58mm,10mm,30.5mm,3mm,41.13mm,2mm
1493,3V,28mm,6mm,41.58mm,10.5mm,30.5mm,3mm,41.13mm,2mm
1494,3V,28mm,6mm,41.58mm,11mm,30.5mm,3mm,41.13mm,2mm
1495,4V,28mm,6mm,41.58mm,10mm,30.5mm,3mm,41.13mm,1mm
1496,4V,28mm,6mm,41.58mm,10.5mm,30.5mm,3mm,41.13mm,1mm
1497,4V,28mm,6mm,41.58mm,11mm,30.5mm,3mm,41.13mm,1mm
1498,4V,28mm,6mm,41.58mm,10mm,30.5mm,3mm,41.13mm,1.5mm
1499,4V,28mm,6mm,41.58mm,10.5mm,30.5mm,3mm,41.13mm,1.5mm
1500,4V,28mm,6mm,41.58mm,11mm,30.5mm,3mm,41.13mm,1.5mm
1501,4V,28mm,6mm,41.58mm,10mm,30.5mm,3mm,41.13mm,2mm
1502,4V,28mm,6mm,41.58mm,10.5mm,30.5mm,3mm,41.13mm,2mm
1503,4V,28mm,6mm,41.58mm,11mm,30.5mm,3mm,41.13mm,2mm
1504,5V,28mm,6mm,41.58mm,10mm,30.5mm,3mm,41.13mm,1mm
1505,5V,28mm,6mm,41.58mm,10.5mm,30.5mm,3mm,41.13mm,1mm
1506,5V,28mm,6mm,41.58mm,11mm,30.5mm,3mm,41.13mm,1mm
1507,5V,28mm,6mm,41.58mm,10mm,30.5mm,3mm,41.13mm,1.5mm
1508,5V,28mm,6mm,41.58mm,10.5mm,30.5mm,3mm,41.13mm,1.5mm
1509,5V,28mm,6mm,41.58mm,11mm,30.5mm,3mm,41.13mm,1.5mm
1510,5V,28mm,6mm,41.58mm,10mm,30.5mm,3mm,41.13mm,2mm
1511,5V,28mm,6mm,41.58mm,10.5mm,30.5mm,3mm,41.13mm,2mm
1512,5V,28mm,6mm,41.58mm,11mm,30.5mm,3mm,41.13mm,2mm
2053,0V,28.5mm,6mm,41.58mm,10mm,30.5mm,3mm,41.13mm,1mm
2054,0V,28.5mm,6mm,41.58mm,10.5mm,30.5mm,3mm,41.13mm,1mm
2055,0V,28.5mm,6mm,41.58mm,11mm,30.5mm,3mm,41.13mm,1mm
2056,0V,28.5mm,6mm,41.58mm,10mm,30.5mm,3mm,41.13mm,1.5mm
2057,0V,28.5mm,6mm,41.58mm,10.5mm,30.5mm,3mm,41.13mm,1.5mm
2058,0V,28.5mm,6mm,41.58mm,11mm,30.5mm,3mm,41.13mm,1.5mm
2059,0V,28.5mm,6mm,41.58mm,10mm,30.5mm,3mm,41.13mm,2mm
2060,0V,28.5mm,6mm,41.58mm,10.5mm,30.5mm,3mm,41.13mm,2mm
2061,0V,28.5mm,6mm,41.58mm,11mm,30.5mm,3mm,41.13mm,2mm
2062,1V,28.5mm,6mm,41.58mm,10mm,30.5mm,3mm,41.13mm,1mm
2063,1V,28.5mm,6mm,41.58mm,10.5mm,30.5mm,3mm,41.13mm,1mm
2064,1V,28.5mm,6mm,41.58mm,11mm,30.5mm,3mm,41.13mm,1mm
2065,1V,28.5mm,6mm,41.58mm,10mm,30.5mm,3mm,41.13mm,1.5mm
2066,1V,28.5mm,6mm,41.58mm,10.5mm,30.5mm,3mm,41.13mm,1.5mm
2067,1V,28.5mm,6mm,41.58mm,11mm,30.5mm,3mm,41.13mm,1.5mm
2068,1V,28.5mm,6mm,41.58mm,10mm,30.5mm,3mm,41.13mm,2mm
2069,1V,28.5mm,6mm,41.58mm,10.5mm,30.5mm,3mm,41.13mm,2mm
2070,1V,28.5mm,6mm,41.58mm,11mm,30.5mm,3mm,41.13mm,2mm
2071,2V,28.5mm,6mm,41.58mm,10mm,30.5mm,3mm,41.13mm,1mm
2072,2V,28.5mm,6mm,41.58mm,10.5mm,30.5mm,3mm,41.13mm,1mm
2073,2V,28.5mm,6mm,41.58mm,11mm,30.5mm,3mm,41.13mm,1mm
2074,2V,28.5mm,6mm,41.58mm,10mm,30.5mm,3mm,41.13mm,1.5mm
2075,2V,28.5mm,6mm,41.58mm,10.5mm,30.5mm,3mm,41.13mm,1.5mm
2076,2V,28.5mm,6mm,41.58mm,11mm,30.5mm,3mm,41.13mm,1.5mm
2077,2V,28.5mm,6mm,41.58mm,10mm,30.5mm,3mm,41.13mm,2mm
2078,2V,28.5mm,6mm,41.58mm,10.5mm,30.5mm,3mm,41.13mm,2mm
2079,2V,28.5mm,6mm,41.58mm,11mm,30.5mm,3mm,41.13mm,2mm
2080,3V,28.5mm,6mm,41.58mm,10mm,30.5mm,3mm,41.13mm,1mm
2081,3V,28.5mm,6mm,41.58mm,10.5mm,30.5mm,3mm,41.13mm,1mm
2082,3V,28.5mm,6mm,41.58mm,11mm,30.5mm,3mm,41.13mm,1mm
2083,3V,28.5mm,6mm,41.58mm,10mm,30.5mm,3mm,41.13mm,1.5mm
2084,3V,28.5mm,6mm,41.58mm,10.5mm,30.5mm,3mm,41.13mm,1.5mm
2085,3V,28.5mm,6mm,41.58mm,11mm,30.5mm,3mm,41.13mm,1.5mm
2086,3V,28.5mm,6mm,41.58mm,10mm,30.5mm,3mm,41.13mm,2mm
2087,3V,28.5mm,6mm,41.58mm,10.5mm,30.5mm,3mm,41.13mm,2mm
2088,3V,28.5mm,6mm,41.58mm,11mm,30.5mm,3mm,41.13mm,2mm
2089,4V,28.5mm,6mm,41.58mm,10mm,30.5mm,3mm,41.13mm,1mm
2090,4V,28.5mm,6mm,41.58mm,10.5mm,30.5mm,3mm,41.13mm,1mm
2091,4V,28.5mm,6mm,41.58mm,11mm,30.5mm,3mm,41.13mm,1mm
2092,4V,28.5mm,6mm,41.58mm,10mm,30.5mm,3mm,41.13mm,1.5mm
2093,4V,28.5mm,6mm,41.58mm,10.5mm,30.5mm,3mm,41.13mm,1.5mm
2094,4V,28.5mm,6mm,41.58mm,11mm,30.5mm,3mm,41.13mm,1.5mm
2095,4V,28.5mm,6mm,41.58mm,10mm,30.5mm,3mm,41.13mm,2mm
2096,4V,28.5mm,6mm,41.58mm,10.5mm,30.5mm,3mm,41.13mm,2mm
2097,4V,28.5mm,6mm,41.58mm,11mm,30.5mm,3mm,41.13mm,2mm
2098,5V,28.5mm,6mm,41.58mm,10mm,30.5mm,3mm,41.13mm,1mm
2099,5V,28.5mm,6mm,41.58mm,10.5mm,30.5mm,3mm,41.13mm,1mm
2100,5V,28.5mm,6mm,41.58mm,11mm,30.5mm,3mm,41.13mm,1mm
2101,5V,28.5mm,6mm,41.58mm,10mm,30.5mm,3mm,41.13mm,1.5mm
2102,5V,28.5mm,6mm,41.58mm,10.5mm,30.5mm,3mm,41.13mm,1.5mm
2103,5V,28.5mm,6mm,41.58mm,11mm,30.5mm,3mm,41.13mm,1.5mm
2104,5V,28.5mm,6mm,41.58mm,10mm,30.5mm,3mm,41.13mm,2mm
2105,5V,28.5mm,6mm,41.58mm,10.5mm,30.5mm,3mm,41.13mm,2mm
2106,5V,28.5mm,6mm,41.58mm,11mm,30.5mm,3mm,41.13mm,2mm
2647,0V,29mm,6mm,41.58mm,10mm,30.5mm,3mm,41.13mm,1mm
2648,0V,29mm,6mm,41.58mm,10.5mm,30.5mm,3mm,41.13mm,1mm
2649,0V,29mm,6mm,41.58mm,11mm,30.5mm,3mm,41.13mm,1mm
2650,0V,29mm,6mm,41.58mm,10mm,30.5mm,3mm,41.13mm,1.5mm
2651,0V,29mm,6mm,41.58mm,10.5mm,30.5mm,3mm,41.13mm,1.5mm
2652,0V,29mm,6mm,41.58mm,11mm,30.5mm,3mm,41.13mm,1.5mm
2653,0V,29mm,6mm,41.58mm,10mm,30.5mm,3mm,41.13mm,2mm
2654,0V,29mm,6mm,41.58mm,10.5mm,30.5mm,3mm,41.13mm,2mm
2655,0V,29mm,6mm,41.58mm,11mm,30.5mm,3mm,41.13mm,2mm
2656,1V,29mm,6mm,41.58mm,10mm,30.5mm,3mm,41.13mm,1mm
2657,1V,29mm,6mm,41.58mm,10.5mm,30.5mm,3mm,41.13mm,1mm
2658,1V,29mm,6mm,41.58mm,11mm,30.5mm,3mm,41.13mm,1mm
2659,1V,29mm,6mm,41.58mm,10mm,30.5mm,3mm,41.13mm,1.5mm
2660,1V,29mm,6mm,41.58mm,10.5mm,30.5mm,3mm,41.13mm,1.5mm
2661,1V,29mm,6mm,41.58mm,11mm,30.5mm,3mm,41.13mm,1.5mm
2662,1V,29mm,6mm,41.58mm,10mm,30.5mm,3mm,41.13mm,2mm
2663,1V,29mm,6mm,41.58mm,10.5mm,30.5mm,3mm,41.13mm,2mm
2664,1V,29mm,6mm,41.58mm,11mm,30.5mm,3mm,41.13mm,2mm
2665,2V,29mm,6mm,41.58mm,10mm,30.5mm,3mm,41.13mm,1mm
2666,2V,29mm,6mm,41.58mm,10.5mm,30.5mm,3mm,41.13mm,1mm
2667,2V,29mm,6mm,41.58mm,11mm,30.5mm,3mm,41.13mm,1mm
2668,2V,29mm,6mm,41.58mm,10mm,30.5mm,3mm,41.13mm,1.5mm
2669,2V,29mm,6mm,41.58mm,10.5mm,30.5mm,3mm,41.13mm,1.5mm
2670,2V,29mm,6mm,41.58mm,11mm,30.5mm,3mm,41.13mm,1.5mm
2671,2V,29mm,6mm,41.58mm,10mm,30.5mm,3mm,41.13mm,2mm
2672,2V,29mm,6mm,41.58mm,10.5mm,30.5mm,3mm,41.13mm,2mm
2673,2V,29mm,6mm,41.58mm,11mm,30.5mm,3mm,41.13mm,2mm
2674,3V,29mm,6mm,41.58mm,10mm,30.5mm,3mm,41.13mm,1mm
2675,3V,29mm,6mm,41.58mm,10.5mm,30.5mm,3mm,41.13mm,1mm
2676,3V,29mm,6mm,41.58mm,11mm,30.5mm,3mm,41.13mm,1mm
2677,3V,29mm,6mm,41.58mm,10mm,30.5mm,3mm,41.13mm,1.5mm
2678,3V,29mm,6mm,41.58mm,10.5mm,30.5mm,3mm,41.13mm,1.5mm
2679,3V,29mm,6mm,41.58mm,11mm,30.5mm,3mm,41.13mm,1.5mm
2680,3V,29mm,6mm,41.58mm,10mm,30.5mm,3mm,41.13mm,2mm
2681,3V,29mm,6mm,41.58mm,10.5mm,30.5mm,3mm,41.13mm,2mm
2682,3V,29mm,6mm,41.58mm,11mm,30.5mm,3mm,41.13mm,2mm
2683,4V,29mm,6mm,41.58mm,10mm,30.5mm,3mm,41.13mm,1mm
2684,4V,29mm,6mm,41.58mm,10.5mm,30.5mm,3mm,41.13mm,1mm
2685,4V,29mm,6mm,41.58mm,11mm,30.5mm,3mm,41.13mm,1mm
2686,4V,29mm,6mm,41.58mm,10mm,30.5mm,3mm,41.13mm,1.5mm
2687,4V,29mm,6mm,41.58mm,10.5mm,30.5mm,3mm,41.13mm,1.5mm
2688,4V,29mm,6mm,41.58mm,11mm,30.5mm,3mm,41.13mm,1.5mm
2689,4V,29mm,6mm,41.58mm,10mm,30.5mm,3mm,41.13mm,2mm
2690,4V,29mm,6mm,41.58mm,10.5mm,30.5mm,3mm,41.13mm,2mm
2691,4V,29mm,6mm,41.58mm,11mm,30.5mm,3mm,41.13mm,2mm
2692,5V,29mm,6mm,41.58mm,10mm,30.5mm,3mm,41.13mm,1mm
2693,5V,29mm,6mm,41.58mm,10.5mm,30.5mm,3mm,41.13mm,1mm
2694,5V,29mm,6mm,41.58mm,11mm,30.5mm,3mm,41.13mm,1mm
2695,5V,29mm,6mm,41.58mm,10mm,30.5mm,3mm,41.13mm,1.5mm
2696,5V,29mm,6mm,41.58mm,10.5mm,30.5mm,3mm,41.13mm,1.5mm
2697,5V,29mm,6mm,41.58mm,11mm,30.5mm,3mm,41.13mm,1.5mm
2698,5V,29mm,6mm,41.58mm,10mm,30.5mm,3mm,41.13mm,2mm
2699,5V,29mm,6mm,41.58mm,10.5mm,30.5mm,3mm,41.13mm,2mm
2700,5V,29mm,6mm,41.58mm,11mm,30.5mm,3mm,41.13mm,2mm
3241,0V,29.5mm,6mm,41.58mm,10mm,30.5mm,3mm,41.13mm,1mm
3242,0V,29.5mm,6mm,41.58mm,10.5mm,30.5mm,3mm,41.13mm,1mm
3243,0V,29.5mm,6mm,41.58mm,11mm,30.5mm,3mm,41.13mm,1mm
3244,0V,29.5mm,6mm,41.58mm,10mm,30.5mm,3mm,41.13mm,1.5mm
3245,0V,29.5mm,6mm,41.58mm,10.5mm,30.5mm,3mm,41.13mm,1.5mm
3246,0V,29.5mm,6mm,41.58mm,11mm,30.5mm,3mm,41.13mm,1.5mm
3247,0V,29.5mm,6mm,41.58mm,10mm,30.5mm,3mm,41.13mm,2mm
3248,0V,29.5mm,6mm,41.58mm,10.5mm,30.5mm,3mm,41.13mm,2mm
3249,0V,29.5mm,6mm,41.58mm,11mm,30.5mm,3mm,41.13mm,2mm
3250,1V,29.5mm,6mm,41.58mm,10mm,30.5mm,3mm,41.13mm,1mm
3251,1V,29.5mm,6mm,41.58mm,10.5mm,30.5mm,3mm,41.13mm,1mm
3252,1V,29.5mm,6mm,41.58mm,11mm,30.5mm,3mm,41.13mm,1mm
3253,1V,29.5mm,6mm,41.58mm,10mm,30.5mm,3mm,41.13mm,1.5mm
3254,1V,29.5mm,6mm,41.58mm,10.5mm,30.5mm,3mm,41.13mm,1.5mm
3255,1V,29.5mm,6mm,41.58mm,11mm,30.5mm,3mm,41.13mm,1.5mm
3256,1V,29.5mm,6mm,41.58mm,10mm,30.5mm,3mm,41.13mm,2mm
3257,1V,29.5mm,6mm,41.58mm,10.5mm,30.5mm,3mm,41.13mm,2mm
3258,1V,29.5mm,6mm,41.58mm,11mm,30.5mm,3mm,41.13mm,2mm
3259,2V,29.5mm,6mm,41.58mm,10mm,30.5mm,3mm,41.13mm,1mm
3260,2V,29.5mm,6mm,41.58mm,10.5mm,30.5mm,3mm,41.13mm,1mm
3261,2V,29.5mm,6mm,41.58mm,11mm,30.5mm,3mm,41.13mm,1mm
3262,2V,29.5mm,6mm,41.58mm,10mm,30.5mm,3mm,41.13mm,1.5mm
3263,2V,29.5mm,6mm,41.58mm,10.5mm,30.5mm,3mm,41.13mm,1.5mm
3264,2V,29.5mm,6mm,41.58mm,11mm,30.5mm,3mm,41.13mm,1.5mm
3265,2V,29.5mm,6mm,41.58mm,10mm,30.5mm,3mm,41.13mm,2mm
3266,2V,29.5mm,6mm,41.58mm,10.5mm,30.5mm,3mm,41.13mm,2mm
3267,2V,29.5mm,6mm,41.58mm,11mm,30.5mm,3mm,41.13mm,2mm
3268,3V,29.5mm,6mm,41.58mm,10mm,30.5mm,3mm,41.13mm,1mm
3269,3V,29.5mm,6mm,41.58mm,10.5mm,30.5mm,3mm,41.13mm,1mm
3270,3V,29.5mm,6mm,41.58mm,11mm,30.5mm,3mm,41.13mm,1mm
3271,3V,29.5mm,6mm,41.58mm,10mm,30.5mm,3mm,41.13mm,1.5mm
3272,3V,29.5mm,6mm,41.58mm,10.5mm,30.5mm,3mm,41.13mm,1.5mm
3273,3V,29.5mm,6mm,41.58mm,11mm,30.5mm,3mm,41.13mm,1.5mm
3274,3V,29.5mm,6mm,41.58mm,10mm,30.5mm,3mm,41.13mm,2mm
3275,3V,29.5mm,6mm,41.58mm,10.5mm,30.5mm,3mm,41.13mm,2mm
3276,3V,29.5mm,6mm,41.58mm,11mm,30.5mm,3mm,41.13mm,2mm
3277,4V,29.5mm,6mm,41.58mm,10mm,30.5mm,3mm,41.13mm,1mm
3278,4V,29.5mm,6mm,41.58mm,10.5mm,30.5mm,3mm,41.13mm,1mm
3279,4V,29.5mm,6mm,41.58mm,11mm,30.5mm,3mm,41.13mm,1mm
3280,4V,29.5mm,6mm,41.58mm,10mm,30.5mm,3mm,41.13mm,1.5mm
3281,4V,29.5mm,6mm,41.58mm,10.5mm,30.5mm,3mm,41.13mm,1.5mm
3282,4V,29.5mm,6mm,41.58mm,11mm,30.5mm,3mm,41.13mm,1.5mm
3283,4V,29.5mm,6mm,41.58mm,10mm,30.5mm,3mm,41.13mm,2mm
3284,4V,29.5mm,6mm,41.58mm,10.5mm,30.5mm,3mm,41.13mm,2mm
3285,4V,29.5mm,6mm,41.58mm,11mm,30.5mm,3mm,41.13mm,2mm
3286,5V,29.5mm,6mm,41.58mm,10mm,30.5mm,3mm,41.13mm,1mm
3287,5V,29.5mm,6mm,41.58mm,10.5mm,30.5mm,3mm,41.13mm,1mm
3288,5V,29.5mm,6mm,41.58mm,11mm,30.5mm,3mm,41.13mm,1mm
3289,5V,29.5mm,6mm,41.58mm,10mm,30.5mm,3mm,41.13mm,1.5mm
3290,5V,29.5mm,6mm,41.58mm,10.5mm,30.5mm,3mm,41.13mm,1.5mm
3291,5V,29.5mm,6mm,41.58mm,11mm,30.5mm,3mm,41.13mm,1.5mm
3292,5V,29.5mm,6mm,41.58mm,10mm,30.5mm,3mm,41.13mm,2mm
3293,5V,29.5mm,6mm,41.58mm,10.5mm,30.5mm,3mm,41.13mm,2mm
3294,5V,29.5mm,6mm,41.58mm,11mm,30.5mm,3mm,41.13mm,2mm
3835,0V,30mm,6mm,41.58mm,10mm,30.5mm,3mm,41.13mm,1mm
3836,0V,30mm,6mm,41.58mm,10.5mm,30.5mm,3mm,41.13mm,1mm
3837,0V,30mm,6mm,41.58mm,11mm,30.5mm,3mm,41.13mm,1mm
3838,0V,30mm,6mm,41.58mm,10mm,30.5mm,3mm,41.13mm,1.5mm
3839,0V,30mm,6mm,41.58mm,10.5mm,30.5mm,3mm,41.13mm,1.5mm
3840,0V,30mm,6mm,41.58mm,11mm,30.5mm,3mm,41.13mm,1.5mm
3841,0V,30mm,6mm,41.58mm,10mm,30.5mm,3mm,41.13mm,2mm
3842,0V,30mm,6mm,41.58mm,10.5mm,30.5mm,3mm,41.13mm,2mm
3843,0V,30mm,6mm,41.58mm,11mm,30.5mm,3mm,41.13mm,2mm
3844,1V,30mm,6mm,41.58mm,10mm,30.5mm,3mm,41.13mm,1mm
3845,1V,30mm,6mm,41.58mm,10.5mm,30.5mm,3mm,41.13mm,1mm
3846,1V,30mm,6mm,41.58mm,11mm,30.5mm,3mm,41.13mm,1mm
3847,1V,30mm,6mm,41.58mm,10mm,30.5mm,3mm,41.13mm,1.5mm
3848,1V,30mm,6mm,41.58mm,10.5mm,30.5mm,3mm,41.13mm,1.5mm
3849,1V,30mm,6mm,41.58mm,11mm,30.5mm,3mm,41.13mm,1.5mm
3850,1V,30mm,6mm,41.58mm,10mm,30.5mm,3mm,41.13mm,2mm
3851,1V,30mm,6mm,41.58mm,10.5mm,30.5mm,3mm,41.13mm,2mm
3852,1V,30mm,6mm,41.58mm,11mm,30.5mm,3mm,41.13mm,2mm
3853,2V,30mm,6mm,41.58mm,10mm,30.5mm,3mm,41.13mm,1mm
3854,2V,30mm,6mm,41.58mm,10.5mm,30.5mm,3mm,41.13mm,1mm
3855,2V,30mm,6mm,41.58mm,11mm,30.5mm,3mm,41.13mm,1mm
3856,2V,30mm,6mm,41.58mm,10mm,30.5mm,3mm,41.13mm,1.5mm
3857,2V,30mm,6mm,41.58mm,10.5mm,30.5mm,3mm,41.13mm,1.5mm
3858,2V,30mm,6mm,41.58mm,11mm,30.5mm,3mm,41.13mm,1.5mm
3859,2V,30mm,6mm,41.58mm,10mm,30.5mm,3mm,41.13mm,2mm
3860,2V,30mm,6mm,41.58mm,10.5mm,30.5mm,3mm,41.13mm,2mm
3861,2V,30mm,6mm,41.58mm,11mm,30.5mm,3mm,41.13mm,2mm
3862,3V,30mm,6mm,41.58mm,10mm,30.5mm,3mm,41.13mm,1mm
3863,3V,30mm,6mm,41.58mm,10.5mm,30.5mm,3mm,41.13mm,1mm
3864,3V,30mm,6mm,41.58mm,11mm,30.5mm,3mm,41.13mm,1mm
3865,3V,30mm,6mm,41.58mm,10mm,30.5mm,3mm,41.13mm,1.5mm
3866,3V,30mm,6mm,41.58mm,10.5mm,30.5mm,3mm,41.13mm,1.5mm
3867,3V,30mm,6mm,41.58mm,11mm,30.5mm,3mm,41.13mm,1.5mm
3868,3V,30mm,6mm,41.58mm,10mm,30.5mm,3mm,41.13mm,2mm
3869,3V,30mm,6mm,41.58mm,10.5mm,30.5mm,3mm,41.13mm,2mm
3870,3V,30mm,6mm,41.58mm,11mm,30.5mm,3mm,41.13mm,2mm
3871,4V,30mm,6mm,41.58mm,10mm,30.5mm,3mm,41.13mm,1mm
3872,4V,30mm,6mm,41.58mm,10.5mm,30.5mm,3mm,41.13mm,1mm
3873,4V,30mm,6mm,41.58mm,11mm,30.5mm,3mm,41.13mm,1mm
3874,4V,30mm,6mm,41.58mm,10mm,30.5mm,3mm,41.13mm,1.5mm
3875,4V,30mm,6mm,41.58mm,10.5mm,30.5mm,3mm,41.13mm,1.5mm
3876,4V,30mm,6mm,41.58mm,11mm,30.5mm,3mm,41.13mm,1.5mm
3877,4V,30mm,6mm,41.58mm,10mm,30.5mm,3mm,41.13mm,2mm
3878,4V,30mm,6mm,41.58mm,10.5mm,30.5mm,3mm,41.13mm,2mm
3879,4V,30mm,6mm,41.58mm,11mm,30.5mm,3mm,41.13mm,2mm
3880,5V,30mm,6mm,41.58mm,10mm,30.5mm,3mm,41.13mm,1mm
3881,5V,30mm,6mm,41.58mm,10.5mm,30.5mm,3mm,41.13mm,1mm
3882,5V,30mm,6mm,41.58mm,11mm,30.5mm,3mm,41.13mm,1mm
3883,5V,30mm,6mm,41.58mm,10mm,30.5mm,3mm,41.13mm,1.5mm
3884,5V,30mm,6mm,41.58mm,10.5mm,30.5mm,3mm,41.13mm,1.5mm
3885,5V,30mm,6mm,41.58mm,11mm,30.5mm,3mm,41.13mm,1.5mm
3886,5V,30mm,6mm,41.58mm,10mm,30.5mm,3mm,41.13mm,2mm
3887,5V,30mm,6mm,41.58mm,10.5mm,30.5mm,3mm,41.13mm,2mm
3888,5V,30mm,6mm,41.58mm,11mm,30.5mm,3mm,41.13mm,2mm
4429,0V,30.5mm,6mm,41.58mm,10mm,30.5mm,3mm,41.13mm,1mm
4430,0V,30.5mm,6mm,41.58mm,10.5mm,30.5mm,3mm,41.13mm,1mm
4431,0V,30.5mm,6mm,41.58mm,11mm,30.5mm,3mm,41.13mm,1mm
4432,0V,30.5mm,6mm,41.58mm,10mm,30.5mm,3mm,41.13mm,1.5mm
4433,0V,30.5mm,6mm,41.58mm,10.5mm,30.5mm,3mm,41.13mm,1.5mm
4434,0V,30.5mm,6mm,41.58mm,11mm,30.5mm,3mm,41.13mm,1.5mm
4435,0V,30.5mm,6mm,41.58mm,10mm,30.5mm,3mm,41.13mm,2mm
4436,0V,30.5mm,6mm,41.58mm,10.5mm,30.5mm,3mm,41.13mm,2mm
4437,0V,30.5mm,6mm,41.58mm,11mm,30.5mm,3mm,41.13mm,2mm
4438,1V,30.5mm,6mm,41.58mm,10mm,30.5mm,3mm,41.13mm,1mm
4439,1V,30.5mm,6mm,41.58mm,10.5mm,30.5mm,3mm,41.13mm,1mm
4440,1V,30.5mm,6mm,41.58mm,11mm,30.5mm,3mm,41.13mm,1mm
4441,1V,30.5mm,6mm,41.58mm,10mm,30.5mm,3mm,41.13mm,1.5mm
4442,1V,30.5mm,6mm,41.58mm,10.5mm,30.5mm,3mm,41.13mm,1.5mm
4443,1V,30.5mm,6mm,41.58mm,11mm,30.5mm,3mm,41.13mm,1.5mm
4444,1V,30.5mm,6mm,41.58mm,10mm,30.5mm,3mm,41.13mm,2mm
4445,1V,30.5mm,6mm,41.58mm,10.5mm,30.5mm,3mm,41.13mm,2mm
4446,1V,30.5mm,6mm,41.58mm,11mm,30.5mm,3mm,41.13mm,2mm
4447,2V,30.5mm,6mm,41.58mm,10mm,30.5mm,3mm,41.13mm,1mm
4448,2V,30.5mm,6mm,41.58mm,10.5mm,30.5mm,3mm,41.13mm,1mm
4449,2V,30.5mm,6mm,41.58mm,11mm,30.5mm,3mm,41.13mm,1mm
4450,2V,30.5mm,6mm,41.58mm,10mm,30.5mm,3mm,41.13mm,1.5mm
4451,2V,30.5mm,6mm,41.58mm,10.5mm,30.5mm,3mm,41.13mm,1.5mm
4452,2V,30.5mm,6mm,41.58mm,11mm,30.5mm,3mm,41.13mm,1.5mm
4453,2V,30.5mm,6mm,41.58mm,10mm,30.5mm,3mm,41.13mm,2mm
4454,2V,30.5mm,6mm,41.58mm,10.5mm,30.5mm,3mm,41.13mm,2mm
4455,2V,30.5mm,6mm,41.58mm,11mm,30.5mm,3mm,41.13mm,2mm
4456,3V,30.5mm,6mm,41.58mm,10mm,30.5mm,3mm,41.13mm,1mm
4457,3V,30.5mm,6mm,41.58mm,10.5mm,30.5mm,3mm,41.13mm,1mm
4458,3V,30.5mm,6mm,41.58mm,11mm,30.5mm,3mm,41.13mm,1mm
4459,3V,30.5mm,6mm,41.58mm,10mm,30.5mm,3mm,41.13mm,1.5mm
4460,3V,30.5mm,6mm,41.58mm,10.5mm,30.5mm,3mm,41.13mm,1.5mm
4461,3V,30.5mm,6mm,41.58mm,11mm,30.5mm,3mm,41.13mm,1.5mm
4462,3V,30.5mm,6mm,41.58mm,10mm,30.5mm,3mm,41.13mm,2mm
4463,3V,30.5mm,6mm,41.58mm,10.5mm,30.5mm,3mm,41.13mm,2mm
4464,3V,30.5mm,6mm,41.58mm,11mm,30.5mm,3mm,41.13mm,2mm
4465,4V,30.5mm,6mm,41.58mm,10mm,30.5mm,3mm,41.13mm,1mm
4466,4V,30.5mm,6mm,41.58mm,10.5mm,30.5mm,3mm,41.13mm,1mm
4467,4V,30.5mm,6mm,41.58mm,11mm,30.5mm,3mm,41.13mm,1mm
4468,4V,30.5mm,6mm,41.58mm,10mm,30.5mm,3mm,41.13mm,1.5mm
4469,4V,30.5mm,6mm,41.58mm,10.5mm,30.5mm,3mm,41.13mm,1.5mm
4470,4V,30.5mm,6mm,41.58mm,11mm,30.5mm,3mm,41.13mm,1.5mm
4471,4V,30.5mm,6mm,41.58mm,10mm,30.5mm,3mm,41.13mm,2mm
4472,4V,30.5mm,6mm,41.58mm,10.5mm,30.5mm,3mm,41.13mm,2mm
4473,4V,30.5mm,6mm,41.58mm,11mm,30.5mm,3mm,41.13mm,2mm
4474,5V,30.5mm,6mm,41.58mm,10mm,30.5mm,3mm,41.13mm,1mm
4475,5V,30.5mm,6mm,41.58mm,10.5mm,30.5mm,3mm,41.13mm,1mm
4476,5V,30.5mm,6mm,41.58mm,11mm,30.5mm,3mm,41.13mm,1mm
4477,5V,30.5mm,6mm,41.58mm,10mm,30.5mm,3mm,41.13mm,1.5mm
4478,5V,30.5mm,6mm,41.58mm,10.5mm,30.5mm,3mm,41.13mm,1.5mm
4479,5V,30.5mm,6mm,41.58mm,11mm,30.5mm,3mm,41.13mm,1.5mm
4480,5V,30.5mm,6mm,41.58mm,10mm,30.5mm,3mm,41.13mm,2mm
4481,5V,30.5mm,6mm,41.58mm,10.5mm,30.5mm,3mm,41.13mm,2mm
4482,5V,30.5mm,6mm,41.58mm,11mm,30.5mm,3mm,41.13mm,2mm
5023,0V,31mm,6mm,41.58mm,10mm,30.5mm,3mm,41.13mm,1mm
5024,0V,31mm,6mm,41.58mm,10.5mm,30.5mm,3mm,41.13mm,1mm
5025,0V,31mm,6mm,41.58mm,11mm,30.5mm,3mm,41.13mm,1mm
5026,0V,31mm,6mm,41.58mm,10mm,30.5mm,3mm,41.13mm,1.5mm
5027,0V,31mm,6mm,41.58mm,10.5mm,30.5mm,3mm,41.13mm,1.5mm
5028,0V,31mm,6mm,41.58mm,11mm,30.5mm,3mm,41.13mm,1.5mm
5029,0V,31mm,6mm,41.58mm,10mm,30.5mm,3mm,41.13mm,2mm
5030,0V,31mm,6mm,41.58mm,10.5mm,30.5mm,3mm,41.13mm,2mm
5031,0V,31mm,6mm,41.58mm,11mm,30.5mm,3mm,41.13mm,2mm
5032,1V,31mm,6mm,41.58mm,10mm,30.5mm,3mm,41.13mm,1mm
5033,1V,31mm,6mm,41.58mm,10.5mm,30.5mm,3mm,41.13mm,1mm
5034,1V,31mm,6mm,41.58mm,11mm,30.5mm,3mm,41.13mm,1mm
5035,1V,31mm,6mm,41.58mm,10mm,30.5mm,3mm,41.13mm,1.5mm
5036,1V,31mm,6mm,41.58mm,10.5mm,30.5mm,3mm,41.13mm,1.5mm
5037,1V,31mm,6mm,41.58mm,11mm,30.5mm,3mm,41.13mm,1.5mm
5038,1V,31mm,6mm,41.58mm,10mm,30.5mm,3mm,41.13mm,2mm
5039,1V,31mm,6mm,41.58mm,10.5mm,30.5mm,3mm,41.13mm,2mm
5040,1V,31mm,6mm,41.58mm,11mm,30.5mm,3mm,41.13mm,2mm
5041,2V,31mm,6mm,41.58mm,10mm,30.5mm,3mm,41.13mm,1mm
5042,2V,31mm,6mm,41.58mm,10.5mm,30.5mm,3mm,41.13mm,1mm
5043,2V,31mm,6mm,41.58mm,11mm,30.5mm,3mm,41.13mm,1mm
5044,2V,31mm,6mm,41.58mm,10mm,30.5mm,3mm,41.13mm,1.5mm
5045,2V,31mm,6mm,41.58mm,10.5mm,30.5mm,3mm,41.13mm,1.5mm
5046,2V,31mm,6mm,41.58mm,11mm,30.5mm,3mm,41.13mm,1.5mm
5047,2V,31mm,6mm,41.58mm,10mm,30.5mm,3mm,41.13mm,2mm
5048,2V,31mm,6mm,41.58mm,10.5mm,30.5mm,3mm,41.13mm,2mm
5049,2V,31mm,6mm,41.58mm,11mm,30.5mm,3mm,41.13mm,2mm
5050,3V,31mm,6mm,41.58mm,10mm,30.5mm,3mm,41.13mm,1mm
5051,3V,31mm,6mm,41.58mm,10.5mm,30.5mm,3mm,41.13mm,1mm
5052,3V,31mm,6mm,41.58mm,11mm,30.5mm,3mm,41.13mm,1mm
5053,3V,31mm,6mm,41.58mm,10mm,30.5mm,3mm,41.13mm,1.5mm
5054,3V,31mm,6mm,41.58mm,10.5mm,30.5mm,3mm,41.13mm,1.5mm
5055,3V,31mm,6mm,41.58mm,11mm,30.5mm,3mm,41.13mm,1.5mm
5056,3V,31mm,6mm,41.58mm,10mm,30.5mm,3mm,41.13mm,2mm
5057,3V,31mm,6mm,41.58mm,10.5mm,30.5mm,3mm,41.13mm,2mm
5058,3V,31mm,6mm,41.58mm,11mm,30.5mm,3mm,41.13mm,2mm
5059,4V,31mm,6mm,41.58mm,10mm,30.5mm,3mm,41.13mm,1mm
5060,4V,31mm,6mm,41.58mm,10.5mm,30.5mm,3mm,41.13mm,1mm
5061,4V,31mm,6mm,41.58mm,11mm,30.5mm,3mm,41.13mm,1mm
5062,4V,31mm,6mm,41.58mm,10mm,30.5mm,3mm,41.13mm,1.5mm
5063,4V,31mm,6mm,41.58mm,10.5mm,30.5mm,3mm,41.13mm,1.5mm
5064,4V,31mm,6mm,41.58mm,11mm,30.5mm,3mm,41.13mm,1.5mm
5065,4V,31mm,6mm,41.58mm,10mm,30.5mm,3mm,41.13mm,2mm
5066,4V,31mm,6mm,41.58mm,10.5mm,30.5mm,3mm,41.13mm,2mm
5067,4V,31mm,6mm,41.58mm,11mm,30.5mm,3mm,41.13mm,2mm
5068,5V,31mm,6mm,41.58mm,10mm,30.5mm,3mm,41.13mm,1mm
5069,5V,31mm,6mm,41.58mm,10.5mm,30.5mm,3mm,41.13mm,1mm
5070,5V,31mm,6mm,41.58mm,11mm,30.5mm,3mm,41.13mm,1mm
5071,5V,31mm,6mm,41.58mm,10mm,30.5mm,3mm,41.13mm,1.5mm
5072,5V,31mm,6mm,41.58mm,10.5mm,30.5mm,3mm,41.13mm,1.5mm
5073,5V,31mm,6mm,41.58mm,11mm,30.5mm,3mm,41.13mm,1.5mm
5074,5V,31mm,6mm,41.58mm,10mm,30.5mm,3mm,41.13mm,2mm
5075,5V,31mm,6mm,41.58mm,10.5mm,30.5mm,3mm,41.13mm,2mm
5076,5V,31mm,6mm,41.58mm,11mm,30.5mm,3mm,41.13mm,2mm
5617,0V,31.5mm,6mm,41.58mm,10mm,30.5mm,3mm,41.13mm,1mm
5618,0V,31.5mm,6mm,41.58mm,10.5mm,30.5mm,3mm,41.13mm,1mm
5619,0V,31.5mm,6mm,41.58mm,11mm,30.5mm,3mm,41.13mm,1mm
5620,0V,31.5mm,6mm,41.58mm,10mm,30.5mm,3mm,41.13mm,1.5mm
5621,0V,31.5mm,6mm,41.58mm,10.5mm,30.5mm,3mm,41.13mm,1.5mm
5622,0V,31.5mm,6mm,41.58mm,11mm,30.5mm,3mm,41.13mm,1.5mm
5623,0V,31.5mm,6mm,41.58mm,10mm,30.5mm,3mm,41.13mm,2mm
5624,0V,31.5mm,6mm,41.58mm,10.5mm,30.5mm,3mm,41.13mm,2mm
5625,0V,31.5mm,6mm,41.58mm,11mm,30.5mm,3mm,41.13mm,2mm
5626,1V,31.5mm,6mm,41.58mm,10mm,30.5mm,3mm,41.13mm,1mm
5627,1V,31.5mm,6mm,41.58mm,10.5mm,30.5mm,3mm,41.13mm,1mm
5628,1V,31.5mm,6mm,41.58mm,11mm,30.5mm,3mm,41.13mm,1mm
5629,1V,31.5mm,6mm,41.58mm,10mm,30.5mm,3mm,41.13mm,1.5mm
5630,1V,31.5mm,6mm,41.58mm,10.5mm,30.5mm,3mm,41.13mm,1.5mm
5631,1V,31.5mm,6mm,41.58mm,11mm,30.5mm,3mm,41.13mm,1.5mm
5632,1V,31.5mm,6mm,41.58mm,10mm,30.5mm,3mm,41.13mm,2mm
5633,1V,31.5mm,6mm,41.58mm,10.5mm,30.5mm,3mm,41.13mm,2mm
5634,1V,31.5mm,6mm,41.58mm,11mm,30.5mm,3mm,41.13mm,2mm
5635,2V,31.5mm,6mm,41.58mm,10mm,30.5mm,3mm,41.13mm,1mm
5636,2V,31.5mm,6mm,41.58mm,10.5mm,30.5mm,3mm,41.13mm,1mm
5637,2V,31.5mm,6mm,41.58mm,11mm,30.5mm,3mm,41.13mm,1mm
5638,2V,31.5mm,6mm,41.58mm,10mm,30.5mm,3mm,41.13mm,1.5mm
5639,2V,31.5mm,6mm,41.58mm,10.5mm,30.5mm,3mm,41.13mm,1.5mm
5640,2V,31.5mm,6mm,41.58mm,11mm,30.5mm,3mm,41.13mm,1.5mm
5641,2V,31.5mm,6mm,41.58mm,10mm,30.5mm,3mm,41.13mm,2mm
5642,2V,31.5mm,6mm,41.58mm,10.5mm,30.5mm,3mm,41.13mm,2mm
5643,2V,31.5mm,6mm,41.58mm,11mm,30.5mm,3mm,41.13mm,2mm
5644,3V,31.5mm,6mm,41.58mm,10mm,30.5mm,3mm,41.13mm,1mm
5645,3V,31.5mm,6mm,41.58mm,10.5mm,30.5mm,3mm,41.13mm,1mm
5646,3V,31.5mm,6mm,41.58mm,11mm,30.5mm,3mm,41.13mm,1mm
5647,3V,31.5mm,6mm,41.58mm,10mm,30.5mm,3mm,41.13mm,1.5mm
5648,3V,31.5mm,6mm,41.58mm,10.5mm,30.5mm,3mm,41.13mm,1.5mm
5649,3V,31.5mm,6mm,41.58mm,11mm,30.5mm,3mm,41.13mm,1.5mm
5650,3V,31.5mm,6mm,41.58mm,10mm,30.5mm,3mm,41.13mm,2mm
5651,3V,31.5mm,6mm,41.58mm,10.5mm,30.5mm,3mm,41.13mm,2mm
5652,3V,31.5mm,6mm,41.58mm,11mm,30.5mm,3mm,41.13mm,2mm
5653,4V,31.5mm,6mm,41.58mm,10mm,30.5mm,3mm,41.13mm,1mm
5654,4V,31.5mm,6mm,41.58mm,10.5mm,30.5mm,3mm,41.13mm,1mm
5655,4V,31.5mm,6mm,41.58mm,11mm,30.5mm,3mm,41.13mm,1mm
5656,4V,31.5mm,6mm,41.58mm,10mm,30.5mm,3mm,41.13mm,1.5mm
5657,4V,31.5mm,6mm,41.58mm,10.5mm,30.5mm,3mm,41.13mm,1.5mm
5658,4V,31.5mm,6mm,41.58mm,11mm,30.5mm,3mm,41.13mm,1.5mm
5659,4V,31.5mm,6mm,41.58mm,10mm,30.5mm,3mm,41.13mm,2mm
5660,4V,31.5mm,6mm,41.58mm,10.5mm,30.5mm,3mm,41.13mm,2mm
5661,4V,31.5mm,6mm,41.58mm,11mm,30.5mm,3mm,41.13mm,2mm
5662,5V,31.5mm,6mm,41.58mm,10mm,30.5mm,3mm,41.13mm,1mm
5663,5V,31.5mm,6mm,41.58mm,10.5mm,30.5mm,3mm,41.13mm,1mm
5664,5V,31.5mm,6mm,41.58mm,11mm,30.5mm,3mm,41.13mm,1mm
5665,5V,31.5mm,6mm,41.58mm,10mm,30.5mm,3mm,41.13mm,1.5mm
5666,5V,31.5mm,6mm,41.58mm,10.5mm,30.5mm,3mm,41.13mm,1.5mm
5667,5V,31.5mm,6mm,41.58mm,11mm,30.5mm,3mm,41.13mm,1.5mm
5668,5V,31.5mm,6mm,41.58mm,10mm,30.5mm,3mm,41.13mm,2mm
5669,5V,31.5mm,6mm,41.58mm,10.5mm,30.5mm,3mm,41.13mm,2mm
5670,5V,31.5mm,6mm,41.58mm,11mm,30.5mm,3mm,41.13mm,2mm
6211,0V,32mm,6mm,41.58mm,10mm,30.5mm,3mm,41.13mm,1mm
6212,0V,32mm,6mm,41.58mm,10.5mm,30.5mm,3mm,41.13mm,1mm
6213,0V,32mm,6mm,41.58mm,11mm,30.5mm,3mm,41.13mm,1mm
6214,0V,32mm,6mm,41.58mm,10mm,30.5mm,3mm,41.13mm,1.5mm
6215,0V,32mm,6mm,41.58mm,10.5mm,30.5mm,3mm,41.13mm,1.5mm
6216,0V,32mm,6mm,41.58mm,11mm,30.5mm,3mm,41.13mm,1.5mm
6217,0V,32mm,6mm,41.58mm,10mm,30.5mm,3mm,41.13mm,2mm
6218,0V,32mm,6mm,41.58mm,10.5mm,30.5mm,3mm,41.13mm,2mm
6219,0V,32mm,6mm,41.58mm,11mm,30.5mm,3mm,41.13mm,2mm
6220,1V,32mm,6mm,41.58mm,10mm,30.5mm,3mm,41.13mm,1mm
6221,1V,32mm,6mm,41.58mm,10.5mm,30.5mm,3mm,41.13mm,1mm
6222,1V,32mm,6mm,41.58mm,11mm,30.5mm,3mm,41.13mm,1mm
6223,1V,32mm,6mm,41.58mm,10mm,30.5mm,3mm,41.13mm,1.5mm
6224,1V,32mm,6mm,41.58mm,10.5mm,30.5mm,3mm,41.13mm,1.5mm
6225,1V,32mm,6mm,41.58mm,11mm,30.5mm,3mm,41.13mm,1.5mm
6226,1V,32mm,6mm,41.58mm,10mm,30.5mm,3mm,41.13mm,2mm
6227,1V,32mm,6mm,41.58mm,10.5mm,30.5mm,3mm,41.13mm,2mm
6228,1V,32mm,6mm,41.58mm,11mm,30.5mm,3mm,41.13mm,2mm
6229,2V,32mm,6mm,41.58mm,10mm,30.5mm,3mm,41.13mm,1mm
6230,2V,32mm,6mm,41.58mm,10.5mm,30.5mm,3mm,41.13mm,1mm
6231,2V,32mm,6mm,41.58mm,11mm,30.5mm,3mm,41.13mm,1mm
6232,2V,32mm,6mm,41.58mm,10mm,30.5mm,3mm,41.13mm,1.5mm
6233,2V,32mm,6mm,41.58mm,10.5mm,30.5mm,3mm,41.13mm,1.5mm
6234,2V,32mm,6mm,41.58mm,11mm,30.5mm,3mm,41.13mm,1.5mm
6235,2V,32mm,6mm,41.58mm,10mm,30.5mm,3mm,41.13mm,2mm
6236,2V,32mm,6mm,41.58mm,10.5mm,30.5mm,3mm,41.13mm,2mm
6237,2V,32mm,6mm,41.58mm,11mm,30.5mm,3mm,41.13mm,2mm
6238,3V,32mm,6mm,41.58mm,10mm,30.5mm,3mm,41.13mm,1mm
6239,3V,32mm,6mm,41.58mm,10.5mm,30.5mm,3mm,41.13mm,1mm
6240,3V,32mm,6mm,41.58mm,11mm,30.5mm,3mm,41.13mm,1mm
6241,3V,32mm,6mm,41.58mm,10mm,30.5mm,3mm,41.13mm,1.5mm
6242,3V,32mm,6mm,41.58mm,10.5mm,30.5mm,3mm,41.13mm,1.5mm
6243,3V,32mm,6mm,41.58mm,11mm,30.5mm,3mm,41.13mm,1.5mm
6244,3V,32mm,6mm,41.58mm,10mm,30.5mm,3mm,41.13mm,2mm
6245,3V,32mm,6mm,41.58mm,10.5mm,30.5mm,3mm,41.13mm,2mm
6246,3V,32mm,6mm,41.58mm,11mm,30.5mm,3mm,41.13mm,2mm
6247,4V,32mm,6mm,41.58mm,10mm,30.5mm,3mm,41.13mm,1mm
6248,4V,32mm,6mm,41.58mm,10.5mm,30.5mm,3mm,41.13mm,1mm
6249,4V,32mm,6mm,41.58mm,11mm,30.5mm,3mm,41.13mm,1mm
6250,4V,32mm,6mm,41.58mm,10mm,30.5mm,3mm,41.13mm,1.5mm
6251,4V,32mm,6mm,41.58mm,10.5mm,30.5mm,3mm,41.13mm,1.5mm
6252,4V,32mm,6mm,41.58mm,11mm,30.5mm,3mm,41.13mm,1.5mm
6253,4V,32mm,6mm,41.58mm,10mm,30.5mm,3mm,41.13mm,2mm
6254,4V,32mm,6mm,41.58mm,10.5mm,30.5mm,3mm,41.13mm,2mm
6255,4V,32mm,6mm,41.58mm,11mm,30.5mm,3mm,41.13mm,2mm
6256,5V,32mm,6mm,41.58mm,10mm,30.5mm,3mm,41.13mm,1mm
6257,5V,32mm,6mm,41.58mm,10.5mm,30.5mm,3mm,41.13mm,1mm
6258,5V,32mm,6mm,41.58mm,11mm,30.5mm,3mm,41.13mm,1mm
6259,5V,32mm,6mm,41.58mm,10mm,30.5mm,3mm,41.13mm,1.5mm
6260,5V,32mm,6mm,41.58mm,10.5mm,30.5mm,3mm,41.13mm,1.5mm
6261,5V,32mm,6mm,41.58mm,11mm,30.5mm,3mm,41.13mm,1.5mm
6262,5V,32mm,6mm,41.58mm,10mm,30.5mm,3mm,41.13mm,2mm
6263,5V,32mm,6mm,41.58mm,10.5mm,30.5mm,3mm,41.13mm,2mm
6264,5V,32mm,6mm,41.58mm,11mm,30.5mm,3mm,41.13mm,2mm
325,0V,27mm,6mm,41.58mm,10mm,31mm,3mm,41.13mm,1mm
326,0V,27mm,6mm,41.58mm,10.5mm,31mm,3mm,41.13mm,1mm
327,0V,27mm,6mm,41.58mm,11mm,31mm,3mm,41.13mm,1mm
328,0V,27mm,6mm,41.58mm,10mm,31mm,3mm,41.13mm,1.5mm
329,0V,27mm,6mm,41.58mm,10.5mm,31mm,3mm,41.13mm,1.5mm
330,0V,27mm,6mm,41.58mm,11mm,31mm,3mm,41.13mm,1.5mm
331,0V,27mm,6mm,41.58mm,10mm,31mm,3mm,41.13mm,2mm
332,0V,27mm,6mm,41.58mm,10.5mm,31mm,3mm,41.13mm,2mm
333,0V,27mm,6mm,41.58mm,11mm,31mm,3mm,41.13mm,2mm
334,1V,27mm,6mm,41.58mm,10mm,31mm,3mm,41.13mm,1mm
335,1V,27mm,6mm,41.58mm,10.5mm,31mm,3mm,41.13mm,1mm
336,1V,27mm,6mm,41.58mm,11mm,31mm,3mm,41.13mm,1mm
337,1V,27mm,6mm,41.58mm,10mm,31mm,3mm,41.13mm,1.5mm
338,1V,27mm,6mm,41.58mm,10.5mm,31mm,3mm,41.13mm,1.5mm
339,1V,27mm,6mm,41.58mm,11mm,31mm,3mm,41.13mm,1.5mm
340,1V,27mm,6mm,41.58mm,10mm,31mm,3mm,41.13mm,2mm
341,1V,27mm,6mm,41.58mm,10.5mm,31mm,3mm,41.13mm,2mm
342,1V,27mm,6mm,41.58mm,11mm,31mm,3mm,41.13mm,2mm
343,2V,27mm,6mm,41.58mm,10mm,31mm,3mm,41.13mm,1mm
344,2V,27mm,6mm,41.58mm,10.5mm,31mm,3mm,41.13mm,1mm
345,2V,27mm,6mm,41.58mm,11mm,31mm,3mm,41.13mm,1mm
346,2V,27mm,6mm,41.58mm,10mm,31mm,3mm,41.13mm,1.5mm
347,2V,27mm,6mm,41.58mm,10.5mm,31mm,3mm,41.13mm,1.5mm
348,2V,27mm,6mm,41.58mm,11mm,31mm,3mm,41.13mm,1.5mm
349,2V,27mm,6mm,41.58mm,10mm,31mm,3mm,41.13mm,2mm
350,2V,27mm,6mm,41.58mm,10.5mm,31mm,3mm,41.13mm,2mm
351,2V,27mm,6mm,41.58mm,11mm,31mm,3mm,41.13mm,2mm
352,3V,27mm,6mm,41.58mm,10mm,31mm,3mm,41.13mm,1mm
353,3V,27mm,6mm,41.58mm,10.5mm,31mm,3mm,41.13mm,1mm
354,3V,27mm,6mm,41.58mm,11mm,31mm,3mm,41.13mm,1mm
355,3V,27mm,6mm,41.58mm,10mm,31mm,3mm,41.13mm,1.5mm
356,3V,27mm,6mm,41.58mm,10.5mm,31mm,3mm,41.13mm,1.5mm
357,3V,27mm,6mm,41.58mm,11mm,31mm,3mm,41.13mm,1.5mm
358,3V,27mm,6mm,41.58mm,10mm,31mm,3mm,41.13mm,2mm
359,3V,27mm,6mm,41.58mm,10.5mm,31mm,3mm,41.13mm,2mm
360,3V,27mm,6mm,41.58mm,11mm,31mm,3mm,41.13mm,2mm
361,4V,27mm,6mm,41.58mm,10mm,31mm,3mm,41.13mm,1mm
362,4V,27mm,6mm,41.58mm,10.5mm,31mm,3mm,41.13mm,1mm
363,4V,27mm,6mm,41.58mm,11mm,31mm,3mm,41.13mm,1mm
364,4V,27mm,6mm,41.58mm,10mm,31mm,3mm,41.13mm,1.5mm
365,4V,27mm,6mm,41.58mm,10.5mm,31mm,3mm,41.13mm,1.5mm
366,4V,27mm,6mm,41.58mm,11mm,31mm,3mm,41.13mm,1.5mm
367,4V,27mm,6mm,41.58mm,10mm,31mm,3mm,41.13mm,2mm
368,4V,27mm,6mm,41.58mm,10.5mm,31mm,3mm,41.13mm,2mm
369,4V,27mm,6mm,41.58mm,11mm,31mm,3mm,41.13mm,2mm
370,5V,27mm,6mm,41.58mm,10mm,31mm,3mm,41.13mm,1mm
371,5V,27mm,6mm,41.58mm,10.5mm,31mm,3mm,41.13mm,1mm
372,5V,27mm,6mm,41.58mm,11mm,31mm,3mm,41.13mm,1mm
373,5V,27mm,6mm,41.58mm,10mm,31mm,3mm,41.13mm,1.5mm
374,5V,27mm,6mm,41.58mm,10.5mm,31mm,3mm,41.13mm,1.5mm
375,5V,27mm,6mm,41.58mm,11mm,31mm,3mm,41.13mm,1.5mm
376,5V,27mm,6mm,41.58mm,10mm,31mm,3mm,41.13mm,2mm
377,5V,27mm,6mm,41.58mm,10.5mm,31mm,3mm,41.13mm,2mm
378,5V,27mm,6mm,41.58mm,11mm,31mm,3mm,41.13mm,2mm
919,0V,27.5mm,6mm,41.58mm,10mm,31mm,3mm,41.13mm,1mm
920,0V,27.5mm,6mm,41.58mm,10.5mm,31mm,3mm,41.13mm,1mm
921,0V,27.5mm,6mm,41.58mm,11mm,31mm,3mm,41.13mm,1mm
922,0V,27.5mm,6mm,41.58mm,10mm,31mm,3mm,41.13mm,1.5mm
923,0V,27.5mm,6mm,41.58mm,10.5mm,31mm,3mm,41.13mm,1.5mm
924,0V,27.5mm,6mm,41.58mm,11mm,31mm,3mm,41.13mm,1.5mm
925,0V,27.5mm,6mm,41.58mm,10mm,31mm,3mm,41.13mm,2mm
926,0V,27.5mm,6mm,41.58mm,10.5mm,31mm,3mm,41.13mm,2mm
927,0V,27.5mm,6mm,41.58mm,11mm,31mm,3mm,41.13mm,2mm
928,1V,27.5mm,6mm,41.58mm,10mm,31mm,3mm,41.13mm,1mm
929,1V,27.5mm,6mm,41.58mm,10.5mm,31mm,3mm,41.13mm,1mm
930,1V,27.5mm,6mm,41.58mm,11mm,31mm,3mm,41.13mm,1mm
931,1V,27.5mm,6mm,41.58mm,10mm,31mm,3mm,41.13mm,1.5mm
932,1V,27.5mm,6mm,41.58mm,10.5mm,31mm,3mm,41.13mm,1.5mm
933,1V,27.5mm,6mm,41.58mm,11mm,31mm,3mm,41.13mm,1.5mm
934,1V,27.5mm,6mm,41.58mm,10mm,31mm,3mm,41.13mm,2mm
935,1V,27.5mm,6mm,41.58mm,10.5mm,31mm,3mm,41.13mm,2mm
936,1V,27.5mm,6mm,41.58mm,11mm,31mm,3mm,41.13mm,2mm
937,2V,27.5mm,6mm,41.58mm,10mm,31mm,3mm,41.13mm,1mm
938,2V,27.5mm,6mm,41.58mm,10.5mm,31mm,3mm,41.13mm,1mm
939,2V,27.5mm,6mm,41.58mm,11mm,31mm,3mm,41.13mm,1mm
940,2V,27.5mm,6mm,41.58mm,10mm,31mm,3mm,41.13mm,1.5mm
941,2V,27.5mm,6mm,41.58mm,10.5mm,31mm,3mm,41.13mm,1.5mm
942,2V,27.5mm,6mm,41.58mm,11mm,31mm,3mm,41.13mm,1.5mm
943,2V,27.5mm,6mm,41.58mm,10mm,31mm,3mm,41.13mm,2mm
944,2V,27.5mm,6mm,41.58mm,10.5mm,31mm,3mm,41.13mm,2mm
945,2V,27.5mm,6mm,41.58mm,11mm,31mm,3mm,41.13mm,2mm
946,3V,27.5mm,6mm,41.58mm,10mm,31mm,3mm,41.13mm,1mm
947,3V,27.5mm,6mm,41.58mm,10.5mm,31mm,3mm,41.13mm,1mm
948,3V,27.5mm,6mm,41.58mm,11mm,31mm,3mm,41.13mm,1mm
949,3V,27.5mm,6mm,41.58mm,10mm,31mm,3mm,41.13mm,1.5mm
950,3V,27.5mm,6mm,41.58mm,10.5mm,31mm,3mm,41.13mm,1.5mm
951,3V,27.5mm,6mm,41.58mm,11mm,31mm,3mm,41.13mm,1.5mm
952,3V,27.5mm,6mm,41.58mm,10mm,31mm,3mm,41.13mm,2mm
953,3V,27.5mm,6mm,41.58mm,10.5mm,31mm,3mm,41.13mm,2mm
954,3V,27.5mm,6mm,41.58mm,11mm,31mm,3mm,41.13mm,2mm
955,4V,27.5mm,6mm,41.58mm,10mm,31mm,3mm,41.13mm,1mm
956,4V,27.5mm,6mm,41.58mm,10.5mm,31mm,3mm,41.13mm,1mm
957,4V,27.5mm,6mm,41.58mm,11mm,31mm,3mm,41.13mm,1mm
958,4V,27.5mm,6mm,41.58mm,10mm,31mm,3mm,41.13mm,1.5mm
959,4V,27.5mm,6mm,41.58mm,10.5mm,31mm,3mm,41.13mm,1.5mm
960,4V,27.5mm,6mm,41.58mm,11mm,31mm,3mm,41.13mm,1.5mm
961,4V,27.5mm,6mm,41.58mm,10mm,31mm,3mm,41.13mm,2mm
962,4V,27.5mm,6mm,41.58mm,10.5mm,31mm,3mm,41.13mm,2mm
963,4V,27.5mm,6mm,41.58mm,11mm,31mm,3mm,41.13mm,2mm
964,5V,27.5mm,6mm,41.58mm,10mm,31mm,3mm,41.13mm,1mm
965,5V,27.5mm,6mm,41.58mm,10.5mm,31mm,3mm,41.13mm,1mm
966,5V,27.5mm,6mm,41.58mm,11mm,31mm,3mm,41.13mm,1mm
967,5V,27.5mm,6mm,41.58mm,10mm,31mm,3mm,41.13mm,1.5mm
968,5V,27.5mm,6mm,41.58mm,10.5mm,31mm,3mm,41.13mm,1.5mm
969,5V,27.5mm,6mm,41.58mm,11mm,31mm,3mm,41.13mm,1.5mm
970,5V,27.5mm,6mm,41.58mm,10mm,31mm,3mm,41.13mm,2mm
971,5V,27.5mm,6mm,41.58mm,10.5mm,31mm,3mm,41.13mm,2mm
972,5V,27.5mm,6mm,41.58mm,11mm,31mm,3mm,41.13mm,2mm
1513,0V,28mm,6mm,41.58mm,10mm,31mm,3mm,41.13mm,1mm
1514,0V,28mm,6mm,41.58mm,10.5mm,31mm,3mm,41.13mm,1mm
1515,0V,28mm,6mm,41.58mm,11mm,31mm,3mm,41.13mm,1mm
1516,0V,28mm,6mm,41.58mm,10mm,31mm,3mm,41.13mm,1.5mm
1517,0V,28mm,6mm,41.58mm,10.5mm,31mm,3mm,41.13mm,1.5mm
1518,0V,28mm,6mm,41.58mm,11mm,31mm,3mm,41.13mm,1.5mm
1519,0V,28mm,6mm,41.58mm,10mm,31mm,3mm,41.13mm,2mm
1520,0V,28mm,6mm,41.58mm,10.5mm,31mm,3mm,41.13mm,2mm
1521,0V,28mm,6mm,41.58mm,11mm,31mm,3mm,41.13mm,2mm
1522,1V,28mm,6mm,41.58mm,10mm,31mm,3mm,41.13mm,1mm
1523,1V,28mm,6mm,41.58mm,10.5mm,31mm,3mm,41.13mm,1mm
1524,1V,28mm,6mm,41.58mm,11mm,31mm,3mm,41.13mm,1mm
1525,1V,28mm,6mm,41.58mm,10mm,31mm,3mm,41.13mm,1.5mm
1526,1V,28mm,6mm,41.58mm,10.5mm,31mm,3mm,41.13mm,1.5mm
1527,1V,28mm,6mm,41.58mm,11mm,31mm,3mm,41.13mm,1.5mm
1528,1V,28mm,6mm,41.58mm,10mm,31mm,3mm,41.13mm,2mm
1529,1V,28mm,6mm,41.58mm,10.5mm,31mm,3mm,41.13mm,2mm
1530,1V,28mm,6mm,41.58mm,11mm,31mm,3mm,41.13mm,2mm
1531,2V,28mm,6mm,41.58mm,10mm,31mm,3mm,41.13mm,1mm
1532,2V,28mm,6mm,41.58mm,10.5mm,31mm,3mm,41.13mm,1mm
1533,2V,28mm,6mm,41.58mm,11mm,31mm,3mm,41.13mm,1mm
1534,2V,28mm,6mm,41.58mm,10mm,31mm,3mm,41.13mm,1.5mm
1535,2V,28mm,6mm,41.58mm,10.5mm,31mm,3mm,41.13mm,1.5mm
1536,2V,28mm,6mm,41.58mm,11mm,31mm,3mm,41.13mm,1.5mm
1537,2V,28mm,6mm,41.58mm,10mm,31mm,3mm,41.13mm,2mm
1538,2V,28mm,6mm,41.58mm,10.5mm,31mm,3mm,41.13mm,2mm
1539,2V,28mm,6mm,41.58mm,11mm,31mm,3mm,41.13mm,2mm
1540,3V,28mm,6mm,41.58mm,10mm,31mm,3mm,41.13mm,1mm
1541,3V,28mm,6mm,41.58mm,10.5mm,31mm,3mm,41.13mm,1mm
1542,3V,28mm,6mm,41.58mm,11mm,31mm,3mm,41.13mm,1mm
1543,3V,28mm,6mm,41.58mm,10mm,31mm,3mm,41.13mm,1.5mm
1544,3V,28mm,6mm,41.58mm,10.5mm,31mm,3mm,41.13mm,1.5mm
1545,3V,28mm,6mm,41.58mm,11mm,31mm,3mm,41.13mm,1.5mm
1546,3V,28mm,6mm,41.58mm,10mm,31mm,3mm,41.13mm,2mm
1547,3V,28mm,6mm,41.58mm,10.5mm,31mm,3mm,41.13mm,2mm
1548,3V,28mm,6mm,41.58mm,11mm,31mm,3mm,41.13mm,2mm
1549,4V,28mm,6mm,41.58mm,10mm,31mm,3mm,41.13mm,1mm
1550,4V,28mm,6mm,41.58mm,10.5mm,31mm,3mm,41.13mm,1mm
1551,4V,28mm,6mm,41.58mm,11mm,31mm,3mm,41.13mm,1mm
1552,4V,28mm,6mm,41.58mm,10mm,31mm,3mm,41.13mm,1.5mm
1553,4V,28mm,6mm,41.58mm,10.5mm,31mm,3mm,41.13mm,1.5mm
1554,4V,28mm,6mm,41.58mm,11mm,31mm,3mm,41.13mm,1.5mm
1555,4V,28mm,6mm,41.58mm,10mm,31mm,3mm,41.13mm,2mm
1556,4V,28mm,6mm,41.58mm,10.5mm,31mm,3mm,41.13mm,2mm
1557,4V,28mm,6mm,41.58mm,11mm,31mm,3mm,41.13mm,2mm
1558,5V,28mm,6mm,41.58mm,10mm,31mm,3mm,41.13mm,1mm
1559,5V,28mm,6mm,41.58mm,10.5mm,31mm,3mm,41.13mm,1mm
1560,5V,28mm,6mm,41.58mm,11mm,31mm,3mm,41.13mm,1mm
1561,5V,28mm,6mm,41.58mm,10mm,31mm,3mm,41.13mm,1.5mm
1562,5V,28mm,6mm,41.58mm,10.5mm,31mm,3mm,41.13mm,1.5mm
1563,5V,28mm,6mm,41.58mm,11mm,31mm,3mm,41.13mm,1.5mm
1564,5V,28mm,6mm,41.58mm,10mm,31mm,3mm,41.13mm,2mm
1565,5V,28mm,6mm,41.58mm,10.5mm,31mm,3mm,41.13mm,2mm
1566,5V,28mm,6mm,41.58mm,11mm,31mm,3mm,41.13mm,2mm
2107,0V,28.5mm,6mm,41.58mm,10mm,31mm,3mm,41.13mm,1mm
2108,0V,28.5mm,6mm,41.58mm,10.5mm,31mm,3mm,41.13mm,1mm
2109,0V,28.5mm,6mm,41.58mm,11mm,31mm,3mm,41.13mm,1mm
2110,0V,28.5mm,6mm,41.58mm,10mm,31mm,3mm,41.13mm,1.5mm
2111,0V,28.5mm,6mm,41.58mm,10.5mm,31mm,3mm,41.13mm,1.5mm
2112,0V,28.5mm,6mm,41.58mm,11mm,31mm,3mm,41.13mm,1.5mm
2113,0V,28.5mm,6mm,41.58mm,10mm,31mm,3mm,41.13mm,2mm
2114,0V,28.5mm,6mm,41.58mm,10.5mm,31mm,3mm,41.13mm,2mm
2115,0V,28.5mm,6mm,41.58mm,11mm,31mm,3mm,41.13mm,2mm
2116,1V,28.5mm,6mm,41.58mm,10mm,31mm,3mm,41.13mm,1mm
2117,1V,28.5mm,6mm,41.58mm,10.5mm,31mm,3mm,41.13mm,1mm
2118,1V,28.5mm,6mm,41.58mm,11mm,31mm,3mm,41.13mm,1mm
2119,1V,28.5mm,6mm,41.58mm,10mm,31mm,3mm,41.13mm,1.5mm
2120,1V,28.5mm,6mm,41.58mm,10.5mm,31mm,3mm,41.13mm,1.5mm
2121,1V,28.5mm,6mm,41.58mm,11mm,31mm,3mm,41.13mm,1.5mm
2122,1V,28.5mm,6mm,41.58mm,10mm,31mm,3mm,41.13mm,2mm
2123,1V,28.5mm,6mm,41.58mm,10.5mm,31mm,3mm,41.13mm,2mm
2124,1V,28.5mm,6mm,41.58mm,11mm,31mm,3mm,41.13mm,2mm
2125,2V,28.5mm,6mm,41.58mm,10mm,31mm,3mm,41.13mm,1mm
2126,2V,28.5mm,6mm,41.58mm,10.5mm,31mm,3mm,41.13mm,1mm
2127,2V,28.5mm,6mm,41.58mm,11mm,31mm,3mm,41.13mm,1mm
2128,2V,28.5mm,6mm,41.58mm,10mm,31mm,3mm,41.13mm,1.5mm
2129,2V,28.5mm,6mm,41.58mm,10.5mm,31mm,3mm,41.13mm,1.5mm
2130,2V,28.5mm,6mm,41.58mm,11mm,31mm,3mm,41.13mm,1.5mm
2131,2V,28.5mm,6mm,41.58mm,10mm,31mm,3mm,41.13mm,2mm
2132,2V,28.5mm,6mm,41.58mm,10.5mm,31mm,3mm,41.13mm,2mm
2133,2V,28.5mm,6mm,41.58mm,11mm,31mm,3mm,41.13mm,2mm
2134,3V,28.5mm,6mm,41.58mm,10mm,31mm,3mm,41.13mm,1mm
2135,3V,28.5mm,6mm,41.58mm,10.5mm,31mm,3mm,41.13mm,1mm
2136,3V,28.5mm,6mm,41.58mm,11mm,31mm,3mm,41.13mm,1mm
2137,3V,28.5mm,6mm,41.58mm,10mm,31mm,3mm,41.13mm,1.5mm
2138,3V,28.5mm,6mm,41.58mm,10.5mm,31mm,3mm,41.13mm,1.5mm
2139,3V,28.5mm,6mm,41.58mm,11mm,31mm,3mm,41.13mm,1.5mm
2140,3V,28.5mm,6mm,41.58mm,10mm,31mm,3mm,41.13mm,2mm
2141,3V,28.5mm,6mm,41.58mm,10.5mm,31mm,3mm,41.13mm,2mm
2142,3V,28.5mm,6mm,41.58mm,11mm,31mm,3mm,41.13mm,2mm
2143,4V,28.5mm,6mm,41.58mm,10mm,31mm,3mm,41.13mm,1mm
2144,4V,28.5mm,6mm,41.58mm,10.5mm,31mm,3mm,41.13mm,1mm
2145,4V,28.5mm,6mm,41.58mm,11mm,31mm,3mm,41.13mm,1mm
2146,4V,28.5mm,6mm,41.58mm,10mm,31mm,3mm,41.13mm,1.5mm
2147,4V,28.5mm,6mm,41.58mm,10.5mm,31mm,3mm,41.13mm,1.5mm
2148,4V,28.5mm,6mm,41.58mm,11mm,31mm,3mm,41.13mm,1.5mm
2149,4V,28.5mm,6mm,41.58mm,10mm,31mm,3mm,41.13mm,2mm
2150,4V,28.5mm,6mm,41.58mm,10.5mm,31mm,3mm,41.13mm,2mm
2151,4V,28.5mm,6mm,41.58mm,11mm,31mm,3mm,41.13mm,2mm
2152,5V,28.5mm,6mm,41.58mm,10mm,31mm,3mm,41.13mm,1mm
2153,5V,28.5mm,6mm,41.58mm,10.5mm,31mm,3mm,41.13mm,1mm
2154,5V,28.5mm,6mm,41.58mm,11mm,31mm,3mm,41.13mm,1mm
2155,5V,28.5mm,6mm,41.58mm,10mm,31mm,3mm,41.13mm,1.5mm
2156,5V,28.5mm,6mm,41.58mm,10.5mm,31mm,3mm,41.13mm,1.5mm
2157,5V,28.5mm,6mm,41.58mm,11mm,31mm,3mm,41.13mm,1.5mm
2158,5V,28.5mm,6mm,41.58mm,10mm,31mm,3mm,41.13mm,2mm
2159,5V,28.5mm,6mm,41.58mm,10.5mm,31mm,3mm,41.13mm,2mm
2160,5V,28.5mm,6mm,41.58mm,11mm,31mm,3mm,41.13mm,2mm
2701,0V,29mm,6mm,41.58mm,10mm,31mm,3mm,41.13mm,1mm
2702,0V,29mm,6mm,41.58mm,10.5mm,31mm,3mm,41.13mm,1mm
2703,0V,29mm,6mm,41.58mm,11mm,31mm,3mm,41.13mm,1mm
2704,0V,29mm,6mm,41.58mm,10mm,31mm,3mm,41.13mm,1.5mm
2705,0V,29mm,6mm,41.58mm,10.5mm,31mm,3mm,41.13mm,1.5mm
2706,0V,29mm,6mm,41.58mm,11mm,31mm,3mm,41.13mm,1.5mm
2707,0V,29mm,6mm,41.58mm,10mm,31mm,3mm,41.13mm,2mm
2708,0V,29mm,6mm,41.58mm,10.5mm,31mm,3mm,41.13mm,2mm
2709,0V,29mm,6mm,41.58mm,11mm,31mm,3mm,41.13mm,2mm
2710,1V,29mm,6mm,41.58mm,10mm,31mm,3mm,41.13mm,1mm
2711,1V,29mm,6mm,41.58mm,10.5mm,31mm,3mm,41.13mm,1mm
2712,1V,29mm,6mm,41.58mm,11mm,31mm,3mm,41.13mm,1mm
2713,1V,29mm,6mm,41.58mm,10mm,31mm,3mm,41.13mm,1.5mm
2714,1V,29mm,6mm,41.58mm,10.5mm,31mm,3mm,41.13mm,1.5mm
2715,1V,29mm,6mm,41.58mm,11mm,31mm,3mm,41.13mm,1.5mm
2716,1V,29mm,6mm,41.58mm,10mm,31mm,3mm,41.13mm,2mm
2717,1V,29mm,6mm,41.58mm,10.5mm,31mm,3mm,41.13mm,2mm
2718,1V,29mm,6mm,41.58mm,11mm,31mm,3mm,41.13mm,2mm
2719,2V,29mm,6mm,41.58mm,10mm,31mm,3mm,41.13mm,1mm
2720,2V,29mm,6mm,41.58mm,10.5mm,31mm,3mm,41.13mm,1mm
2721,2V,29mm,6mm,41.58mm,11mm,31mm,3mm,41.13mm,1mm
2722,2V,29mm,6mm,41.58mm,10mm,31mm,3mm,41.13mm,1.5mm
2723,2V,29mm,6mm,41.58mm,10.5mm,31mm,3mm,41.13mm,1.5mm
2724,2V,29mm,6mm,41.58mm,11mm,31mm,3mm,41.13mm,1.5mm
2725,2V,29mm,6mm,41.58mm,10mm,31mm,3mm,41.13mm,2mm
2726,2V,29mm,6mm,41.58mm,10.5mm,31mm,3mm,41.13mm,2mm
2727,2V,29mm,6mm,41.58mm,11mm,31mm,3mm,41.13mm,2mm
2728,3V,29mm,6mm,41.58mm,10mm,31mm,3mm,41.13mm,1mm
2729,3V,29mm,6mm,41.58mm,10.5mm,31mm,3mm,41.13mm,1mm
2730,3V,29mm,6mm,41.58mm,11mm,31mm,3mm,41.13mm,1mm
2731,3V,29mm,6mm,41.58mm,10mm,31mm,3mm,41.13mm,1.5mm
2732,3V,29mm,6mm,41.58mm,10.5mm,31mm,3mm,41.13mm,1.5mm
2733,3V,29mm,6mm,41.58mm,11mm,31mm,3mm,41.13mm,1.5mm
2734,3V,29mm,6mm,41.58mm,10mm,31mm,3mm,41.13mm,2mm
2735,3V,29mm,6mm,41.58mm,10.5mm,31mm,3mm,41.13mm,2mm
2736,3V,29mm,6mm,41.58mm,11mm,31mm,3mm,41.13mm,2mm
2737,4V,29mm,6mm,41.58mm,10mm,31mm,3mm,41.13mm,1mm
2738,4V,29mm,6mm,41.58mm,10.5mm,31mm,3mm,41.13mm,1mm
2739,4V,29mm,6mm,41.58mm,11mm,31mm,3mm,41.13mm,1mm
2740,4V,29mm,6mm,41.58mm,10mm,31mm,3mm,41.13mm,1.5mm
2741,4V,29mm,6mm,41.58mm,10.5mm,31mm,3mm,41.13mm,1.5mm
2742,4V,29mm,6mm,41.58mm,11mm,31mm,3mm,41.13mm,1.5mm
2743,4V,29mm,6mm,41.58mm,10mm,31mm,3mm,41.13mm,2mm
2744,4V,29mm,6mm,41.58mm,10.5mm,31mm,3mm,41.13mm,2mm
2745,4V,29mm,6mm,41.58mm,11mm,31mm,3mm,41.13mm,2mm
2746,5V,29mm,6mm,41.58mm,10mm,31mm,3mm,41.13mm,1mm
2747,5V,29mm,6mm,41.58mm,10.5mm,31mm,3mm,41.13mm,1mm
2748,5V,29mm,6mm,41.58mm,11mm,31mm,3mm,41.13mm,1mm
2749,5V,29mm,6mm,41.58mm,10mm,31mm,3mm,41.13mm,1.5mm
2750,5V,29mm,6mm,41.58mm,10.5mm,31mm,3mm,41.13mm,1.5mm
2751,5V,29mm,6mm,41.58mm,11mm,31mm,3mm,41.13mm,1.5mm
2752,5V,29mm,6mm,41.58mm,10mm,31mm,3mm,41.13mm,2mm
2753,5V,29mm,6mm,41.58mm,10.5mm,31mm,3mm,41.13mm,2mm
2754,5V,29mm,6mm,41.58mm,11mm,31mm,3mm,41.13mm,2mm
3295,0V,29.5mm,6mm,41.58mm,10mm,31mm,3mm,41.13mm,1mm
3296,0V,29.5mm,6mm,41.58mm,10.5mm,31mm,3mm,41.13mm,1mm
3297,0V,29.5mm,6mm,41.58mm,11mm,31mm,3mm,41.13mm,1mm
3298,0V,29.5mm,6mm,41.58mm,10mm,31mm,3mm,41.13mm,1.5mm
3299,0V,29.5mm,6mm,41.58mm,10.5mm,31mm,3mm,41.13mm,1.5mm
3300,0V,29.5mm,6mm,41.58mm,11mm,31mm,3mm,41.13mm,1.5mm
3301,0V,29.5mm,6mm,41.58mm,10mm,31mm,3mm,41.13mm,2mm
3302,0V,29.5mm,6mm,41.58mm,10.5mm,31mm,3mm,41.13mm,2mm
3303,0V,29.5mm,6mm,41.58mm,11mm,31mm,3mm,41.13mm,2mm
3304,1V,29.5mm,6mm,41.58mm,10mm,31mm,3mm,41.13mm,1mm
3305,1V,29.5mm,6mm,41.58mm,10.5mm,31mm,3mm,41.13mm,1mm
3306,1V,29.5mm,6mm,41.58mm,11mm,31mm,3mm,41.13mm,1mm
3307,1V,29.5mm,6mm,41.58mm,10mm,31mm,3mm,41.13mm,1.5mm
3308,1V,29.5mm,6mm,41.58mm,10.5mm,31mm,3mm,41.13mm,1.5mm
3309,1V,29.5mm,6mm,41.58mm,11mm,31mm,3mm,41.13mm,1.5mm
3310,1V,29.5mm,6mm,41.58mm,10mm,31mm,3mm,41.13mm,2mm
3311,1V,29.5mm,6mm,41.58mm,10.5mm,31mm,3mm,41.13mm,2mm
3312,1V,29.5mm,6mm,41.58mm,11mm,31mm,3mm,41.13mm,2mm
3313,2V,29.5mm,6mm,41.58mm,10mm,31mm,3mm,41.13mm,1mm
3314,2V,29.5mm,6mm,41.58mm,10.5mm,31mm,3mm,41.13mm,1mm
3315,2V,29.5mm,6mm,41.58mm,11mm,31mm,3mm,41.13mm,1mm
3316,2V,29.5mm,6mm,41.58mm,10mm,31mm,3mm,41.13mm,1.5mm
3317,2V,29.5mm,6mm,41.58mm,10.5mm,31mm,3mm,41.13mm,1.5mm
3318,2V,29.5mm,6mm,41.58mm,11mm,31mm,3mm,41.13mm,1.5mm
3319,2V,29.5mm,6mm,41.58mm,10mm,31mm,3mm,41.13mm,2mm
3320,2V,29.5mm,6mm,41.58mm,10.5mm,31mm,3mm,41.13mm,2mm
3321,2V,29.5mm,6mm,41.58mm,11mm,31mm,3mm,41.13mm,2mm
3322,3V,29.5mm,6mm,41.58mm,10mm,31mm,3mm,41.13mm,1mm
3323,3V,29.5mm,6mm,41.58mm,10.5mm,31mm,3mm,41.13mm,1mm
3324,3V,29.5mm,6mm,41.58mm,11mm,31mm,3mm,41.13mm,1mm
3325,3V,29.5mm,6mm,41.58mm,10mm,31mm,3mm,41.13mm,1.5mm
3326,3V,29.5mm,6mm,41.58mm,10.5mm,31mm,3mm,41.13mm,1.5mm
3327,3V,29.5mm,6mm,41.58mm,11mm,31mm,3mm,41.13mm,1.5mm
3328,3V,29.5mm,6mm,41.58mm,10mm,31mm,3mm,41.13mm,2mm
3329,3V,29.5mm,6mm,41.58mm,10.5mm,31mm,3mm,41.13mm,2mm
3330,3V,29.5mm,6mm,41.58mm,11mm,31mm,3mm,41.13mm,2mm
3331,4V,29.5mm,6mm,41.58mm,10mm,31mm,3mm,41.13mm,1mm
3332,4V,29.5mm,6mm,41.58mm,10.5mm,31mm,3mm,41.13mm,1mm
3333,4V,29.5mm,6mm,41.58mm,11mm,31mm,3mm,41.13mm,1mm
3334,4V,29.5mm,6mm,41.58mm,10mm,31mm,3mm,41.13mm,1.5mm
3335,4V,29.5mm,6mm,41.58mm,10.5mm,31mm,3mm,41.13mm,1.5mm
3336,4V,29.5mm,6mm,41.58mm,11mm,31mm,3mm,41.13mm,1.5mm
3337,4V,29.5mm,6mm,41.58mm,10mm,31mm,3mm,41.13mm,2mm
3338,4V,29.5mm,6mm,41.58mm,10.5mm,31mm,3mm,41.13mm,2mm
3339,4V,29.5mm,6mm,41.58mm,11mm,31mm,3mm,41.13mm,2mm
3340,5V,29.5mm,6mm,41.58mm,10mm,31mm,3mm,41.13mm,1mm
3341,5V,29.5mm,6mm,41.58mm,10.5mm,31mm,3mm,41.13mm,1mm
3342,5V,29.5mm,6mm,41.58mm,11mm,31mm,3mm,41.13mm,1mm
3343,5V,29.5mm,6mm,41.58mm,10mm,31mm,3mm,41.13mm,1.5mm
3344,5V,29.5mm,6mm,41.58mm,10.5mm,31mm,3mm,41.13mm,1.5mm
3345,5V,29.5mm,6mm,41.58mm,11mm,31mm,3mm,41.13mm,1.5mm
3346,5V,29.5mm,6mm,41.58mm,10mm,31mm,3mm,41.13mm,2mm
3347,5V,29.5mm,6mm,41.58mm,10.5mm,31mm,3mm,41.13mm,2mm
3348,5V,29.5mm,6mm,41.58mm,11mm,31mm,3mm,41.13mm,2mm
3889,0V,30mm,6mm,41.58mm,10mm,31mm,3mm,41.13mm,1mm
3890,0V,30mm,6mm,41.58mm,10.5mm,31mm,3mm,41.13mm,1mm
3891,0V,30mm,6mm,41.58mm,11mm,31mm,3mm,41.13mm,1mm
3892,0V,30mm,6mm,41.58mm,10mm,31mm,3mm,41.13mm,1.5mm
3893,0V,30mm,6mm,41.58mm,10.5mm,31mm,3mm,41.13mm,1.5mm
3894,0V,30mm,6mm,41.58mm,11mm,31mm,3mm,41.13mm,1.5mm
3895,0V,30mm,6mm,41.58mm,10mm,31mm,3mm,41.13mm,2mm
3896,0V,30mm,6mm,41.58mm,10.5mm,31mm,3mm,41.13mm,2mm
3897,0V,30mm,6mm,41.58mm,11mm,31mm,3mm,41.13mm,2mm
3898,1V,30mm,6mm,41.58mm,10mm,31mm,3mm,41.13mm,1mm
3899,1V,30mm,6mm,41.58mm,10.5mm,31mm,3mm,41.13mm,1mm
3900,1V,30mm,6mm,41.58mm,11mm,31mm,3mm,41.13mm,1mm
3901,1V,30mm,6mm,41.58mm,10mm,31mm,3mm,41.13mm,1.5mm
3902,1V,30mm,6mm,41.58mm,10.5mm,31mm,3mm,41.13mm,1.5mm
3903,1V,30mm,6mm,41.58mm,11mm,31mm,3mm,41.13mm,1.5mm
3904,1V,30mm,6mm,41.58mm,10mm,31mm,3mm,41.13mm,2mm
3905,1V,30mm,6mm,41.58mm,10.5mm,31mm,3mm,41.13mm,2mm
3906,1V,30mm,6mm,41.58mm,11mm,31mm,3mm,41.13mm,2mm
3907,2V,30mm,6mm,41.58mm,10mm,31mm,3mm,41.13mm,1mm
3908,2V,30mm,6mm,41.58mm,10.5mm,31mm,3mm,41.13mm,1mm
3909,2V,30mm,6mm,41.58mm,11mm,31mm,3mm,41.13mm,1mm
3910,2V,30mm,6mm,41.58mm,10mm,31mm,3mm,41.13mm,1.5mm
3911,2V,30mm,6mm,41.58mm,10.5mm,31mm,3mm,41.13mm,1.5mm
3912,2V,30mm,6mm,41.58mm,11mm,31mm,3mm,41.13mm,1.5mm
3913,2V,30mm,6mm,41.58mm,10mm,31mm,3mm,41.13mm,2mm
3914,2V,30mm,6mm,41.58mm,10.5mm,31mm,3mm,41.13mm,2mm
3915,2V,30mm,6mm,41.58mm,11mm,31mm,3mm,41.13mm,2mm
3916,3V,30mm,6mm,41.58mm,10mm,31mm,3mm,41.13mm,1mm
3917,3V,30mm,6mm,41.58mm,10.5mm,31mm,3mm,41.13mm,1mm
3918,3V,30mm,6mm,41.58mm,11mm,31mm,3mm,41.13mm,1mm
3919,3V,30mm,6mm,41.58mm,10mm,31mm,3mm,41.13mm,1.5mm
3920,3V,30mm,6mm,41.58mm,10.5mm,31mm,3mm,41.13mm,1.5mm
3921,3V,30mm,6mm,41.58mm,11mm,31mm,3mm,41.13mm,1.5mm
3922,3V,30mm,6mm,41.58mm,10mm,31mm,3mm,41.13mm,2mm
3923,3V,30mm,6mm,41.58mm,10.5mm,31mm,3mm,41.13mm,2mm
3924,3V,30mm,6mm,41.58mm,11mm,31mm,3mm,41.13mm,2mm
3925,4V,30mm,6mm,41.58mm,10mm,31mm,3mm,41.13mm,1mm
3926,4V,30mm,6mm,41.58mm,10.5mm,31mm,3mm,41.13mm,1mm
3927,4V,30mm,6mm,41.58mm,11mm,31mm,3mm,41.13mm,1mm
3928,4V,30mm,6mm,41.58mm,10mm,31mm,3mm,41.13mm,1.5mm
3929,4V,30mm,6mm,41.58mm,10.5mm,31mm,3mm,41.13mm,1.5mm
3930,4V,30mm,6mm,41.58mm,11mm,31mm,3mm,41.13mm,1.5mm
3931,4V,30mm,6mm,41.58mm,10mm,31mm,3mm,41.13mm,2mm
3932,4V,30mm,6mm,41.58mm,10.5mm,31mm,3mm,41.13mm,2mm
3933,4V,30mm,6mm,41.58mm,11mm,31mm,3mm,41.13mm,2mm
3934,5V,30mm,6mm,41.58mm,10mm,31mm,3mm,41.13mm,1mm
3935,5V,30mm,6mm,41.58mm,10.5mm,31mm,3mm,41.13mm,1mm
3936,5V,30mm,6mm,41.58mm,11mm,31mm,3mm,41.13mm,1mm
3937,5V,30mm,6mm,41.58mm,10mm,31mm,3mm,41.13mm,1.5mm
3938,5V,30mm,6mm,41.58mm,10.5mm,31mm,3mm,41.13mm,1.5mm
3939,5V,30mm,6mm,41.58mm,11mm,31mm,3mm,41.13mm,1.5mm
3940,5V,30mm,6mm,41.58mm,10mm,31mm,3mm,41.13mm,2mm
3941,5V,30mm,6mm,41.58mm,10.5mm,31mm,3mm,41.13mm,2mm
3942,5V,30mm,6mm,41.58mm,11mm,31mm,3mm,41.13mm,2mm
4483,0V,30.5mm,6mm,41.58mm,10mm,31mm,3mm,41.13mm,1mm
4484,0V,30.5mm,6mm,41.58mm,10.5mm,31mm,3mm,41.13mm,1mm
4485,0V,30.5mm,6mm,41.58mm,11mm,31mm,3mm,41.13mm,1mm
4486,0V,30.5mm,6mm,41.58mm,10mm,31mm,3mm,41.13mm,1.5mm
4487,0V,30.5mm,6mm,41.58mm,10.5mm,31mm,3mm,41.13mm,1.5mm
4488,0V,30.5mm,6mm,41.58mm,11mm,31mm,3mm,41.13mm,1.5mm
4489,0V,30.5mm,6mm,41.58mm,10mm,31mm,3mm,41.13mm,2mm
4490,0V,30.5mm,6mm,41.58mm,10.5mm,31mm,3mm,41.13mm,2mm
4491,0V,30.5mm,6mm,41.58mm,11mm,31mm,3mm,41.13mm,2mm
4492,1V,30.5mm,6mm,41.58mm,10mm,31mm,3mm,41.13mm,1mm
4493,1V,30.5mm,6mm,41.58mm,10.5mm,31mm,3mm,41.13mm,1mm
4494,1V,30.5mm,6mm,41.58mm,11mm,31mm,3mm,41.13mm,1mm
4495,1V,30.5mm,6mm,41.58mm,10mm,31mm,3mm,41.13mm,1.5mm
4496,1V,30.5mm,6mm,41.58mm,10.5mm,31mm,3mm,41.13mm,1.5mm
4497,1V,30.5mm,6mm,41.58mm,11mm,31mm,3mm,41.13mm,1.5mm
4498,1V,30.5mm,6mm,41.58mm,10mm,31mm,3mm,41.13mm,2mm
4499,1V,30.5mm,6mm,41.58mm,10.5mm,31mm,3mm,41.13mm,2mm
4500,1V,30.5mm,6mm,41.58mm,11mm,31mm,3mm,41.13mm,2mm
4501,2V,30.5mm,6mm,41.58mm,10mm,31mm,3mm,41.13mm,1mm
4502,2V,30.5mm,6mm,41.58mm,10.5mm,31mm,3mm,41.13mm,1mm
4503,2V,30.5mm,6mm,41.58mm,11mm,31mm,3mm,41.13mm,1mm
4504,2V,30.5mm,6mm,41.58mm,10mm,31mm,3mm,41.13mm,1.5mm
4505,2V,30.5mm,6mm,41.58mm,10.5mm,31mm,3mm,41.13mm,1.5mm
4506,2V,30.5mm,6mm,41.58mm,11mm,31mm,3mm,41.13mm,1.5mm
4507,2V,30.5mm,6mm,41.58mm,10mm,31mm,3mm,41.13mm,2mm
4508,2V,30.5mm,6mm,41.58mm,10.5mm,31mm,3mm,41.13mm,2mm
4509,2V,30.5mm,6mm,41.58mm,11mm,31mm,3mm,41.13mm,2mm
4510,3V,30.5mm,6mm,41.58mm,10mm,31mm,3mm,41.13mm,1mm
4511,3V,30.5mm,6mm,41.58mm,10.5mm,31mm,3mm,41.13mm,1mm
4512,3V,30.5mm,6mm,41.58mm,11mm,31mm,3mm,41.13mm,1mm
4513,3V,30.5mm,6mm,41.58mm,10mm,31mm,3mm,41.13mm,1.5mm
4514,3V,30.5mm,6mm,41.58mm,10.5mm,31mm,3mm,41.13mm,1.5mm
4515,3V,30.5mm,6mm,41.58mm,11mm,31mm,3mm,41.13mm,1.5mm
4516,3V,30.5mm,6mm,41.58mm,10mm,31mm,3mm,41.13mm,2mm
4517,3V,30.5mm,6mm,41.58mm,10.5mm,31mm,3mm,41.13mm,2mm
4518,3V,30.5mm,6mm,41.58mm,11mm,31mm,3mm,41.13mm,2mm
4519,4V,30.5mm,6mm,41.58mm,10mm,31mm,3mm,41.13mm,1mm
4520,4V,30.5mm,6mm,41.58mm,10.5mm,31mm,3mm,41.13mm,1mm
4521,4V,30.5mm,6mm,41.58mm,11mm,31mm,3mm,41.13mm,1mm
4522,4V,30.5mm,6mm,41.58mm,10mm,31mm,3mm,41.13mm,1.5mm
4523,4V,30.5mm,6mm,41.58mm,10.5mm,31mm,3mm,41.13mm,1.5mm
4524,4V,30.5mm,6mm,41.58mm,11mm,31mm,3mm,41.13mm,1.5mm
4525,4V,30.5mm,6mm,41.58mm,10mm,31mm,3mm,41.13mm,2mm
4526,4V,30.5mm,6mm,41.58mm,10.5mm,31mm,3mm,41.13mm,2mm
4527,4V,30.5mm,6mm,41.58mm,11mm,31mm,3mm,41.13mm,2mm
4528,5V,30.5mm,6mm,41.58mm,10mm,31mm,3mm,41.13mm,1mm
4529,5V,30.5mm,6mm,41.58mm,10.5mm,31mm,3mm,41.13mm,1mm
4530,5V,30.5mm,6mm,41.58mm,11mm,31mm,3mm,41.13mm,1mm
4531,5V,30.5mm,6mm,41.58mm,10mm,31mm,3mm,41.13mm,1.5mm
4532,5V,30.5mm,6mm,41.58mm,10.5mm,31mm,3mm,41.13mm,1.5mm
4533,5V,30.5mm,6mm,41.58mm,11mm,31mm,3mm,41.13mm,1.5mm
4534,5V,30.5mm,6mm,41.58mm,10mm,31mm,3mm,41.13mm,2mm
4535,5V,30.5mm,6mm,41.58mm,10.5mm,31mm,3mm,41.13mm,2mm
4536,5V,30.5mm,6mm,41.58mm,11mm,31mm,3mm,41.13mm,2mm
5077,0V,31mm,6mm,41.58mm,10mm,31mm,3mm,41.13mm,1mm
5078,0V,31mm,6mm,41.58mm,10.5mm,31mm,3mm,41.13mm,1mm
5079,0V,31mm,6mm,41.58mm,11mm,31mm,3mm,41.13mm,1mm
5080,0V,31mm,6mm,41.58mm,10mm,31mm,3mm,41.13mm,1.5mm
5081,0V,31mm,6mm,41.58mm,10.5mm,31mm,3mm,41.13mm,1.5mm
5082,0V,31mm,6mm,41.58mm,11mm,31mm,3mm,41.13mm,1.5mm
5083,0V,31mm,6mm,41.58mm,10mm,31mm,3mm,41.13mm,2mm
5084,0V,31mm,6mm,41.58mm,10.5mm,31mm,3mm,41.13mm,2mm
5085,0V,31mm,6mm,41.58mm,11mm,31mm,3mm,41.13mm,2mm
5086,1V,31mm,6mm,41.58mm,10mm,31mm,3mm,41.13mm,1mm
5087,1V,31mm,6mm,41.58mm,10.5mm,31mm,3mm,41.13mm,1mm
5088,1V,31mm,6mm,41.58mm,11mm,31mm,3mm,41.13mm,1mm
5089,1V,31mm,6mm,41.58mm,10mm,31mm,3mm,41.13mm,1.5mm
5090,1V,31mm,6mm,41.58mm,10.5mm,31mm,3mm,41.13mm,1.5mm
5091,1V,31mm,6mm,41.58mm,11mm,31mm,3mm,41.13mm,1.5mm
5092,1V,31mm,6mm,41.58mm,10mm,31mm,3mm,41.13mm,2mm
5093,1V,31mm,6mm,41.58mm,10.5mm,31mm,3mm,41.13mm,2mm
5094,1V,31mm,6mm,41.58mm,11mm,31mm,3mm,41.13mm,2mm
5095,2V,31mm,6mm,41.58mm,10mm,31mm,3mm,41.13mm,1mm
5096,2V,31mm,6mm,41.58mm,10.5mm,31mm,3mm,41.13mm,1mm
5097,2V,31mm,6mm,41.58mm,11mm,31mm,3mm,41.13mm,1mm
5098,2V,31mm,6mm,41.58mm,10mm,31mm,3mm,41.13mm,1.5mm
5099,2V,31mm,6mm,41.58mm,10.5mm,31mm,3mm,41.13mm,1.5mm
5100,2V,31mm,6mm,41.58mm,11mm,31mm,3mm,41.13mm,1.5mm
5101,2V,31mm,6mm,41.58mm,10mm,31mm,3mm,41.13mm,2mm
5102,2V,31mm,6mm,41.58mm,10.5mm,31mm,3mm,41.13mm,2mm
5103,2V,31mm,6mm,41.58mm,11mm,31mm,3mm,41.13mm,2mm
5104,3V,31mm,6mm,41.58mm,10mm,31mm,3mm,41.13mm,1mm
5105,3V,31mm,6mm,41.58mm,10.5mm,31mm,3mm,41.13mm,1mm
5106,3V,31mm,6mm,41.58mm,11mm,31mm,3mm,41.13mm,1mm
5107,3V,31mm,6mm,41.58mm,10mm,31mm,3mm,41.13mm,1.5mm
5108,3V,31mm,6mm,41.58mm,10.5mm,31mm,3mm,41.13mm,1.5mm
5109,3V,31mm,6mm,41.58mm,11mm,31mm,3mm,41.13mm,1.5mm
5110,3V,31mm,6mm,41.58mm,10mm,31mm,3mm,41.13mm,2mm
5111,3V,31mm,6mm,41.58mm,10.5mm,31mm,3mm,41.13mm,2mm
5112,3V,31mm,6mm,41.58mm,11mm,31mm,3mm,41.13mm,2mm
5113,4V,31mm,6mm,41.58mm,10mm,31mm,3mm,41.13mm,1mm
5114,4V,31mm,6mm,41.58mm,10.5mm,31mm,3mm,41.13mm,1mm
5115,4V,31mm,6mm,41.58mm,11mm,31mm,3mm,41.13mm,1mm
5116,4V,31mm,6mm,41.58mm,10mm,31mm,3mm,41.13mm,1.5mm
5117,4V,31mm,6mm,41.58mm,10.5mm,31mm,3mm,41.13mm,1.5mm
5118,4V,31mm,6mm,41.58mm,11mm,31mm,3mm,41.13mm,1.5mm
5119,4V,31mm,6mm,41.58mm,10mm,31mm,3mm,41.13mm,2mm
5120,4V,31mm,6mm,41.58mm,10.5mm,31mm,3mm,41.13mm,2mm
5121,4V,31mm,6mm,41.58mm,11mm,31mm,3mm,41.13mm,2mm
5122,5V,31mm,6mm,41.58mm,10mm,31mm,3mm,41.13mm,1mm
5123,5V,31mm,6mm,41.58mm,10.5mm,31mm,3mm,41.13mm,1mm
5124,5V,31mm,6mm,41.58mm,11mm,31mm,3mm,41.13mm,1mm
5125,5V,31mm,6mm,41.58mm,10mm,31mm,3mm,41.13mm,1.5mm
5126,5V,31mm,6mm,41.58mm,10.5mm,31mm,3mm,41.13mm,1.5mm
5127,5V,31mm,6mm,41.58mm,11mm,31mm,3mm,41.13mm,1.5mm
5128,5V,31mm,6mm,41.58mm,10mm,31mm,3mm,41.13mm,2mm
5129,5V,31mm,6mm,41.58mm,10.5mm,31mm,3mm,41.13mm,2mm
5130,5V,31mm,6mm,41.58mm,11mm,31mm,3mm,41.13mm,2mm
5671,0V,31.5mm,6mm,41.58mm,10mm,31mm,3mm,41.13mm,1mm
5672,0V,31.5mm,6mm,41.58mm,10.5mm,31mm,3mm,41.13mm,1mm
5673,0V,31.5mm,6mm,41.58mm,11mm,31mm,3mm,41.13mm,1mm
5674,0V,31.5mm,6mm,41.58mm,10mm,31mm,3mm,41.13mm,1.5mm
5675,0V,31.5mm,6mm,41.58mm,10.5mm,31mm,3mm,41.13mm,1.5mm
5676,0V,31.5mm,6mm,41.58mm,11mm,31mm,3mm,41.13mm,1.5mm
5677,0V,31.5mm,6mm,41.58mm,10mm,31mm,3mm,41.13mm,2mm
5678,0V,31.5mm,6mm,41.58mm,10.5mm,31mm,3mm,41.13mm,2mm
5679,0V,31.5mm,6mm,41.58mm,11mm,31mm,3mm,41.13mm,2mm
5680,1V,31.5mm,6mm,41.58mm,10mm,31mm,3mm,41.13mm,1mm
5681,1V,31.5mm,6mm,41.58mm,10.5mm,31mm,3mm,41.13mm,1mm
5682,1V,31.5mm,6mm,41.58mm,11mm,31mm,3mm,41.13mm,1mm
5683,1V,31.5mm,6mm,41.58mm,10mm,31mm,3mm,41.13mm,1.5mm
5684,1V,31.5mm,6mm,41.58mm,10.5mm,31mm,3mm,41.13mm,1.5mm
5685,1V,31.5mm,6mm,41.58mm,11mm,31mm,3mm,41.13mm,1.5mm
5686,1V,31.5mm,6mm,41.58mm,10mm,31mm,3mm,41.13mm,2mm
5687,1V,31.5mm,6mm,41.58mm,10.5mm,31mm,3mm,41.13mm,2mm
5688,1V,31.5mm,6mm,41.58mm,11mm,31mm,3mm,41.13mm,2mm
5689,2V,31.5mm,6mm,41.58mm,10mm,31mm,3mm,41.13mm,1mm
5690,2V,31.5mm,6mm,41.58mm,10.5mm,31mm,3mm,41.13mm,1mm
5691,2V,31.5mm,6mm,41.58mm,11mm,31mm,3mm,41.13mm,1mm
5692,2V,31.5mm,6mm,41.58mm,10mm,31mm,3mm,41.13mm,1.5mm
5693,2V,31.5mm,6mm,41.58mm,10.5mm,31mm,3mm,41.13mm,1.5mm
5694,2V,31.5mm,6mm,41.58mm,11mm,31mm,3mm,41.13mm,1.5mm
5695,2V,31.5mm,6mm,41.58mm,10mm,31mm,3mm,41.13mm,2mm
5696,2V,31.5mm,6mm,41.58mm,10.5mm,31mm,3mm,41.13mm,2mm
5697,2V,31.5mm,6mm,41.58mm,11mm,31mm,3mm,41.13mm,2mm
5698,3V,31.5mm,6mm,41.58mm,10mm,31mm,3mm,41.13mm,1mm
5699,3V,31.5mm,6mm,41.58mm,10.5mm,31mm,3mm,41.13mm,1mm
5700,3V,31.5mm,6mm,41.58mm,11mm,31mm,3mm,41.13mm,1mm
5701,3V,31.5mm,6mm,41.58mm,10mm,31mm,3mm,41.13mm,1.5mm
5702,3V,31.5mm,6mm,41.58mm,10.5mm,31mm,3mm,41.13mm,1.5mm
5703,3V,31.5mm,6mm,41.58mm,11mm,31mm,3mm,41.13mm,1.5mm
5704,3V,31.5mm,6mm,41.58mm,10mm,31mm,3mm,41.13mm,2mm
5705,3V,31.5mm,6mm,41.58mm,10.5mm,31mm,3mm,41.13mm,2mm
5706,3V,31.5mm,6mm,41.58mm,11mm,31mm,3mm,41.13mm,2mm
5707,4V,31.5mm,6mm,41.58mm,10mm,31mm,3mm,41.13mm,1mm
5708,4V,31.5mm,6mm,41.58mm,10.5mm,31mm,3mm,41.13mm,1mm
5709,4V,31.5mm,6mm,41.58mm,11mm,31mm,3mm,41.13mm,1mm
5710,4V,31.5mm,6mm,41.58mm,10mm,31mm,3mm,41.13mm,1.5mm
5711,4V,31.5mm,6mm,41.58mm,10.5mm,31mm,3mm,41.13mm,1.5mm
5712,4V,31.5mm,6mm,41.58mm,11mm,31mm,3mm,41.13mm,1.5mm
5713,4V,31.5mm,6mm,41.58mm,10mm,31mm,3mm,41.13mm,2mm
5714,4V,31.5mm,6mm,41.58mm,10.5mm,31mm,3mm,41.13mm,2mm
5715,4V,31.5mm,6mm,41.58mm,11mm,31mm,3mm,41.13mm,2mm
5716,5V,31.5mm,6mm,41.58mm,10mm,31mm,3mm,41.13mm,1mm
5717,5V,31.5mm,6mm,41.58mm,10.5mm,31mm,3mm,41.13mm,1mm
5718,5V,31.5mm,6mm,41.58mm,11mm,31mm,3mm,41.13mm,1mm
5719,5V,31.5mm,6mm,41.58mm,10mm,31mm,3mm,41.13mm,1.5mm
5720,5V,31.5mm,6mm,41.58mm,10.5mm,31mm,3mm,41.13mm,1.5mm
5721,5V,31.5mm,6mm,41.58mm,11mm,31mm,3mm,41.13mm,1.5mm
5722,5V,31.5mm,6mm,41.58mm,10mm,31mm,3mm,41.13mm,2mm
5723,5V,31.5mm,6mm,41.58mm,10.5mm,31mm,3mm,41.13mm,2mm
5724,5V,31.5mm,6mm,41.58mm,11mm,31mm,3mm,41.13mm,2mm
6265,0V,32mm,6mm,41.58mm,10mm,31mm,3mm,41.13mm,1mm
6266,0V,32mm,6mm,41.58mm,10.5mm,31mm,3mm,41.13mm,1mm
6267,0V,32mm,6mm,41.58mm,11mm,31mm,3mm,41.13mm,1mm
6268,0V,32mm,6mm,41.58mm,10mm,31mm,3mm,41.13mm,1.5mm
6269,0V,32mm,6mm,41.58mm,10.5mm,31mm,3mm,41.13mm,1.5mm
6270,0V,32mm,6mm,41.58mm,11mm,31mm,3mm,41.13mm,1.5mm
6271,0V,32mm,6mm,41.58mm,10mm,31mm,3mm,41.13mm,2mm
6272,0V,32mm,6mm,41.58mm,10.5mm,31mm,3mm,41.13mm,2mm
6273,0V,32mm,6mm,41.58mm,11mm,31mm,3mm,41.13mm,2mm
6274,1V,32mm,6mm,41.58mm,10mm,31mm,3mm,41.13mm,1mm
6275,1V,32mm,6mm,41.58mm,10.5mm,31mm,3mm,41.13mm,1mm
6276,1V,32mm,6mm,41.58mm,11mm,31mm,3mm,41.13mm,1mm
6277,1V,32mm,6mm,41.58mm,10mm,31mm,3mm,41.13mm,1.5mm
6278,1V,32mm,6mm,41.58mm,10.5mm,31mm,3mm,41.13mm,1.5mm
6279,1V,32mm,6mm,41.58mm,11mm,31mm,3mm,41.13mm,1.5mm
6280,1V,32mm,6mm,41.58mm,10mm,31mm,3mm,41.13mm,2mm
6281,1V,32mm,6mm,41.58mm,10.5mm,31mm,3mm,41.13mm,2mm
6282,1V,32mm,6mm,41.58mm,11mm,31mm,3mm,41.13mm,2mm
6283,2V,32mm,6mm,41.58mm,10mm,31mm,3mm,41.13mm,1mm
6284,2V,32mm,6mm,41.58mm,10.5mm,31mm,3mm,41.13mm,1mm
6285,2V,32mm,6mm,41.58mm,11mm,31mm,3mm,41.13mm,1mm
6286,2V,32mm,6mm,41.58mm,10mm,31mm,3mm,41.13mm,1.5mm
6287,2V,32mm,6mm,41.58mm,10.5mm,31mm,3mm,41.13mm,1.5mm
6288,2V,32mm,6mm,41.58mm,11mm,31mm,3mm,41.13mm,1.5mm
6289,2V,32mm,6mm,41.58mm,10mm,31mm,3mm,41.13mm,2mm
6290,2V,32mm,6mm,41.58mm,10.5mm,31mm,3mm,41.13mm,2mm
6291,2V,32mm,6mm,41.58mm,11mm,31mm,3mm,41.13mm,2mm
6292,3V,32mm,6mm,41.58mm,10mm,31mm,3mm,41.13mm,1mm
6293,3V,32mm,6mm,41.58mm,10.5mm,31mm,3mm,41.13mm,1mm
6294,3V,32mm,6mm,41.58mm,11mm,31mm,3mm,41.13mm,1mm
6295,3V,32mm,6mm,41.58mm,10mm,31mm,3mm,41.13mm,1.5mm
6296,3V,32mm,6mm,41.58mm,10.5mm,31mm,3mm,41.13mm,1.5mm
6297,3V,32mm,6mm,41.58mm,11mm,31mm,3mm,41.13mm,1.5mm
6298,3V,32mm,6mm,41.58mm,10mm,31mm,3mm,41.13mm,2mm
6299,3V,32mm,6mm,41.58mm,10.5mm,31mm,3mm,41.13mm,2mm
6300,3V,32mm,6mm,41.58mm,11mm,31mm,3mm,41.13mm,2mm
6301,4V,32mm,6mm,41.58mm,10mm,31mm,3mm,41.13mm,1mm
6302,4V,32mm,6mm,41.58mm,10.5mm,31mm,3mm,41.13mm,1mm
6303,4V,32mm,6mm,41.58mm,11mm,31mm,3mm,41.13mm,1mm
6304,4V,32mm,6mm,41.58mm,10mm,31mm,3mm,41.13mm,1.5mm
6305,4V,32mm,6mm,41.58mm,10.5mm,31mm,3mm,41.13mm,1.5mm
6306,4V,32mm,6mm,41.58mm,11mm,31mm,3mm,41.13mm,1.5mm
6307,4V,32mm,6mm,41.58mm,10mm,31mm,3mm,41.13mm,2mm
6308,4V,32mm,6mm,41.58mm,10.5mm,31mm,3mm,41.13mm,2mm
6309,4V,32mm,6mm,41.58mm,11mm,31mm,3mm,41.13mm,2mm
6310,5V,32mm,6mm,41.58mm,10mm,31mm,3mm,41.13mm,1mm
6311,5V,32mm,6mm,41.58mm,10.5mm,31mm,3mm,41.13mm,1mm
6312,5V,32mm,6mm,41.58mm,11mm,31mm,3mm,41.13mm,1mm
6313,5V,32mm,6mm,41.58mm,10mm,31mm,3mm,41.13mm,1.5mm
6314,5V,32mm,6mm,41.58mm,10.5mm,31mm,3mm,41.13mm,1.5mm
6315,5V,32mm,6mm,41.58mm,11mm,31mm,3mm,41.13mm,1.5mm
6316,5V,32mm,6mm,41.58mm,10mm,31mm,3mm,41.13mm,2mm
6317,5V,32mm,6mm,41.58mm,10.5mm,31mm,3mm,41.13mm,2mm
6318,5V,32mm,6mm,41.58mm,11mm,31mm,3mm,41.13mm,2mm
379,0V,27mm,6mm,41.58mm,10mm,31.5mm,3mm,41.13mm,1mm
380,0V,27mm,6mm,41.58mm,10.5mm,31.5mm,3mm,41.13mm,1mm
381,0V,27mm,6mm,41.58mm,11mm,31.5mm,3mm,41.13mm,1mm
382,0V,27mm,6mm,41.58mm,10mm,31.5mm,3mm,41.13mm,1.5mm
383,0V,27mm,6mm,41.58mm,10.5mm,31.5mm,3mm,41.13mm,1.5mm
384,0V,27mm,6mm,41.58mm,11mm,31.5mm,3mm,41.13mm,1.5mm
385,0V,27mm,6mm,41.58mm,10mm,31.5mm,3mm,41.13mm,2mm
386,0V,27mm,6mm,41.58mm,10.5mm,31.5mm,3mm,41.13mm,2mm
387,0V,27mm,6mm,41.58mm,11mm,31.5mm,3mm,41.13mm,2mm
388,1V,27mm,6mm,41.58mm,10mm,31.5mm,3mm,41.13mm,1mm
389,1V,27mm,6mm,41.58mm,10.5mm,31.5mm,3mm,41.13mm,1mm
390,1V,27mm,6mm,41.58mm,11mm,31.5mm,3mm,41.13mm,1mm
391,1V,27mm,6mm,41.58mm,10mm,31.5mm,3mm,41.13mm,1.5mm
392,1V,27mm,6mm,41.58mm,10.5mm,31.5mm,3mm,41.13mm,1.5mm
393,1V,27mm,6mm,41.58mm,11mm,31.5mm,3mm,41.13mm,1.5mm
394,1V,27mm,6mm,41.58mm,10mm,31.5mm,3mm,41.13mm,2mm
395,1V,27mm,6mm,41.58mm,10.5mm,31.5mm,3mm,41.13mm,2mm
396,1V,27mm,6mm,41.58mm,11mm,31.5mm,3mm,41.13mm,2mm
397,2V,27mm,6mm,41.58mm,10mm,31.5mm,3mm,41.13mm,1mm
398,2V,27mm,6mm,41.58mm,10.5mm,31.5mm,3mm,41.13mm,1mm
399,2V,27mm,6mm,41.58mm,11mm,31.5mm,3mm,41.13mm,1mm
400,2V,27mm,6mm,41.58mm,10mm,31.5mm,3mm,41.13mm,1.5mm
401,2V,27mm,6mm,41.58mm,10.5mm,31.5mm,3mm,41.13mm,1.5mm
402,2V,27mm,6mm,41.58mm,11mm,31.5mm,3mm,41.13mm,1.5mm
403,2V,27mm,6mm,41.58mm,10mm,31.5mm,3mm,41.13mm,2mm
404,2V,27mm,6mm,41.58mm,10.5mm,31.5mm,3mm,41.13mm,2mm
405,2V,27mm,6mm,41.58mm,11mm,31.5mm,3mm,41.13mm,2mm
406,3V,27mm,6mm,41.58mm,10mm,31.5mm,3mm,41.13mm,1mm
407,3V,27mm,6mm,41.58mm,10.5mm,31.5mm,3mm,41.13mm,1mm
408,3V,27mm,6mm,41.58mm,11mm,31.5mm,3mm,41.13mm,1mm
409,3V,27mm,6mm,41.58mm,10mm,31.5mm,3mm,41.13mm,1.5mm
410,3V,27mm,6mm,41.58mm,10.5mm,31.5mm,3mm,41.13mm,1.5mm
411,3V,27mm,6mm,41.58mm,11mm,31.5mm,3mm,41.13mm,1.5mm
412,3V,27mm,6mm,41.58mm,10mm,31.5mm,3mm,41.13mm,2mm
413,3V,27mm,6mm,41.58mm,10.5mm,31.5mm,3mm,41.13mm,2mm
414,3V,27mm,6mm,41.58mm,11mm,31.5mm,3mm,41.13mm,2mm
415,4V,27mm,6mm,41.58mm,10mm,31.5mm,3mm,41.13mm,1mm
416,4V,27mm,6mm,41.58mm,10.5mm,31.5mm,3mm,41.13mm,1mm
417,4V,27mm,6mm,41.58mm,11mm,31.5mm,3mm,41.13mm,1mm
418,4V,27mm,6mm,41.58mm,10mm,31.5mm,3mm,41.13mm,1.5mm
419,4V,27mm,6mm,41.58mm,10.5mm,31.5mm,3mm,41.13mm,1.5mm
420,4V,27mm,6mm,41.58mm,11mm,31.5mm,3mm,41.13mm,1.5mm
421,4V,27mm,6mm,41.58mm,10mm,31.5mm,3mm,41.13mm,2mm
422,4V,27mm,6mm,41.58mm,10.5mm,31.5mm,3mm,41.13mm,2mm
423,4V,27mm,6mm,41.58mm,11mm,31.5mm,3mm,41.13mm,2mm
424,5V,27mm,6mm,41.58mm,10mm,31.5mm,3mm,41.13mm,1mm
425,5V,27mm,6mm,41.58mm,10.5mm,31.5mm,3mm,41.13mm,1mm
426,5V,27mm,6mm,41.58mm,11mm,31.5mm,3mm,41.13mm,1mm
427,5V,27mm,6mm,41.58mm,10mm,31.5mm,3mm,41.13mm,1.5mm
428,5V,27mm,6mm,41.58mm,10.5mm,31.5mm,3mm,41.13mm,1.5mm
429,5V,27mm,6mm,41.58mm,11mm,31.5mm,3mm,41.13mm,1.5mm
430,5V,27mm,6mm,41.58mm,10mm,31.5mm,3mm,41.13mm,2mm
431,5V,27mm,6mm,41.58mm,10.5mm,31.5mm,3mm,41.13mm,2mm
432,5V,27mm,6mm,41.58mm,11mm,31.5mm,3mm,41.13mm,2mm
973,0V,27.5mm,6mm,41.58mm,10mm,31.5mm,3mm,41.13mm,1mm
974,0V,27.5mm,6mm,41.58mm,10.5mm,31.5mm,3mm,41.13mm,1mm
975,0V,27.5mm,6mm,41.58mm,11mm,31.5mm,3mm,41.13mm,1mm
976,0V,27.5mm,6mm,41.58mm,10mm,31.5mm,3mm,41.13mm,1.5mm
977,0V,27.5mm,6mm,41.58mm,10.5mm,31.5mm,3mm,41.13mm,1.5mm
978,0V,27.5mm,6mm,41.58mm,11mm,31.5mm,3mm,41.13mm,1.5mm
979,0V,27.5mm,6mm,41.58mm,10mm,31.5mm,3mm,41.13mm,2mm
980,0V,27.5mm,6mm,41.58mm,10.5mm,31.5mm,3mm,41.13mm,2mm
981,0V,27.5mm,6mm,41.58mm,11mm,31.5mm,3mm,41.13mm,2mm
982,1V,27.5mm,6mm,41.58mm,10mm,31.5mm,3mm,41.13mm,1mm
983,1V,27.5mm,6mm,41.58mm,10.5mm,31.5mm,3mm,41.13mm,1mm
984,1V,27.5mm,6mm,41.58mm,11mm,31.5mm,3mm,41.13mm,1mm
985,1V,27.5mm,6mm,41.58mm,10mm,31.5mm,3mm,41.13mm,1.5mm
986,1V,27.5mm,6mm,41.58mm,10.5mm,31.5mm,3mm,41.13mm,1.5mm
987,1V,27.5mm,6mm,41.58mm,11mm,31.5mm,3mm,41.13mm,1.5mm
988,1V,27.5mm,6mm,41.58mm,10mm,31.5mm,3mm,41.13mm,2mm
989,1V,27.5mm,6mm,41.58mm,10.5mm,31.5mm,3mm,41.13mm,2mm
990,1V,27.5mm,6mm,41.58mm,11mm,31.5mm,3mm,41.13mm,2mm
991,2V,27.5mm,6mm,41.58mm,10mm,31.5mm,3mm,41.13mm,1mm
992,2V,27.5mm,6mm,41.58mm,10.5mm,31.5mm,3mm,41.13mm,1mm
993,2V,27.5mm,6mm,41.58mm,11mm,31.5mm,3mm,41.13mm,1mm
994,2V,27.5mm,6mm,41.58mm,10mm,31.5mm,3mm,41.13mm,1.5mm
995,2V,27.5mm,6mm,41.58mm,10.5mm,31.5mm,3mm,41.13mm,1.5mm
996,2V,27.5mm,6mm,41.58mm,11mm,31.5mm,3mm,41.13mm,1.5mm
997,2V,27.5mm,6mm,41.58mm,10mm,31.5mm,3mm,41.13mm,2mm
998,2V,27.5mm,6mm,41.58mm,10.5mm,31.5mm,3mm,41.13mm,2mm
999,2V,27.5mm,6mm,41.58mm,11mm,31.5mm,3mm,41.13mm,2mm
1000,3V,27.5mm,6mm,41.58mm,10mm,31.5mm,3mm,41.13mm,1mm
1001,3V,27.5mm,6mm,41.58mm,10.5mm,31.5mm,3mm,41.13mm,1mm
1002,3V,27.5mm,6mm,41.58mm,11mm,31.5mm,3mm,41.13mm,1mm
1003,3V,27.5mm,6mm,41.58mm,10mm,31.5mm,3mm,41.13mm,1.5mm
1004,3V,27.5mm,6mm,41.58mm,10.5mm,31.5mm,3mm,41.13mm,1.5mm
1005,3V,27.5mm,6mm,41.58mm,11mm,31.5mm,3mm,41.13mm,1.5mm
1006,3V,27.5mm,6mm,41.58mm,10mm,31.5mm,3mm,41.13mm,2mm
1007,3V,27.5mm,6mm,41.58mm,10.5mm,31.5mm,3mm,41.13mm,2mm
1008,3V,27.5mm,6mm,41.58mm,11mm,31.5mm,3mm,41.13mm,2mm
1009,4V,27.5mm,6mm,41.58mm,10mm,31.5mm,3mm,41.13mm,1mm
1010,4V,27.5mm,6mm,41.58mm,10.5mm,31.5mm,3mm,41.13mm,1mm
1011,4V,27.5mm,6mm,41.58mm,11mm,31.5mm,3mm,41.13mm,1mm
1012,4V,27.5mm,6mm,41.58mm,10mm,31.5mm,3mm,41.13mm,1.5mm
1013,4V,27.5mm,6mm,41.58mm,10.5mm,31.5mm,3mm,41.13mm,1.5mm
1014,4V,27.5mm,6mm,41.58mm,11mm,31.5mm,3mm,41.13mm,1.5mm
1015,4V,27.5mm,6mm,41.58mm,10mm,31.5mm,3mm,41.13mm,2mm
1016,4V,27.5mm,6mm,41.58mm,10.5mm,31.5mm,3mm,41.13mm,2mm
1017,4V,27.5mm,6mm,41.58mm,11mm,31.5mm,3mm,41.13mm,2mm
1018,5V,27.5mm,6mm,41.58mm,10mm,31.5mm,3mm,41.13mm,1mm
1019,5V,27.5mm,6mm,41.58mm,10.5mm,31.5mm,3mm,41.13mm,1mm
1020,5V,27.5mm,6mm,41.58mm,11mm,31.5mm,3mm,41.13mm,1mm
1021,5V,27.5mm,6mm,41.58mm,10mm,31.5mm,3mm,41.13mm,1.5mm
1022,5V,27.5mm,6mm,41.58mm,10.5mm,31.5mm,3mm,41.13mm,1.5mm
1023,5V,27.5mm,6mm,41.58mm,11mm,31.5mm,3mm,41.13mm,1.5mm
1024,5V,27.5mm,6mm,41.58mm,10mm,31.5mm,3mm,41.13mm,2mm
1025,5V,27.5mm,6mm,41.58mm,10.5mm,31.5mm,3mm,41.13mm,2mm
1026,5V,27.5mm,6mm,41.58mm,11mm,31.5mm,3mm,41.13mm,2mm
1567,0V,28mm,6mm,41.58mm,10mm,31.5mm,3mm,41.13mm,1mm
1568,0V,28mm,6mm,41.58mm,10.5mm,31.5mm,3mm,41.13mm,1mm
1569,0V,28mm,6mm,41.58mm,11mm,31.5mm,3mm,41.13mm,1mm
1570,0V,28mm,6mm,41.58mm,10mm,31.5mm,3mm,41.13mm,1.5mm
1571,0V,28mm,6mm,41.58mm,10.5mm,31.5mm,3mm,41.13mm,1.5mm
1572,0V,28mm,6mm,41.58mm,11mm,31.5mm,3mm,41.13mm,1.5mm
1573,0V,28mm,6mm,41.58mm,10mm,31.5mm,3mm,41.13mm,2mm
1574,0V,28mm,6mm,41.58mm,10.5mm,31.5mm,3mm,41.13mm,2mm
1575,0V,28mm,6mm,41.58mm,11mm,31.5mm,3mm,41.13mm,2mm
1576,1V,28mm,6mm,41.58mm,10mm,31.5mm,3mm,41.13mm,1mm
1577,1V,28mm,6mm,41.58mm,10.5mm,31.5mm,3mm,41.13mm,1mm
1578,1V,28mm,6mm,41.58mm,11mm,31.5mm,3mm,41.13mm,1mm
1579,1V,28mm,6mm,41.58mm,10mm,31.5mm,3mm,41.13mm,1.5mm
1580,1V,28mm,6mm,41.58mm,10.5mm,31.5mm,3mm,41.13mm,1.5mm
1581,1V,28mm,6mm,41.58mm,11mm,31.5mm,3mm,41.13mm,1.5mm
1582,1V,28mm,6mm,41.58mm,10mm,31.5mm,3mm,41.13mm,2mm
1583,1V,28mm,6mm,41.58mm,10.5mm,31.5mm,3mm,41.13mm,2mm
1584,1V,28mm,6mm,41.58mm,11mm,31.5mm,3mm,41.13mm,2mm
1585,2V,28mm,6mm,41.58mm,10mm,31.5mm,3mm,41.13mm,1mm
1586,2V,28mm,6mm,41.58mm,10.5mm,31.5mm,3mm,41.13mm,1mm
1587,2V,28mm,6mm,41.58mm,11mm,31.5mm,3mm,41.13mm,1mm
1588,2V,28mm,6mm,41.58mm,10mm,31.5mm,3mm,41.13mm,1.5mm
1589,2V,28mm,6mm,41.58mm,10.5mm,31.5mm,3mm,41.13mm,1.5mm
1590,2V,28mm,6mm,41.58mm,11mm,31.5mm,3mm,41.13mm,1.5mm
1591,2V,28mm,6mm,41.58mm,10mm,31.5mm,3mm,41.13mm,2mm
1592,2V,28mm,6mm,41.58mm,10.5mm,31.5mm,3mm,41.13mm,2mm
1593,2V,28mm,6mm,41.58mm,11mm,31.5mm,3mm,41.13mm,2mm
1594,3V,28mm,6mm,41.58mm,10mm,31.5mm,3mm,41.13mm,1mm
1595,3V,28mm,6mm,41.58mm,10.5mm,31.5mm,3mm,41.13mm,1mm
1596,3V,28mm,6mm,41.58mm,11mm,31.5mm,3mm,41.13mm,1mm
1597,3V,28mm,6mm,41.58mm,10mm,31.5mm,3mm,41.13mm,1.5mm
1598,3V,28mm,6mm,41.58mm,10.5mm,31.5mm,3mm,41.13mm,1.5mm
1599,3V,28mm,6mm,41.58mm,11mm,31.5mm,3mm,41.13mm,1.5mm
1600,3V,28mm,6mm,41.58mm,10mm,31.5mm,3mm,41.13mm,2mm
1601,3V,28mm,6mm,41.58mm,10.5mm,31.5mm,3mm,41.13mm,2mm
1602,3V,28mm,6mm,41.58mm,11mm,31.5mm,3mm,41.13mm,2mm
1603,4V,28mm,6mm,41.58mm,10mm,31.5mm,3mm,41.13mm,1mm
1604,4V,28mm,6mm,41.58mm,10.5mm,31.5mm,3mm,41.13mm,1mm
1605,4V,28mm,6mm,41.58mm,11mm,31.5mm,3mm,41.13mm,1mm
1606,4V,28mm,6mm,41.58mm,10mm,31.5mm,3mm,41.13mm,1.5mm
1607,4V,28mm,6mm,41.58mm,10.5mm,31.5mm,3mm,41.13mm,1.5mm
1608,4V,28mm,6mm,41.58mm,11mm,31.5mm,3mm,41.13mm,1.5mm
1609,4V,28mm,6mm,41.58mm,10mm,31.5mm,3mm,41.13mm,2mm
1610,4V,28mm,6mm,41.58mm,10.5mm,31.5mm,3mm,41.13mm,2mm
1611,4V,28mm,6mm,41.58mm,11mm,31.5mm,3mm,41.13mm,2mm
1612,5V,28mm,6mm,41.58mm,10mm,31.5mm,3mm,41.13mm,1mm
1613,5V,28mm,6mm,41.58mm,10.5mm,31.5mm,3mm,41.13mm,1mm
1614,5V,28mm,6mm,41.58mm,11mm,31.5mm,3mm,41.13mm,1mm
1615,5V,28mm,6mm,41.58mm,10mm,31.5mm,3mm,41.13mm,1.5mm
1616,5V,28mm,6mm,41.58mm,10.5mm,31.5mm,3mm,41.13mm,1.5mm
1617,5V,28mm,6mm,41.58mm,11mm,31.5mm,3mm,41.13mm,1.5mm
1618,5V,28mm,6mm,41.58mm,10mm,31.5mm,3mm,41.13mm,2mm
1619,5V,28mm,6mm,41.58mm,10.5mm,31.5mm,3mm,41.13mm,2mm
1620,5V,28mm,6mm,41.58mm,11mm,31.5mm,3mm,41.13mm,2mm
2161,0V,28.5mm,6mm,41.58mm,10mm,31.5mm,3mm,41.13mm,1mm
2162,0V,28.5mm,6mm,41.58mm,10.5mm,31.5mm,3mm,41.13mm,1mm
2163,0V,28.5mm,6mm,41.58mm,11mm,31.5mm,3mm,41.13mm,1mm
2164,0V,28.5mm,6mm,41.58mm,10mm,31.5mm,3mm,41.13mm,1.5mm
2165,0V,28.5mm,6mm,41.58mm,10.5mm,31.5mm,3mm,41.13mm,1.5mm
2166,0V,28.5mm,6mm,41.58mm,11mm,31.5mm,3mm,41.13mm,1.5mm
2167,0V,28.5mm,6mm,41.58mm,10mm,31.5mm,3mm,41.13mm,2mm
2168,0V,28.5mm,6mm,41.58mm,10.5mm,31.5mm,3mm,41.13mm,2mm
2169,0V,28.5mm,6mm,41.58mm,11mm,31.5mm,3mm,41.13mm,2mm
2170,1V,28.5mm,6mm,41.58mm,10mm,31.5mm,3mm,41.13mm,1mm
2171,1V,28.5mm,6mm,41.58mm,10.5mm,31.5mm,3mm,41.13mm,1mm
2172,1V,28.5mm,6mm,41.58mm,11mm,31.5mm,3mm,41.13mm,1mm
2173,1V,28.5mm,6mm,41.58mm,10mm,31.5mm,3mm,41.13mm,1.5mm
2174,1V,28.5mm,6mm,41.58mm,10.5mm,31.5mm,3mm,41.13mm,1.5mm
2175,1V,28.5mm,6mm,41.58mm,11mm,31.5mm,3mm,41.13mm,1.5mm
2176,1V,28.5mm,6mm,41.58mm,10mm,31.5mm,3mm,41.13mm,2mm
2177,1V,28.5mm,6mm,41.58mm,10.5mm,31.5mm,3mm,41.13mm,2mm
2178,1V,28.5mm,6mm,41.58mm,11mm,31.5mm,3mm,41.13mm,2mm
2179,2V,28.5mm,6mm,41.58mm,10mm,31.5mm,3mm,41.13mm,1mm
2180,2V,28.5mm,6mm,41.58mm,10.5mm,31.5mm,3mm,41.13mm,1mm
2181,2V,28.5mm,6mm,41.58mm,11mm,31.5mm,3mm,41.13mm,1mm
2182,2V,28.5mm,6mm,41.58mm,10mm,31.5mm,3mm,41.13mm,1.5mm
2183,2V,28.5mm,6mm,41.58mm,10.5mm,31.5mm,3mm,41.13mm,1.5mm
2184,2V,28.5mm,6mm,41.58mm,11mm,31.5mm,3mm,41.13mm,1.5mm
2185,2V,28.5mm,6mm,41.58mm,10mm,31.5mm,3mm,41.13mm,2mm
2186,2V,28.5mm,6mm,41.58mm,10.5mm,31.5mm,3mm,41.13mm,2mm
2187,2V,28.5mm,6mm,41.58mm,11mm,31.5mm,3mm,41.13mm,2mm
2188,3V,28.5mm,6mm,41.58mm,10mm,31.5mm,3mm,41.13mm,1mm
2189,3V,28.5mm,6mm,41.58mm,10.5mm,31.5mm,3mm,41.13mm,1mm
2190,3V,28.5mm,6mm,41.58mm,11mm,31.5mm,3mm,41.13mm,1mm
2191,3V,28.5mm,6mm,41.58mm,10mm,31.5mm,3mm,41.13mm,1.5mm
2192,3V,28.5mm,6mm,41.58mm,10.5mm,31.5mm,3mm,41.13mm,1.5mm
2193,3V,28.5mm,6mm,41.58mm,11mm,31.5mm,3mm,41.13mm,1.5mm
2194,3V,28.5mm,6mm,41.58mm,10mm,31.5mm,3mm,41.13mm,2mm
2195,3V,28.5mm,6mm,41.58mm,10.5mm,31.5mm,3mm,41.13mm,2mm
2196,3V,28.5mm,6mm,41.58mm,11mm,31.5mm,3mm,41.13mm,2mm
2197,4V,28.5mm,6mm,41.58mm,10mm,31.5mm,3mm,41.13mm,1mm
2198,4V,28.5mm,6mm,41.58mm,10.5mm,31.5mm,3mm,41.13mm,1mm
2199,4V,28.5mm,6mm,41.58mm,11mm,31.5mm,3mm,41.13mm,1mm
2200,4V,28.5mm,6mm,41.58mm,10mm,31.5mm,3mm,41.13mm,1.5mm
2201,4V,28.5mm,6mm,41.58mm,10.5mm,31.5mm,3mm,41.13mm,1.5mm
2202,4V,28.5mm,6mm,41.58mm,11mm,31.5mm,3mm,41.13mm,1.5mm
2203,4V,28.5mm,6mm,41.58mm,10mm,31.5mm,3mm,41.13mm,2mm
2204,4V,28.5mm,6mm,41.58mm,10.5mm,31.5mm,3mm,41.13mm,2mm
2205,4V,28.5mm,6mm,41.58mm,11mm,31.5mm,3mm,41.13mm,2mm
2206,5V,28.5mm,6mm,41.58mm,10mm,31.5mm,3mm,41.13mm,1mm
2207,5V,28.5mm,6mm,41.58mm,10.5mm,31.5mm,3mm,41.13mm,1mm
2208,5V,28.5mm,6mm,41.58mm,11mm,31.5mm,3mm,41.13mm,1mm
2209,5V,28.5mm,6mm,41.58mm,10mm,31.5mm,3mm,41.13mm,1.5mm
2210,5V,28.5mm,6mm,41.58mm,10.5mm,31.5mm,3mm,41.13mm,1.5mm
2211,5V,28.5mm,6mm,41.58mm,11mm,31.5mm,3mm,41.13mm,1.5mm
2212,5V,28.5mm,6mm,41.58mm,10mm,31.5mm,3mm,41.13mm,2mm
2213,5V,28.5mm,6mm,41.58mm,10.5mm,31.5mm,3mm,41.13mm,2mm
2214,5V,28.5mm,6mm,41.58mm,11mm,31.5mm,3mm,41.13mm,2mm
2755,0V,29mm,6mm,41.58mm,10mm,31.5mm,3mm,41.13mm,1mm
2756,0V,29mm,6mm,41.58mm,10.5mm,31.5mm,3mm,41.13mm,1mm
2757,0V,29mm,6mm,41.58mm,11mm,31.5mm,3mm,41.13mm,1mm
2758,0V,29mm,6mm,41.58mm,10mm,31.5mm,3mm,41.13mm,1.5mm
2759,0V,29mm,6mm,41.58mm,10.5mm,31.5mm,3mm,41.13mm,1.5mm
2760,0V,29mm,6mm,41.58mm,11mm,31.5mm,3mm,41.13mm,1.5mm
2761,0V,29mm,6mm,41.58mm,10mm,31.5mm,3mm,41.13mm,2mm
2762,0V,29mm,6mm,41.58mm,10.5mm,31.5mm,3mm,41.13mm,2mm
2763,0V,29mm,6mm,41.58mm,11mm,31.5mm,3mm,41.13mm,2mm
2764,1V,29mm,6mm,41.58mm,10mm,31.5mm,3mm,41.13mm,1mm
2765,1V,29mm,6mm,41.58mm,10.5mm,31.5mm,3mm,41.13mm,1mm
2766,1V,29mm,6mm,41.58mm,11mm,31.5mm,3mm,41.13mm,1mm
2767,1V,29mm,6mm,41.58mm,10mm,31.5mm,3mm,41.13mm,1.5mm
2768,1V,29mm,6mm,41.58mm,10.5mm,31.5mm,3mm,41.13mm,1.5mm
2769,1V,29mm,6mm,41.58mm,11mm,31.5mm,3mm,41.13mm,1.5mm
2770,1V,29mm,6mm,41.58mm,10mm,31.5mm,3mm,41.13mm,2mm
2771,1V,29mm,6mm,41.58mm,10.5mm,31.5mm,3mm,41.13mm,2mm
2772,1V,29mm,6mm,41.58mm,11mm,31.5mm,3mm,41.13mm,2mm
2773,2V,29mm,6mm,41.58mm,10mm,31.5mm,3mm,41.13mm,1mm
2774,2V,29mm,6mm,41.58mm,10.5mm,31.5mm,3mm,41.13mm,1mm
2775,2V,29mm,6mm,41.58mm,11mm,31.5mm,3mm,41.13mm,1mm
2776,2V,29mm,6mm,41.58mm,10mm,31.5mm,3mm,41.13mm,1.5mm
2777,2V,29mm,6mm,41.58mm,10.5mm,31.5mm,3mm,41.13mm,1.5mm
2778,2V,29mm,6mm,41.58mm,11mm,31.5mm,3mm,41.13mm,1.5mm
2779,2V,29mm,6mm,41.58mm,10mm,31.5mm,3mm,41.13mm,2mm
2780,2V,29mm,6mm,41.58mm,10.5mm,31.5mm,3mm,41.13mm,2mm
2781,2V,29mm,6mm,41.58mm,11mm,31.5mm,3mm,41.13mm,2mm
2782,3V,29mm,6mm,41.58mm,10mm,31.5mm,3mm,41.13mm,1mm
2783,3V,29mm,6mm,41.58mm,10.5mm,31.5mm,3mm,41.13mm,1mm
2784,3V,29mm,6mm,41.58mm,11mm,31.5mm,3mm,41.13mm,1mm
2785,3V,29mm,6mm,41.58mm,10mm,31.5mm,3mm,41.13mm,1.5mm
2786,3V,29mm,6mm,41.58mm,10.5mm,31.5mm,3mm,41.13mm,1.5mm
2787,3V,29mm,6mm,41.58mm,11mm,31.5mm,3mm,41.13mm,1.5mm
2788,3V,29mm,6mm,41.58mm,10mm,31.5mm,3mm,41.13mm,2mm
2789,3V,29mm,6mm,41.58mm,10.5mm,31.5mm,3mm,41.13mm,2mm
2790,3V,29mm,6mm,41.58mm,11mm,31.5mm,3mm,41.13mm,2mm
2791,4V,29mm,6mm,41.58mm,10mm,31.5mm,3mm,41.13mm,1mm
2792,4V,29mm,6mm,41.58mm,10.5mm,31.5mm,3mm,41.13mm,1mm
2793,4V,29mm,6mm,41.58mm,11mm,31.5mm,3mm,41.13mm,1mm
2794,4V,29mm,6mm,41.58mm,10mm,31.5mm,3mm,41.13mm,1.5mm
2795,4V,29mm,6mm,41.58mm,10.5mm,31.5mm,3mm,41.13mm,1.5mm
2796,4V,29mm,6mm,41.58mm,11mm,31.5mm,3mm,41.13mm,1.5mm
2797,4V,29mm,6mm,41.58mm,10mm,31.5mm,3mm,41.13mm,2mm
2798,4V,29mm,6mm,41.58mm,10.5mm,31.5mm,3mm,41.13mm,2mm
2799,4V,29mm,6mm,41.58mm,11mm,31.5mm,3mm,41.13mm,2mm
2800,5V,29mm,6mm,41.58mm,10mm,31.5mm,3mm,41.13mm,1mm
2801,5V,29mm,6mm,41.58mm,10.5mm,31.5mm,3mm,41.13mm,1mm
2802,5V,29mm,6mm,41.58mm,11mm,31.5mm,3mm,41.13mm,1mm
2803,5V,29mm,6mm,41.58mm,10mm,31.5mm,3mm,41.13mm,1.5mm
2804,5V,29mm,6mm,41.58mm,10.5mm,31.5mm,3mm,41.13mm,1.5mm
2805,5V,29mm,6mm,41.58mm,11mm,31.5mm,3mm,41.13mm,1.5mm
2806,5V,29mm,6mm,41.58mm,10mm,31.5mm,3mm,41.13mm,2mm
2807,5V,29mm,6mm,41.58mm,10.5mm,31.5mm,3mm,41.13mm,2mm
2808,5V,29mm,6mm,41.58mm,11mm,31.5mm,3mm,41.13mm,2mm
3349,0V,29.5mm,6mm,41.58mm,10mm,31.5mm,3mm,41.13mm,1mm
3350,0V,29.5mm,6mm,41.58mm,10.5mm,31.5mm,3mm,41.13mm,1mm
3351,0V,29.5mm,6mm,41.58mm,11mm,31.5mm,3mm,41.13mm,1mm
3352,0V,29.5mm,6mm,41.58mm,10mm,31.5mm,3mm,41.13mm,1.5mm
3353,0V,29.5mm,6mm,41.58mm,10.5mm,31.5mm,3mm,41.13mm,1.5mm
3354,0V,29.5mm,6mm,41.58mm,11mm,31.5mm,3mm,41.13mm,1.5mm
3355,0V,29.5mm,6mm,41.58mm,10mm,31.5mm,3mm,41.13mm,2mm
3356,0V,29.5mm,6mm,41.58mm,10.5mm,31.5mm,3mm,41.13mm,2mm
3357,0V,29.5mm,6mm,41.58mm,11mm,31.5mm,3mm,41.13mm,2mm
3358,1V,29.5mm,6mm,41.58mm,10mm,31.5mm,3mm,41.13mm,1mm
3359,1V,29.5mm,6mm,41.58mm,10.5mm,31.5mm,3mm,41.13mm,1mm
3360,1V,29.5mm,6mm,41.58mm,11mm,31.5mm,3mm,41.13mm,1mm
3361,1V,29.5mm,6mm,41.58mm,10mm,31.5mm,3mm,41.13mm,1.5mm
3362,1V,29.5mm,6mm,41.58mm,10.5mm,31.5mm,3mm,41.13mm,1.5mm
3363,1V,29.5mm,6mm,41.58mm,11mm,31.5mm,3mm,41.13mm,1.5mm
3364,1V,29.5mm,6mm,41.58mm,10mm,31.5mm,3mm,41.13mm,2mm
3365,1V,29.5mm,6mm,41.58mm,10.5mm,31.5mm,3mm,41.13mm,2mm
3366,1V,29.5mm,6mm,41.58mm,11mm,31.5mm,3mm,41.13mm,2mm
3367,2V,29.5mm,6mm,41.58mm,10mm,31.5mm,3mm,41.13mm,1mm
3368,2V,29.5mm,6mm,41.58mm,10.5mm,31.5mm,3mm,41.13mm,1mm
3369,2V,29.5mm,6mm,41.58mm,11mm,31.5mm,3mm,41.13mm,1mm
3370,2V,29.5mm,6mm,41.58mm,10mm,31.5mm,3mm,41.13mm,1.5mm
3371,2V,29.5mm,6mm,41.58mm,10.5mm,31.5mm,3mm,41.13mm,1.5mm
3372,2V,29.5mm,6mm,41.58mm,11mm,31.5mm,3mm,41.13mm,1.5mm
3373,2V,29.5mm,6mm,41.58mm,10mm,31.5mm,3mm,41.13mm,2mm
3374,2V,29.5mm,6mm,41.58mm,10.5mm,31.5mm,3mm,41.13mm,2mm
3375,2V,29.5mm,6mm,41.58mm,11mm,31.5mm,3mm,41.13mm,2mm
3376,3V,29.5mm,6mm,41.58mm,10mm,31.5mm,3mm,41.13mm,1mm
3377,3V,29.5mm,6mm,41.58mm,10.5mm,31.5mm,3mm,41.13mm,1mm
3378,3V,29.5mm,6mm,41.58mm,11mm,31.5mm,3mm,41.13mm,1mm
3379,3V,29.5mm,6mm,41.58mm,10mm,31.5mm,3mm,41.13mm,1.5mm
3380,3V,29.5mm,6mm,41.58mm,10.5mm,31.5mm,3mm,41.13mm,1.5mm
3381,3V,29.5mm,6mm,41.58mm,11mm,31.5mm,3mm,41.13mm,1.5mm
3382,3V,29.5mm,6mm,41.58mm,10mm,31.5mm,3mm,41.13mm,2mm
3383,3V,29.5mm,6mm,41.58mm,10.5mm,31.5mm,3mm,41.13mm,2mm
3384,3V,29.5mm,6mm,41.58mm,11mm,31.5mm,3mm,41.13mm,2mm
3385,4V,29.5mm,6mm,41.58mm,10mm,31.5mm,3mm,41.13mm,1mm
3386,4V,29.5mm,6mm,41.58mm,10.5mm,31.5mm,3mm,41.13mm,1mm
3387,4V,29.5mm,6mm,41.58mm,11mm,31.5mm,3mm,41.13mm,1mm
3388,4V,29.5mm,6mm,41.58mm,10mm,31.5mm,3mm,41.13mm,1.5mm
3389,4V,29.5mm,6mm,41.58mm,10.5mm,31.5mm,3mm,41.13mm,1.5mm
3390,4V,29.5mm,6mm,41.58mm,11mm,31.5mm,3mm,41.13mm,1.5mm
3391,4V,29.5mm,6mm,41.58mm,10mm,31.5mm,3mm,41.13mm,2mm
3392,4V,29.5mm,6mm,41.58mm,10.5mm,31.5mm,3mm,41.13mm,2mm
3393,4V,29.5mm,6mm,41.58mm,11mm,31.5mm,3mm,41.13mm,2mm
3394,5V,29.5mm,6mm,41.58mm,10mm,31.5mm,3mm,41.13mm,1mm
3395,5V,29.5mm,6mm,41.58mm,10.5mm,31.5mm,3mm,41.13mm,1mm
3396,5V,29.5mm,6mm,41.58mm,11mm,31.5mm,3mm,41.13mm,1mm
3397,5V,29.5mm,6mm,41.58mm,10mm,31.5mm,3mm,41.13mm,1.5mm
3398,5V,29.5mm,6mm,41.58mm,10.5mm,31.5mm,3mm,41.13mm,1.5mm
3399,5V,29.5mm,6mm,41.58mm,11mm,31.5mm,3mm,41.13mm,1.5mm
3400,5V,29.5mm,6mm,41.58mm,10mm,31.5mm,3mm,41.13mm,2mm
3401,5V,29.5mm,6mm,41.58mm,10.5mm,31.5mm,3mm,41.13mm,2mm
3402,5V,29.5mm,6mm,41.58mm,11mm,31.5mm,3mm,41.13mm,2mm
3943,0V,30mm,6mm,41.58mm,10mm,31.5mm,3mm,41.13mm,1mm
3944,0V,30mm,6mm,41.58mm,10.5mm,31.5mm,3mm,41.13mm,1mm
3945,0V,30mm,6mm,41.58mm,11mm,31.5mm,3mm,41.13mm,1mm
3946,0V,30mm,6mm,41.58mm,10mm,31.5mm,3mm,41.13mm,1.5mm
3947,0V,30mm,6mm,41.58mm,10.5mm,31.5mm,3mm,41.13mm,1.5mm
3948,0V,30mm,6mm,41.58mm,11mm,31.5mm,3mm,41.13mm,1.5mm
3949,0V,30mm,6mm,41.58mm,10mm,31.5mm,3mm,41.13mm,2mm
3950,0V,30mm,6mm,41.58mm,10.5mm,31.5mm,3mm,41.13mm,2mm
3951,0V,30mm,6mm,41.58mm,11mm,31.5mm,3mm,41.13mm,2mm
3952,1V,30mm,6mm,41.58mm,10mm,31.5mm,3mm,41.13mm,1mm
3953,1V,30mm,6mm,41.58mm,10.5mm,31.5mm,3mm,41.13mm,1mm
3954,1V,30mm,6mm,41.58mm,11mm,31.5mm,3mm,41.13mm,1mm
3955,1V,30mm,6mm,41.58mm,10mm,31.5mm,3mm,41.13mm,1.5mm
3956,1V,30mm,6mm,41.58mm,10.5mm,31.5mm,3mm,41.13mm,1.5mm
3957,1V,30mm,6mm,41.58mm,11mm,31.5mm,3mm,41.13mm,1.5mm
3958,1V,30mm,6mm,41.58mm,10mm,31.5mm,3mm,41.13mm,2mm
3959,1V,30mm,6mm,41.58mm,10.5mm,31.5mm,3mm,41.13mm,2mm
3960,1V,30mm,6mm,41.58mm,11mm,31.5mm,3mm,41.13mm,2mm
3961,2V,30mm,6mm,41.58mm,10mm,31.5mm,3mm,41.13mm,1mm
3962,2V,30mm,6mm,41.58mm,10.5mm,31.5mm,3mm,41.13mm,1mm
3963,2V,30mm,6mm,41.58mm,11mm,31.5mm,3mm,41.13mm,1mm
3964,2V,30mm,6mm,41.58mm,10mm,31.5mm,3mm,41.13mm,1.5mm
3965,2V,30mm,6mm,41.58mm,10.5mm,31.5mm,3mm,41.13mm,1.5mm
3966,2V,30mm,6mm,41.58mm,11mm,31.5mm,3mm,41.13mm,1.5mm
3967,2V,30mm,6mm,41.58mm,10mm,31.5mm,3mm,41.13mm,2mm
3968,2V,30mm,6mm,41.58mm,10.5mm,31.5mm,3mm,41.13mm,2mm
3969,2V,30mm,6mm,41.58mm,11mm,31.5mm,3mm,41.13mm,2mm
3970,3V,30mm,6mm,41.58mm,10mm,31.5mm,3mm,41.13mm,1mm
3971,3V,30mm,6mm,41.58mm,10.5mm,31.5mm,3mm,41.13mm,1mm
3972,3V,30mm,6mm,41.58mm,11mm,31.5mm,3mm,41.13mm,1mm
3973,3V,30mm,6mm,41.58mm,10mm,31.5mm,3mm,41.13mm,1.5mm
3974,3V,30mm,6mm,41.58mm,10.5mm,31.5mm,3mm,41.13mm,1.5mm
3975,3V,30mm,6mm,41.58mm,11mm,31.5mm,3mm,41.13mm,1.5mm
3976,3V,30mm,6mm,41.58mm,10mm,31.5mm,3mm,41.13mm,2mm
3977,3V,30mm,6mm,41.58mm,10.5mm,31.5mm,3mm,41.13mm,2mm
3978,3V,30mm,6mm,41.58mm,11mm,31.5mm,3mm,41.13mm,2mm
3979,4V,30mm,6mm,41.58mm,10mm,31.5mm,3mm,41.13mm,1mm
3980,4V,30mm,6mm,41.58mm,10.5mm,31.5mm,3mm,41.13mm,1mm
3981,4V,30mm,6mm,41.58mm,11mm,31.5mm,3mm,41.13mm,1mm
3982,4V,30mm,6mm,41.58mm,10mm,31.5mm,3mm,41.13mm,1.5mm
3983,4V,30mm,6mm,41.58mm,10.5mm,31.5mm,3mm,41.13mm,1.5mm
3984,4V,30mm,6mm,41.58mm,11mm,31.5mm,3mm,41.13mm,1.5mm
3985,4V,30mm,6mm,41.58mm,10mm,31.5mm,3mm,41.13mm,2mm
3986,4V,30mm,6mm,41.58mm,10.5mm,31.5mm,3mm,41.13mm,2mm
3987,4V,30mm,6mm,41.58mm,11mm,31.5mm,3mm,41.13mm,2mm
3988,5V,30mm,6mm,41.58mm,10mm,31.5mm,3mm,41.13mm,1mm
3989,5V,30mm,6mm,41.58mm,10.5mm,31.5mm,3mm,41.13mm,1mm
3990,5V,30mm,6mm,41.58mm,11mm,31.5mm,3mm,41.13mm,1mm
3991,5V,30mm,6mm,41.58mm,10mm,31.5mm,3mm,41.13mm,1.5mm
3992,5V,30mm,6mm,41.58mm,10.5mm,31.5mm,3mm,41.13mm,1.5mm
3993,5V,30mm,6mm,41.58mm,11mm,31.5mm,3mm,41.13mm,1.5mm
3994,5V,30mm,6mm,41.58mm,10mm,31.5mm,3mm,41.13mm,2mm
3995,5V,30mm,6mm,41.58mm,10.5mm,31.5mm,3mm,41.13mm,2mm
3996,5V,30mm,6mm,41.58mm,11mm,31.5mm,3mm,41.13mm,2mm
4537,0V,30.5mm,6mm,41.58mm,10mm,31.5mm,3mm,41.13mm,1mm
4538,0V,30.5mm,6mm,41.58mm,10.5mm,31.5mm,3mm,41.13mm,1mm
4539,0V,30.5mm,6mm,41.58mm,11mm,31.5mm,3mm,41.13mm,1mm
4540,0V,30.5mm,6mm,41.58mm,10mm,31.5mm,3mm,41.13mm,1.5mm
4541,0V,30.5mm,6mm,41.58mm,10.5mm,31.5mm,3mm,41.13mm,1.5mm
4542,0V,30.5mm,6mm,41.58mm,11mm,31.5mm,3mm,41.13mm,1.5mm
4543,0V,30.5mm,6mm,41.58mm,10mm,31.5mm,3mm,41.13mm,2mm
4544,0V,30.5mm,6mm,41.58mm,10.5mm,31.5mm,3mm,41.13mm,2mm
4545,0V,30.5mm,6mm,41.58mm,11mm,31.5mm,3mm,41.13mm,2mm
4546,1V,30.5mm,6mm,41.58mm,10mm,31.5mm,3mm,41.13mm,1mm
4547,1V,30.5mm,6mm,41.58mm,10.5mm,31.5mm,3mm,41.13mm,1mm
4548,1V,30.5mm,6mm,41.58mm,11mm,31.5mm,3mm,41.13mm,1mm
4549,1V,30.5mm,6mm,41.58mm,10mm,31.5mm,3mm,41.13mm,1.5mm
4550,1V,30.5mm,6mm,41.58mm,10.5mm,31.5mm,3mm,41.13mm,1.5mm
4551,1V,30.5mm,6mm,41.58mm,11mm,31.5mm,3mm,41.13mm,1.5mm
4552,1V,30.5mm,6mm,41.58mm,10mm,31.5mm,3mm,41.13mm,2mm
4553,1V,30.5mm,6mm,41.58mm,10.5mm,31.5mm,3mm,41.13mm,2mm
4554,1V,30.5mm,6mm,41.58mm,11mm,31.5mm,3mm,41.13mm,2mm
4555,2V,30.5mm,6mm,41.58mm,10mm,31.5mm,3mm,41.13mm,1mm
4556,2V,30.5mm,6mm,41.58mm,10.5mm,31.5mm,3mm,41.13mm,1mm
4557,2V,30.5mm,6mm,41.58mm,11mm,31.5mm,3mm,41.13mm,1mm
4558,2V,30.5mm,6mm,41.58mm,10mm,31.5mm,3mm,41.13mm,1.5mm
4559,2V,30.5mm,6mm,41.58mm,10.5mm,31.5mm,3mm,41.13mm,1.5mm
4560,2V,30.5mm,6mm,41.58mm,11mm,31.5mm,3mm,41.13mm,1.5mm
4561,2V,30.5mm,6mm,41.58mm,10mm,31.5mm,3mm,41.13mm,2mm
4562,2V,30.5mm,6mm,41.58mm,10.5mm,31.5mm,3mm,41.13mm,2mm
4563,2V,30.5mm,6mm,41.58mm,11mm,31.5mm,3mm,41.13mm,2mm
4564,3V,30.5mm,6mm,41.58mm,10mm,31.5mm,3mm,41.13mm,1mm
4565,3V,30.5mm,6mm,41.58mm,10.5mm,31.5mm,3mm,41.13mm,1mm
4566,3V,30.5mm,6mm,41.58mm,11mm,31.5mm,3mm,41.13mm,1mm
4567,3V,30.5mm,6mm,41.58mm,10mm,31.5mm,3mm,41.13mm,1.5mm
4568,3V,30.5mm,6mm,41.58mm,10.5mm,31.5mm,3mm,41.13mm,1.5mm
4569,3V,30.5mm,6mm,41.58mm,11mm,31.5mm,3mm,41.13mm,1.5mm
4570,3V,30.5mm,6mm,41.58mm,10mm,31.5mm,3mm,41.13mm,2mm
4571,3V,30.5mm,6mm,41.58mm,10.5mm,31.5mm,3mm,41.13mm,2mm
4572,3V,30.5mm,6mm,41.58mm,11mm,31.5mm,3mm,41.13mm,2mm
4573,4V,30.5mm,6mm,41.58mm,10mm,31.5mm,3mm,41.13mm,1mm
4574,4V,30.5mm,6mm,41.58mm,10.5mm,31.5mm,3mm,41.13mm,1mm
4575,4V,30.5mm,6mm,41.58mm,11mm,31.5mm,3mm,41.13mm,1mm
4576,4V,30.5mm,6mm,41.58mm,10mm,31.5mm,3mm,41.13mm,1.5mm
4577,4V,30.5mm,6mm,41.58mm,10.5mm,31.5mm,3mm,41.13mm,1.5mm
4578,4V,30.5mm,6mm,41.58mm,11mm,31.5mm,3mm,41.13mm,1.5mm
4579,4V,30.5mm,6mm,41.58mm,10mm,31.5mm,3mm,41.13mm,2mm
4580,4V,30.5mm,6mm,41.58mm,10.5mm,31.5mm,3mm,41.13mm,2mm
4581,4V,30.5mm,6mm,41.58mm,11mm,31.5mm,3mm,41.13mm,2mm
4582,5V,30.5mm,6mm,41.58mm,10mm,31.5mm,3mm,41.13mm,1mm
4583,5V,30.5mm,6mm,41.58mm,10.5mm,31.5mm,3mm,41.13mm,1mm
4584,5V,30.5mm,6mm,41.58mm,11mm,31.5mm,3mm,41.13mm,1mm
4585,5V,30.5mm,6mm,41.58mm,10mm,31.5mm,3mm,41.13mm,1.5mm
4586,5V,30.5mm,6mm,41.58mm,10.5mm,31.5mm,3mm,41.13mm,1.5mm
4587,5V,30.5mm,6mm,41.58mm,11mm,31.5mm,3mm,41.13mm,1.5mm
4588,5V,30.5mm,6mm,41.58mm,10mm,31.5mm,3mm,41.13mm,2mm
4589,5V,30.5mm,6mm,41.58mm,10.5mm,31.5mm,3mm,41.13mm,2mm
4590,5V,30.5mm,6mm,41.58mm,11mm,31.5mm,3mm,41.13mm,2mm
5131,0V,31mm,6mm,41.58mm,10mm,31.5mm,3mm,41.13mm,1mm
5132,0V,31mm,6mm,41.58mm,10.5mm,31.5mm,3mm,41.13mm,1mm
5133,0V,31mm,6mm,41.58mm,11mm,31.5mm,3mm,41.13mm,1mm
5134,0V,31mm,6mm,41.58mm,10mm,31.5mm,3mm,41.13mm,1.5mm
5135,0V,31mm,6mm,41.58mm,10.5mm,31.5mm,3mm,41.13mm,1.5mm
5136,0V,31mm,6mm,41.58mm,11mm,31.5mm,3mm,41.13mm,1.5mm
5137,0V,31mm,6mm,41.58mm,10mm,31.5mm,3mm,41.13mm,2mm
5138,0V,31mm,6mm,41.58mm,10.5mm,31.5mm,3mm,41.13mm,2mm
5139,0V,31mm,6mm,41.58mm,11mm,31.5mm,3mm,41.13mm,2mm
5140,1V,31mm,6mm,41.58mm,10mm,31.5mm,3mm,41.13mm,1mm
5141,1V,31mm,6mm,41.58mm,10.5mm,31.5mm,3mm,41.13mm,1mm
5142,1V,31mm,6mm,41.58mm,11mm,31.5mm,3mm,41.13mm,1mm
5143,1V,31mm,6mm,41.58mm,10mm,31.5mm,3mm,41.13mm,1.5mm
5144,1V,31mm,6mm,41.58mm,10.5mm,31.5mm,3mm,41.13mm,1.5mm
5145,1V,31mm,6mm,41.58mm,11mm,31.5mm,3mm,41.13mm,1.5mm
5146,1V,31mm,6mm,41.58mm,10mm,31.5mm,3mm,41.13mm,2mm
5147,1V,31mm,6mm,41.58mm,10.5mm,31.5mm,3mm,41.13mm,2mm
5148,1V,31mm,6mm,41.58mm,11mm,31.5mm,3mm,41.13mm,2mm
5149,2V,31mm,6mm,41.58mm,10mm,31.5mm,3mm,41.13mm,1mm
5150,2V,31mm,6mm,41.58mm,10.5mm,31.5mm,3mm,41.13mm,1mm
5151,2V,31mm,6mm,41.58mm,11mm,31.5mm,3mm,41.13mm,1mm
5152,2V,31mm,6mm,41.58mm,10mm,31.5mm,3mm,41.13mm,1.5mm
5153,2V,31mm,6mm,41.58mm,10.5mm,31.5mm,3mm,41.13mm,1.5mm
5154,2V,31mm,6mm,41.58mm,11mm,31.5mm,3mm,41.13mm,1.5mm
5155,2V,31mm,6mm,41.58mm,10mm,31.5mm,3mm,41.13mm,2mm
5156,2V,31mm,6mm,41.58mm,10.5mm,31.5mm,3mm,41.13mm,2mm
5157,2V,31mm,6mm,41.58mm,11mm,31.5mm,3mm,41.13mm,2mm
5158,3V,31mm,6mm,41.58mm,10mm,31.5mm,3mm,41.13mm,1mm
5159,3V,31mm,6mm,41.58mm,10.5mm,31.5mm,3mm,41.13mm,1mm
5160,3V,31mm,6mm,41.58mm,11mm,31.5mm,3mm,41.13mm,1mm
5161,3V,31mm,6mm,41.58mm,10mm,31.5mm,3mm,41.13mm,1.5mm
5162,3V,31mm,6mm,41.58mm,10.5mm,31.5mm,3mm,41.13mm,1.5mm
5163,3V,31mm,6mm,41.58mm,11mm,31.5mm,3mm,41.13mm,1.5mm
5164,3V,31mm,6mm,41.58mm,10mm,31.5mm,3mm,41.13mm,2mm
5165,3V,31mm,6mm,41.58mm,10.5mm,31.5mm,3mm,41.13mm,2mm
5166,3V,31mm,6mm,41.58mm,11mm,31.5mm,3mm,41.13mm,2mm
5167,4V,31mm,6mm,41.58mm,10mm,31.5mm,3mm,41.13mm,1mm
5168,4V,31mm,6mm,41.58mm,10.5mm,31.5mm,3mm,41.13mm,1mm
5169,4V,31mm,6mm,41.58mm,11mm,31.5mm,3mm,41.13mm,1mm
5170,4V,31mm,6mm,41.58mm,10mm,31.5mm,3mm,41.13mm,1.5mm
5171,4V,31mm,6mm,41.58mm,10.5mm,31.5mm,3mm,41.13mm,1.5mm
5172,4V,31mm,6mm,41.58mm,11mm,31.5mm,3mm,41.13mm,1.5mm
5173,4V,31mm,6mm,41.58mm,10mm,31.5mm,3mm,41.13mm,2mm
5174,4V,31mm,6mm,41.58mm,10.5mm,31.5mm,3mm,41.13mm,2mm
5175,4V,31mm,6mm,41.58mm,11mm,31.5mm,3mm,41.13mm,2mm
5176,5V,31mm,6mm,41.58mm,10mm,31.5mm,3mm,41.13mm,1mm
5177,5V,31mm,6mm,41.58mm,10.5mm,31.5mm,3mm,41.13mm,1mm
5178,5V,31mm,6mm,41.58mm,11mm,31.5mm,3mm,41.13mm,1mm
5179,5V,31mm,6mm,41.58mm,10mm,31.5mm,3mm,41.13mm,1.5mm
5180,5V,31mm,6mm,41.58mm,10.5mm,31.5mm,3mm,41.13mm,1.5mm
5181,5V,31mm,6mm,41.58mm,11mm,31.5mm,3mm,41.13mm,1.5mm
5182,5V,31mm,6mm,41.58mm,10mm,31.5mm,3mm,41.13mm,2mm
5183,5V,31mm,6mm,41.58mm,10.5mm,31.5mm,3mm,41.13mm,2mm
5184,5V,31mm,6mm,41.58mm,11mm,31.5mm,3mm,41.13mm,2mm
5725,0V,31.5mm,6mm,41.58mm,10mm,31.5mm,3mm,41.13mm,1mm
5726,0V,31.5mm,6mm,41.58mm,10.5mm,31.5mm,3mm,41.13mm,1mm
5727,0V,31.5mm,6mm,41.58mm,11mm,31.5mm,3mm,41.13mm,1mm
5728,0V,31.5mm,6mm,41.58mm,10mm,31.5mm,3mm,41.13mm,1.5mm
5729,0V,31.5mm,6mm,41.58mm,10.5mm,31.5mm,3mm,41.13mm,1.5mm
5730,0V,31.5mm,6mm,41.58mm,11mm,31.5mm,3mm,41.13mm,1.5mm
5731,0V,31.5mm,6mm,41.58mm,10mm,31.5mm,3mm,41.13mm,2mm
5732,0V,31.5mm,6mm,41.58mm,10.5mm,31.5mm,3mm,41.13mm,2mm
5733,0V,31.5mm,6mm,41.58mm,11mm,31.5mm,3mm,41.13mm,2mm
5734,1V,31.5mm,6mm,41.58mm,10mm,31.5mm,3mm,41.13mm,1mm
5735,1V,31.5mm,6mm,41.58mm,10.5mm,31.5mm,3mm,41.13mm,1mm
5736,1V,31.5mm,6mm,41.58mm,11mm,31.5mm,3mm,41.13mm,1mm
5737,1V,31.5mm,6mm,41.58mm,10mm,31.5mm,3mm,41.13mm,1.5mm
5738,1V,31.5mm,6mm,41.58mm,10.5mm,31.5mm,3mm,41.13mm,1.5mm
5739,1V,31.5mm,6mm,41.58mm,11mm,31.5mm,3mm,41.13mm,1.5mm
5740,1V,31.5mm,6mm,41.58mm,10mm,31.5mm,3mm,41.13mm,2mm
5741,1V,31.5mm,6mm,41.58mm,10.5mm,31.5mm,3mm,41.13mm,2mm
5742,1V,31.5mm,6mm,41.58mm,11mm,31.5mm,3mm,41.13mm,2mm
5743,2V,31.5mm,6mm,41.58mm,10mm,31.5mm,3mm,41.13mm,1mm
5744,2V,31.5mm,6mm,41.58mm,10.5mm,31.5mm,3mm,41.13mm,1mm
5745,2V,31.5mm,6mm,41.58mm,11mm,31.5mm,3mm,41.13mm,1mm
5746,2V,31.5mm,6mm,41.58mm,10mm,31.5mm,3mm,41.13mm,1.5mm
5747,2V,31.5mm,6mm,41.58mm,10.5mm,31.5mm,3mm,41.13mm,1.5mm
5748,2V,31.5mm,6mm,41.58mm,11mm,31.5mm,3mm,41.13mm,1.5mm
5749,2V,31.5mm,6mm,41.58mm,10mm,31.5mm,3mm,41.13mm,2mm
5750,2V,31.5mm,6mm,41.58mm,10.5mm,31.5mm,3mm,41.13mm,2mm
5751,2V,31.5mm,6mm,41.58mm,11mm,31.5mm,3mm,41.13mm,2mm
5752,3V,31.5mm,6mm,41.58mm,10mm,31.5mm,3mm,41.13mm,1mm
5753,3V,31.5mm,6mm,41.58mm,10.5mm,31.5mm,3mm,41.13mm,1mm
5754,3V,31.5mm,6mm,41.58mm,11mm,31.5mm,3mm,41.13mm,1mm
5755,3V,31.5mm,6mm,41.58mm,10mm,31.5mm,3mm,41.13mm,1.5mm
5756,3V,31.5mm,6mm,41.58mm,10.5mm,31.5mm,3mm,41.13mm,1.5mm
5757,3V,31.5mm,6mm,41.58mm,11mm,31.5mm,3mm,41.13mm,1.5mm
5758,3V,31.5mm,6mm,41.58mm,10mm,31.5mm,3mm,41.13mm,2mm
5759,3V,31.5mm,6mm,41.58mm,10.5mm,31.5mm,3mm,41.13mm,2mm
5760,3V,31.5mm,6mm,41.58mm,11mm,31.5mm,3mm,41.13mm,2mm
5761,4V,31.5mm,6mm,41.58mm,10mm,31.5mm,3mm,41.13mm,1mm
5762,4V,31.5mm,6mm,41.58mm,10.5mm,31.5mm,3mm,41.13mm,1mm
5763,4V,31.5mm,6mm,41.58mm,11mm,31.5mm,3mm,41.13mm,1mm
5764,4V,31.5mm,6mm,41.58mm,10mm,31.5mm,3mm,41.13mm,1.5mm
5765,4V,31.5mm,6mm,41.58mm,10.5mm,31.5mm,3mm,41.13mm,1.5mm
5766,4V,31.5mm,6mm,41.58mm,11mm,31.5mm,3mm,41.13mm,1.5mm
5767,4V,31.5mm,6mm,41.58mm,10mm,31.5mm,3mm,41.13mm,2mm
5768,4V,31.5mm,6mm,41.58mm,10.5mm,31.5mm,3mm,41.13mm,2mm
5769,4V,31.5mm,6mm,41.58mm,11mm,31.5mm,3mm,41.13mm,2mm
5770,5V,31.5mm,6mm,41.58mm,10mm,31.5mm,3mm,41.13mm,1mm
5771,5V,31.5mm,6mm,41.58mm,10.5mm,31.5mm,3mm,41.13mm,1mm
5772,5V,31.5mm,6mm,41.58mm,11mm,31.5mm,3mm,41.13mm,1mm
5773,5V,31.5mm,6mm,41.58mm,10mm,31.5mm,3mm,41.13mm,1.5mm
5774,5V,31.5mm,6mm,41.58mm,10.5mm,31.5mm,3mm,41.13mm,1.5mm
5775,5V,31.5mm,6mm,41.58mm,11mm,31.5mm,3mm,41.13mm,1.5mm
5776,5V,31.5mm,6mm,41.58mm,10mm,31.5mm,3mm,41.13mm,2mm
5777,5V,31.5mm,6mm,41.58mm,10.5mm,31.5mm,3mm,41.13mm,2mm
5778,5V,31.5mm,6mm,41.58mm,11mm,31.5mm,3mm,41.13mm,2mm
6319,0V,32mm,6mm,41.58mm,10mm,31.5mm,3mm,41.13mm,1mm
6320,0V,32mm,6mm,41.58mm,10.5mm,31.5mm,3mm,41.13mm,1mm
6321,0V,32mm,6mm,41.58mm,11mm,31.5mm,3mm,41.13mm,1mm
6322,0V,32mm,6mm,41.58mm,10mm,31.5mm,3mm,41.13mm,1.5mm
6323,0V,32mm,6mm,41.58mm,10.5mm,31.5mm,3mm,41.13mm,1.5mm
6324,0V,32mm,6mm,41.58mm,11mm,31.5mm,3mm,41.13mm,1.5mm
6325,0V,32mm,6mm,41.58mm,10mm,31.5mm,3mm,41.13mm,2mm
6326,0V,32mm,6mm,41.58mm,10.5mm,31.5mm,3mm,41.13mm,2mm
6327,0V,32mm,6mm,41.58mm,11mm,31.5mm,3mm,41.13mm,2mm
6328,1V,32mm,6mm,41.58mm,10mm,31.5mm,3mm,41.13mm,1mm
6329,1V,32mm,6mm,41.58mm,10.5mm,31.5mm,3mm,41.13mm,1mm
6330,1V,32mm,6mm,41.58mm,11mm,31.5mm,3mm,41.13mm,1mm
6331,1V,32mm,6mm,41.58mm,10mm,31.5mm,3mm,41.13mm,1.5mm
6332,1V,32mm,6mm,41.58mm,10.5mm,31.5mm,3mm,41.13mm,1.5mm
6333,1V,32mm,6mm,41.58mm,11mm,31.5mm,3mm,41.13mm,1.5mm
6334,1V,32mm,6mm,41.58mm,10mm,31.5mm,3mm,41.13mm,2mm
6335,1V,32mm,6mm,41.58mm,10.5mm,31.5mm,3mm,41.13mm,2mm
6336,1V,32mm,6mm,41.58mm,11mm,31.5mm,3mm,41.13mm,2mm
6337,2V,32mm,6mm,41.58mm,10mm,31.5mm,3mm,41.13mm,1mm
6338,2V,32mm,6mm,41.58mm,10.5mm,31.5mm,3mm,41.13mm,1mm
6339,2V,32mm,6mm,41.58mm,11mm,31.5mm,3mm,41.13mm,1mm
6340,2V,32mm,6mm,41.58mm,10mm,31.5mm,3mm,41.13mm,1.5mm
6341,2V,32mm,6mm,41.58mm,10.5mm,31.5mm,3mm,41.13mm,1.5mm
6342,2V,32mm,6mm,41.58mm,11mm,31.5mm,3mm,41.13mm,1.5mm
6343,2V,32mm,6mm,41.58mm,10mm,31.5mm,3mm,41.13mm,2mm
6344,2V,32mm,6mm,41.58mm,10.5mm,31.5mm,3mm,41.13mm,2mm
6345,2V,32mm,6mm,41.58mm,11mm,31.5mm,3mm,41.13mm,2mm
6346,3V,32mm,6mm,41.58mm,10mm,31.5mm,3mm,41.13mm,1mm
6347,3V,32mm,6mm,41.58mm,10.5mm,31.5mm,3mm,41.13mm,1mm
6348,3V,32mm,6mm,41.58mm,11mm,31.5mm,3mm,41.13mm,1mm
6349,3V,32mm,6mm,41.58mm,10mm,31.5mm,3mm,41.13mm,1.5mm
6350,3V,32mm,6mm,41.58mm,10.5mm,31.5mm,3mm,41.13mm,1.5mm
6351,3V,32mm,6mm,41.58mm,11mm,31.5mm,3mm,41.13mm,1.5mm
6352,3V,32mm,6mm,41.58mm,10mm,31.5mm,3mm,41.13mm,2mm
6353,3V,32mm,6mm,41.58mm,10.5mm,31.5mm,3mm,41.13mm,2mm
6354,3V,32mm,6mm,41.58mm,11mm,31.5mm,3mm,41.13mm,2mm
6355,4V,32mm,6mm,41.58mm,10mm,31.5mm,3mm,41.13mm,1mm
6356,4V,32mm,6mm,41.58mm,10.5mm,31.5mm,3mm,41.13mm,1mm
6357,4V,32mm,6mm,41.58mm,11mm,31.5mm,3mm,41.13mm,1mm
6358,4V,32mm,6mm,41.58mm,10mm,31.5mm,3mm,41.13mm,1.5mm
6359,4V,32mm,6mm,41.58mm,10.5mm,31.5mm,3mm,41.13mm,1.5mm
6360,4V,32mm,6mm,41.58mm,11mm,31.5mm,3mm,41.13mm,1.5mm
6361,4V,32mm,6mm,41.58mm,10mm,31.5mm,3mm,41.13mm,2mm
6362,4V,32mm,6mm,41.58mm,10.5mm,31.5mm,3mm,41.13mm,2mm
6363,4V,32mm,6mm,41.58mm,11mm,31.5mm,3mm,41.13mm,2mm
6364,5V,32mm,6mm,41.58mm,10mm,31.5mm,3mm,41.13mm,1mm
6365,5V,32mm,6mm,41.58mm,10.5mm,31.5mm,3mm,41.13mm,1mm
6366,5V,32mm,6mm,41.58mm,11mm,31.5mm,3mm,41.13mm,1mm
6367,5V,32mm,6mm,41.58mm,10mm,31.5mm,3mm,41.13mm,1.5mm
6368,5V,32mm,6mm,41.58mm,10.5mm,31.5mm,3mm,41.13mm,1.5mm
6369,5V,32mm,6mm,41.58mm,11mm,31.5mm,3mm,41.13mm,1.5mm
6370,5V,32mm,6mm,41.58mm,10mm,31.5mm,3mm,41.13mm,2mm
6371,5V,32mm,6mm,41.58mm,10.5mm,31.5mm,3mm,41.13mm,2mm
6372,5V,32mm,6mm,41.58mm,11mm,31.5mm,3mm,41.13mm,2mm
433,0V,27mm,6mm,41.58mm,10mm,32mm,3mm,41.13mm,1mm
434,0V,27mm,6mm,41.58mm,10.5mm,32mm,3mm,41.13mm,1mm
435,0V,27mm,6mm,41.58mm,11mm,32mm,3mm,41.13mm,1mm
436,0V,27mm,6mm,41.58mm,10mm,32mm,3mm,41.13mm,1.5mm
437,0V,27mm,6mm,41.58mm,10.5mm,32mm,3mm,41.13mm,1.5mm
438,0V,27mm,6mm,41.58mm,11mm,32mm,3mm,41.13mm,1.5mm
439,0V,27mm,6mm,41.58mm,10mm,32mm,3mm,41.13mm,2mm
440,0V,27mm,6mm,41.58mm,10.5mm,32mm,3mm,41.13mm,2mm
441,0V,27mm,6mm,41.58mm,11mm,32mm,3mm,41.13mm,2mm
442,1V,27mm,6mm,41.58mm,10mm,32mm,3mm,41.13mm,1mm
443,1V,27mm,6mm,41.58mm,10.5mm,32mm,3mm,41.13mm,1mm
444,1V,27mm,6mm,41.58mm,11mm,32mm,3mm,41.13mm,1mm
445,1V,27mm,6mm,41.58mm,10mm,32mm,3mm,41.13mm,1.5mm
446,1V,27mm,6mm,41.58mm,10.5mm,32mm,3mm,41.13mm,1.5mm
447,1V,27mm,6mm,41.58mm,11mm,32mm,3mm,41.13mm,1.5mm
448,1V,27mm,6mm,41.58mm,10mm,32mm,3mm,41.13mm,2mm
449,1V,27mm,6mm,41.58mm,10.5mm,32mm,3mm,41.13mm,2mm
450,1V,27mm,6mm,41.58mm,11mm,32mm,3mm,41.13mm,2mm
451,2V,27mm,6mm,41.58mm,10mm,32mm,3mm,41.13mm,1mm
452,2V,27mm,6mm,41.58mm,10.5mm,32mm,3mm,41.13mm,1mm
453,2V,27mm,6mm,41.58mm,11mm,32mm,3mm,41.13mm,1mm
454,2V,27mm,6mm,41.58mm,10mm,32mm,3mm,41.13mm,1.5mm
455,2V,27mm,6mm,41.58mm,10.5mm,32mm,3mm,41.13mm,1.5mm
456,2V,27mm,6mm,41.58mm,11mm,32mm,3mm,41.13mm,1.5mm
457,2V,27mm,6mm,41.58mm,10mm,32mm,3mm,41.13mm,2mm
458,2V,27mm,6mm,41.58mm,10.5mm,32mm,3mm,41.13mm,2mm
459,2V,27mm,6mm,41.58mm,11mm,32mm,3mm,41.13mm,2mm
460,3V,27mm,6mm,41.58mm,10mm,32mm,3mm,41.13mm,1mm
461,3V,27mm,6mm,41.58mm,10.5mm,32mm,3mm,41.13mm,1mm
462,3V,27mm,6mm,41.58mm,11mm,32mm,3mm,41.13mm,1mm
463,3V,27mm,6mm,41.58mm,10mm,32mm,3mm,41.13mm,1.5mm
464,3V,27mm,6mm,41.58mm,10.5mm,32mm,3mm,41.13mm,1.5mm
465,3V,27mm,6mm,41.58mm,11mm,32mm,3mm,41.13mm,1.5mm
466,3V,27mm,6mm,41.58mm,10mm,32mm,3mm,41.13mm,2mm
467,3V,27mm,6mm,41.58mm,10.5mm,32mm,3mm,41.13mm,2mm
468,3V,27mm,6mm,41.58mm,11mm,32mm,3mm,41.13mm,2mm
469,4V,27mm,6mm,41.58mm,10mm,32mm,3mm,41.13mm,1mm
470,4V,27mm,6mm,41.58mm,10.5mm,32mm,3mm,41.13mm,1mm
471,4V,27mm,6mm,41.58mm,11mm,32mm,3mm,41.13mm,1mm
472,4V,27mm,6mm,41.58mm,10mm,32mm,3mm,41.13mm,1.5mm
473,4V,27mm,6mm,41.58mm,10.5mm,32mm,3mm,41.13mm,1.5mm
474,4V,27mm,6mm,41.58mm,11mm,32mm,3mm,41.13mm,1.5mm
475,4V,27mm,6mm,41.58mm,10mm,32mm,3mm,41.13mm,2mm
476,4V,27mm,6mm,41.58mm,10.5mm,32mm,3mm,41.13mm,2mm
477,4V,27mm,6mm,41.58mm,11mm,32mm,3mm,41.13mm,2mm
478,5V,27mm,6mm,41.58mm,10mm,32mm,3mm,41.13mm,1mm
479,5V,27mm,6mm,41.58mm,10.5mm,32mm,3mm,41.13mm,1mm
480,5V,27mm,6mm,41.58mm,11mm,32mm,3mm,41.13mm,1mm
481,5V,27mm,6mm,41.58mm,10mm,32mm,3mm,41.13mm,1.5mm
482,5V,27mm,6mm,41.58mm,10.5mm,32mm,3mm,41.13mm,1.5mm
483,5V,27mm,6mm,41.58mm,11mm,32mm,3mm,41.13mm,1.5mm
484,5V,27mm,6mm,41.58mm,10mm,32mm,3mm,41.13mm,2mm
485,5V,27mm,6mm,41.58mm,10.5mm,32mm,3mm,41.13mm,2mm
486,5V,27mm,6mm,41.58mm,11mm,32mm,3mm,41.13mm,2mm
1027,0V,27.5mm,6mm,41.58mm,10mm,32mm,3mm,41.13mm,1mm
1028,0V,27.5mm,6mm,41.58mm,10.5mm,32mm,3mm,41.13mm,1mm
1029,0V,27.5mm,6mm,41.58mm,11mm,32mm,3mm,41.13mm,1mm
1030,0V,27.5mm,6mm,41.58mm,10mm,32mm,3mm,41.13mm,1.5mm
1031,0V,27.5mm,6mm,41.58mm,10.5mm,32mm,3mm,41.13mm,1.5mm
1032,0V,27.5mm,6mm,41.58mm,11mm,32mm,3mm,41.13mm,1.5mm
1033,0V,27.5mm,6mm,41.58mm,10mm,32mm,3mm,41.13mm,2mm
1034,0V,27.5mm,6mm,41.58mm,10.5mm,32mm,3mm,41.13mm,2mm
1035,0V,27.5mm,6mm,41.58mm,11mm,32mm,3mm,41.13mm,2mm
1036,1V,27.5mm,6mm,41.58mm,10mm,32mm,3mm,41.13mm,1mm
1037,1V,27.5mm,6mm,41.58mm,10.5mm,32mm,3mm,41.13mm,1mm
1038,1V,27.5mm,6mm,41.58mm,11mm,32mm,3mm,41.13mm,1mm
1039,1V,27.5mm,6mm,41.58mm,10mm,32mm,3mm,41.13mm,1.5mm
1040,1V,27.5mm,6mm,41.58mm,10.5mm,32mm,3mm,41.13mm,1.5mm
1041,1V,27.5mm,6mm,41.58mm,11mm,32mm,3mm,41.13mm,1.5mm
1042,1V,27.5mm,6mm,41.58mm,10mm,32mm,3mm,41.13mm,2mm
1043,1V,27.5mm,6mm,41.58mm,10.5mm,32mm,3mm,41.13mm,2mm
1044,1V,27.5mm,6mm,41.58mm,11mm,32mm,3mm,41.13mm,2mm
1045,2V,27.5mm,6mm,41.58mm,10mm,32mm,3mm,41.13mm,1mm
1046,2V,27.5mm,6mm,41.58mm,10.5mm,32mm,3mm,41.13mm,1mm
1047,2V,27.5mm,6mm,41.58mm,11mm,32mm,3mm,41.13mm,1mm
1048,2V,27.5mm,6mm,41.58mm,10mm,32mm,3mm,41.13mm,1.5mm
1049,2V,27.5mm,6mm,41.58mm,10.5mm,32mm,3mm,41.13mm,1.5mm
1050,2V,27.5mm,6mm,41.58mm,11mm,32mm,3mm,41.13mm,1.5mm
1051,2V,27.5mm,6mm,41.58mm,10mm,32mm,3mm,41.13mm,2mm
1052,2V,27.5mm,6mm,41.58mm,10.5mm,32mm,3mm,41.13mm,2mm
1053,2V,27.5mm,6mm,41.58mm,11mm,32mm,3mm,41.13mm,2mm
1054,3V,27.5mm,6mm,41.58mm,10mm,32mm,3mm,41.13mm,1mm
1055,3V,27.5mm,6mm,41.58mm,10.5mm,32mm,3mm,41.13mm,1mm
1056,3V,27.5mm,6mm,41.58mm,11mm,32mm,3mm,41.13mm,1mm
1057,3V,27.5mm,6mm,41.58mm,10mm,32mm,3mm,41.13mm,1.5mm
1058,3V,27.5mm,6mm,41.58mm,10.5mm,32mm,3mm,41.13mm,1.5mm
1059,3V,27.5mm,6mm,41.58mm,11mm,32mm,3mm,41.13mm,1.5mm
1060,3V,27.5mm,6mm,41.58mm,10mm,32mm,3mm,41.13mm,2mm
1061,3V,27.5mm,6mm,41.58mm,10.5mm,32mm,3mm,41.13mm,2mm
1062,3V,27.5mm,6mm,41.58mm,11mm,32mm,3mm,41.13mm,2mm
1063,4V,27.5mm,6mm,41.58mm,10mm,32mm,3mm,41.13mm,1mm
1064,4V,27.5mm,6mm,41.58mm,10.5mm,32mm,3mm,41.13mm,1mm
1065,4V,27.5mm,6mm,41.58mm,11mm,32mm,3mm,41.13mm,1mm
1066,4V,27.5mm,6mm,41.58mm,10mm,32mm,3mm,41.13mm,1.5mm
1067,4V,27.5mm,6mm,41.58mm,10.5mm,32mm,3mm,41.13mm,1.5mm
1068,4V,27.5mm,6mm,41.58mm,11mm,32mm,3mm,41.13mm,1.5mm
1069,4V,27.5mm,6mm,41.58mm,10mm,32mm,3mm,41.13mm,2mm
1070,4V,27.5mm,6mm,41.58mm,10.5mm,32mm,3mm,41.13mm,2mm
1071,4V,27.5mm,6mm,41.58mm,11mm,32mm,3mm,41.13mm,2mm
1072,5V,27.5mm,6mm,41.58mm,10mm,32mm,3mm,41.13mm,1mm
1073,5V,27.5mm,6mm,41.58mm,10.5mm,32mm,3mm,41.13mm,1mm
1074,5V,27.5mm,6mm,41.58mm,11mm,32mm,3mm,41.13mm,1mm
1075,5V,27.5mm,6mm,41.58mm,10mm,32mm,3mm,41.13mm,1.5mm
1076,5V,27.5mm,6mm,41.58mm,10.5mm,32mm,3mm,41.13mm,1.5mm
1077,5V,27.5mm,6mm,41.58mm,11mm,32mm,3mm,41.13mm,1.5mm
1078,5V,27.5mm,6mm,41.58mm,10mm,32mm,3mm,41.13mm,2mm
1079,5V,27.5mm,6mm,41.58mm,10.5mm,32mm,3mm,41.13mm,2mm
1080,5V,27.5mm,6mm,41.58mm,11mm,32mm,3mm,41.13mm,2mm
1621,0V,28mm,6mm,41.58mm,10mm,32mm,3mm,41.13mm,1mm
1622,0V,28mm,6mm,41.58mm,10.5mm,32mm,3mm,41.13mm,1mm
1623,0V,28mm,6mm,41.58mm,11mm,32mm,3mm,41.13mm,1mm
1624,0V,28mm,6mm,41.58mm,10mm,32mm,3mm,41.13mm,1.5mm
1625,0V,28mm,6mm,41.58mm,10.5mm,32mm,3mm,41.13mm,1.5mm
1626,0V,28mm,6mm,41.58mm,11mm,32mm,3mm,41.13mm,1.5mm
1627,0V,28mm,6mm,41.58mm,10mm,32mm,3mm,41.13mm,2mm
1628,0V,28mm,6mm,41.58mm,10.5mm,32mm,3mm,41.13mm,2mm
1629,0V,28mm,6mm,41.58mm,11mm,32mm,3mm,41.13mm,2mm
1630,1V,28mm,6mm,41.58mm,10mm,32mm,3mm,41.13mm,1mm
1631,1V,28mm,6mm,41.58mm,10.5mm,32mm,3mm,41.13mm,1mm
1632,1V,28mm,6mm,41.58mm,11mm,32mm,3mm,41.13mm,1mm
1633,1V,28mm,6mm,41.58mm,10mm,32mm,3mm,41.13mm,1.5mm
1634,1V,28mm,6mm,41.58mm,10.5mm,32mm,3mm,41.13mm,1.5mm
1635,1V,28mm,6mm,41.58mm,11mm,32mm,3mm,41.13mm,1.5mm
1636,1V,28mm,6mm,41.58mm,10mm,32mm,3mm,41.13mm,2mm
1637,1V,28mm,6mm,41.58mm,10.5mm,32mm,3mm,41.13mm,2mm
1638,1V,28mm,6mm,41.58mm,11mm,32mm,3mm,41.13mm,2mm
1639,2V,28mm,6mm,41.58mm,10mm,32mm,3mm,41.13mm,1mm
1640,2V,28mm,6mm,41.58mm,10.5mm,32mm,3mm,41.13mm,1mm
1641,2V,28mm,6mm,41.58mm,11mm,32mm,3mm,41.13mm,1mm
1642,2V,28mm,6mm,41.58mm,10mm,32mm,3mm,41.13mm,1.5mm
1643,2V,28mm,6mm,41.58mm,10.5mm,32mm,3mm,41.13mm,1.5mm
1644,2V,28mm,6mm,41.58mm,11mm,32mm,3mm,41.13mm,1.5mm
1645,2V,28mm,6mm,41.58mm,10mm,32mm,3mm,41.13mm,2mm
1646,2V,28mm,6mm,41.58mm,10.5mm,32mm,3mm,41.13mm,2mm
1647,2V,28mm,6mm,41.58mm,11mm,32mm,3mm,41.13mm,2mm
1648,3V,28mm,6mm,41.58mm,10mm,32mm,3mm,41.13mm,1mm
1649,3V,28mm,6mm,41.58mm,10.5mm,32mm,3mm,41.13mm,1mm
1650,3V,28mm,6mm,41.58mm,11mm,32mm,3mm,41.13mm,1mm
1651,3V,28mm,6mm,41.58mm,10mm,32mm,3mm,41.13mm,1.5mm
1652,3V,28mm,6mm,41.58mm,10.5mm,32mm,3mm,41.13mm,1.5mm
1653,3V,28mm,6mm,41.58mm,11mm,32mm,3mm,41.13mm,1.5mm
1654,3V,28mm,6mm,41.58mm,10mm,32mm,3mm,41.13mm,2mm
1655,3V,28mm,6mm,41.58mm,10.5mm,32mm,3mm,41.13mm,2mm
1656,3V,28mm,6mm,41.58mm,11mm,32mm,3mm,41.13mm,2mm
1657,4V,28mm,6mm,41.58mm,10mm,32mm,3mm,41.13mm,1mm
1658,4V,28mm,6mm,41.58mm,10.5mm,32mm,3mm,41.13mm,1mm
1659,4V,28mm,6mm,41.58mm,11mm,32mm,3mm,41.13mm,1mm
1660,4V,28mm,6mm,41.58mm,10mm,32mm,3mm,41.13mm,1.5mm
1661,4V,28mm,6mm,41.58mm,10.5mm,32mm,3mm,41.13mm,1.5mm
1662,4V,28mm,6mm,41.58mm,11mm,32mm,3mm,41.13mm,1.5mm
1663,4V,28mm,6mm,41.58mm,10mm,32mm,3mm,41.13mm,2mm
1664,4V,28mm,6mm,41.58mm,10.5mm,32mm,3mm,41.13mm,2mm
1665,4V,28mm,6mm,41.58mm,11mm,32mm,3mm,41.13mm,2mm
1666,5V,28mm,6mm,41.58mm,10mm,32mm,3mm,41.13mm,1mm
1667,5V,28mm,6mm,41.58mm,10.5mm,32mm,3mm,41.13mm,1mm
1668,5V,28mm,6mm,41.58mm,11mm,32mm,3mm,41.13mm,1mm
1669,5V,28mm,6mm,41.58mm,10mm,32mm,3mm,41.13mm,1.5mm
1670,5V,28mm,6mm,41.58mm,10.5mm,32mm,3mm,41.13mm,1.5mm
1671,5V,28mm,6mm,41.58mm,11mm,32mm,3mm,41.13mm,1.5mm
1672,5V,28mm,6mm,41.58mm,10mm,32mm,3mm,41.13mm,2mm
1673,5V,28mm,6mm,41.58mm,10.5mm,32mm,3mm,41.13mm,2mm
1674,5V,28mm,6mm,41.58mm,11mm,32mm,3mm,41.13mm,2mm
2215,0V,28.5mm,6mm,41.58mm,10mm,32mm,3mm,41.13mm,1mm
2216,0V,28.5mm,6mm,41.58mm,10.5mm,32mm,3mm,41.13mm,1mm
2217,0V,28.5mm,6mm,41.58mm,11mm,32mm,3mm,41.13mm,1mm
2218,0V,28.5mm,6mm,41.58mm,10mm,32mm,3mm,41.13mm,1.5mm
2219,0V,28.5mm,6mm,41.58mm,10.5mm,32mm,3mm,41.13mm,1.5mm
2220,0V,28.5mm,6mm,41.58mm,11mm,32mm,3mm,41.13mm,1.5mm
2221,0V,28.5mm,6mm,41.58mm,10mm,32mm,3mm,41.13mm,2mm
2222,0V,28.5mm,6mm,41.58mm,10.5mm,32mm,3mm,41.13mm,2mm
2223,0V,28.5mm,6mm,41.58mm,11mm,32mm,3mm,41.13mm,2mm
2224,1V,28.5mm,6mm,41.58mm,10mm,32mm,3mm,41.13mm,1mm
2225,1V,28.5mm,6mm,41.58mm,10.5mm,32mm,3mm,41.13mm,1mm
2226,1V,28.5mm,6mm,41.58mm,11mm,32mm,3mm,41.13mm,1mm
2227,1V,28.5mm,6mm,41.58mm,10mm,32mm,3mm,41.13mm,1.5mm
2228,1V,28.5mm,6mm,41.58mm,10.5mm,32mm,3mm,41.13mm,1.5mm
2229,1V,28.5mm,6mm,41.58mm,11mm,32mm,3mm,41.13mm,1.5mm
2230,1V,28.5mm,6mm,41.58mm,10mm,32mm,3mm,41.13mm,2mm
2231,1V,28.5mm,6mm,41.58mm,10.5mm,32mm,3mm,41.13mm,2mm
2232,1V,28.5mm,6mm,41.58mm,11mm,32mm,3mm,41.13mm,2mm
2233,2V,28.5mm,6mm,41.58mm,10mm,32mm,3mm,41.13mm,1mm
2234,2V,28.5mm,6mm,41.58mm,10.5mm,32mm,3mm,41.13mm,1mm
2235,2V,28.5mm,6mm,41.58mm,11mm,32mm,3mm,41.13mm,1mm
2236,2V,28.5mm,6mm,41.58mm,10mm,32mm,3mm,41.13mm,1.5mm
2237,2V,28.5mm,6mm,41.58mm,10.5mm,32mm,3mm,41.13mm,1.5mm
2238,2V,28.5mm,6mm,41.58mm,11mm,32mm,3mm,41.13mm,1.5mm
2239,2V,28.5mm,6mm,41.58mm,10mm,32mm,3mm,41.13mm,2mm
2240,2V,28.5mm,6mm,41.58mm,10.5mm,32mm,3mm,41.13mm,2mm
2241,2V,28.5mm,6mm,41.58mm,11mm,32mm,3mm,41.13mm,2mm
2242,3V,28.5mm,6mm,41.58mm,10mm,32mm,3mm,41.13mm,1mm
2243,3V,28.5mm,6mm,41.58mm,10.5mm,32mm,3mm,41.13mm,1mm
2244,3V,28.5mm,6mm,41.58mm,11mm,32mm,3mm,41.13mm,1mm
2245,3V,28.5mm,6mm,41.58mm,10mm,32mm,3mm,41.13mm,1.5mm
2246,3V,28.5mm,6mm,41.58mm,10.5mm,32mm,3mm,41.13mm,1.5mm
2247,3V,28.5mm,6mm,41.58mm,11mm,32mm,3mm,41.13mm,1.5mm
2248,3V,28.5mm,6mm,41.58mm,10mm,32mm,3mm,41.13mm,2mm
2249,3V,28.5mm,6mm,41.58mm,10.5mm,32mm,3mm,41.13mm,2mm
2250,3V,28.5mm,6mm,41.58mm,11mm,32mm,3mm,41.13mm,2mm
2251,4V,28.5mm,6mm,41.58mm,10mm,32mm,3mm,41.13mm,1mm
2252,4V,28.5mm,6mm,41.58mm,10.5mm,32mm,3mm,41.13mm,1mm
2253,4V,28.5mm,6mm,41.58mm,11mm,32mm,3mm,41.13mm,1mm
2254,4V,28.5mm,6mm,41.58mm,10mm,32mm,3mm,41.13mm,1.5mm
2255,4V,28.5mm,6mm,41.58mm,10.5mm,32mm,3mm,41.13mm,1.5mm
2256,4V,28.5mm,6mm,41.58mm,11mm,32mm,3mm,41.13mm,1.5mm
2257,4V,28.5mm,6mm,41.58mm,10mm,32mm,3mm,41.13mm,2mm
2258,4V,28.5mm,6mm,41.58mm,10.5mm,32mm,3mm,41.13mm,2mm
2259,4V,28.5mm,6mm,41.58mm,11mm,32mm,3mm,41.13mm,2mm
2260,5V,28.5mm,6mm,41.58mm,10mm,32mm,3mm,41.13mm,1mm
2261,5V,28.5mm,6mm,41.58mm,10.5mm,32mm,3mm,41.13mm,1mm
2262,5V,28.5mm,6mm,41.58mm,11mm,32mm,3mm,41.13mm,1mm
2263,5V,28.5mm,6mm,41.58mm,10mm,32mm,3mm,41.13mm,1.5mm
2264,5V,28.5mm,6mm,41.58mm,10.5mm,32mm,3mm,41.13mm,1.5mm
2265,5V,28.5mm,6mm,41.58mm,11mm,32mm,3mm,41.13mm,1.5mm
2266,5V,28.5mm,6mm,41.58mm,10mm,32mm,3mm,41.13mm,2mm
2267,5V,28.5mm,6mm,41.58mm,10.5mm,32mm,3mm,41.13mm,2mm
2268,5V,28.5mm,6mm,41.58mm,11mm,32mm,3mm,41.13mm,2mm
2809,0V,29mm,6mm,41.58mm,10mm,32mm,3mm,41.13mm,1mm
2810,0V,29mm,6mm,41.58mm,10.5mm,32mm,3mm,41.13mm,1mm
2811,0V,29mm,6mm,41.58mm,11mm,32mm,3mm,41.13mm,1mm
2812,0V,29mm,6mm,41.58mm,10mm,32mm,3mm,41.13mm,1.5mm
2813,0V,29mm,6mm,41.58mm,10.5mm,32mm,3mm,41.13mm,1.5mm
2814,0V,29mm,6mm,41.58mm,11mm,32mm,3mm,41.13mm,1.5mm
2815,0V,29mm,6mm,41.58mm,10mm,32mm,3mm,41.13mm,2mm
2816,0V,29mm,6mm,41.58mm,10.5mm,32mm,3mm,41.13mm,2mm
2817,0V,29mm,6mm,41.58mm,11mm,32mm,3mm,41.13mm,2mm
2818,1V,29mm,6mm,41.58mm,10mm,32mm,3mm,41.13mm,1mm
2819,1V,29mm,6mm,41.58mm,10.5mm,32mm,3mm,41.13mm,1mm
2820,1V,29mm,6mm,41.58mm,11mm,32mm,3mm,41.13mm,1mm
2821,1V,29mm,6mm,41.58mm,10mm,32mm,3mm,41.13mm,1.5mm
2822,1V,29mm,6mm,41.58mm,10.5mm,32mm,3mm,41.13mm,1.5mm
2823,1V,29mm,6mm,41.58mm,11mm,32mm,3mm,41.13mm,1.5mm
2824,1V,29mm,6mm,41.58mm,10mm,32mm,3mm,41.13mm,2mm
2825,1V,29mm,6mm,41.58mm,10.5mm,32mm,3mm,41.13mm,2mm
2826,1V,29mm,6mm,41.58mm,11mm,32mm,3mm,41.13mm,2mm
2827,2V,29mm,6mm,41.58mm,10mm,32mm,3mm,41.13mm,1mm
2828,2V,29mm,6mm,41.58mm,10.5mm,32mm,3mm,41.13mm,1mm
2829,2V,29mm,6mm,41.58mm,11mm,32mm,3mm,41.13mm,1mm
2830,2V,29mm,6mm,41.58mm,10mm,32mm,3mm,41.13mm,1.5mm
2831,2V,29mm,6mm,41.58mm,10.5mm,32mm,3mm,41.13mm,1.5mm
2832,2V,29mm,6mm,41.58mm,11mm,32mm,3mm,41.13mm,1.5mm
2833,2V,29mm,6mm,41.58mm,10mm,32mm,3mm,41.13mm,2mm
2834,2V,29mm,6mm,41.58mm,10.5mm,32mm,3mm,41.13mm,2mm
2835,2V,29mm,6mm,41.58mm,11mm,32mm,3mm,41.13mm,2mm
2836,3V,29mm,6mm,41.58mm,10mm,32mm,3mm,41.13mm,1mm
2837,3V,29mm,6mm,41.58mm,10.5mm,32mm,3mm,41.13mm,1mm
2838,3V,29mm,6mm,41.58mm,11mm,32mm,3mm,41.13mm,1mm
2839,3V,29mm,6mm,41.58mm,10mm,32mm,3mm,41.13mm,1.5mm
2840,3V,29mm,6mm,41.58mm,10.5mm,32mm,3mm,41.13mm,1.5mm
2841,3V,29mm,6mm,41.58mm,11mm,32mm,3mm,41.13mm,1.5mm
2842,3V,29mm,6mm,41.58mm,10mm,32mm,3mm,41.13mm,2mm
2843,3V,29mm,6mm,41.58mm,10.5mm,32mm,3mm,41.13mm,2mm
2844,3V,29mm,6mm,41.58mm,11mm,32mm,3mm,41.13mm,2mm
2845,4V,29mm,6mm,41.58mm,10mm,32mm,3mm,41.13mm,1mm
2846,4V,29mm,6mm,41.58mm,10.5mm,32mm,3mm,41.13mm,1mm
2847,4V,29mm,6mm,41.58mm,11mm,32mm,3mm,41.13mm,1mm
2848,4V,29mm,6mm,41.58mm,10mm,32mm,3mm,41.13mm,1.5mm
2849,4V,29mm,6mm,41.58mm,10.5mm,32mm,3mm,41.13mm,1.5mm
2850,4V,29mm,6mm,41.58mm,11mm,32mm,3mm,41.13mm,1.5mm
2851,4V,29mm,6mm,41.58mm,10mm,32mm,3mm,41.13mm,2mm
2852,4V,29mm,6mm,41.58mm,10.5mm,32mm,3mm,41.13mm,2mm
2853,4V,29mm,6mm,41.58mm,11mm,32mm,3mm,41.13mm,2mm
2854,5V,29mm,6mm,41.58mm,10mm,32mm,3mm,41.13mm,1mm
2855,5V,29mm,6mm,41.58mm,10.5mm,32mm,3mm,41.13mm,1mm
2856,5V,29mm,6mm,41.58mm,11mm,32mm,3mm,41.13mm,1mm
2857,5V,29mm,6mm,41.58mm,10mm,32mm,3mm,41.13mm,1.5mm
2858,5V,29mm,6mm,41.58mm,10.5mm,32mm,3mm,41.13mm,1.5mm
2859,5V,29mm,6mm,41.58mm,11mm,32mm,3mm,41.13mm,1.5mm
2860,5V,29mm,6mm,41.58mm,10mm,32mm,3mm,41.13mm,2mm
2861,5V,29mm,6mm,41.58mm,10.5mm,32mm,3mm,41.13mm,2mm
2862,5V,29mm,6mm,41.58mm,11mm,32mm,3mm,41.13mm,2mm
3403,0V,29.5mm,6mm,41.58mm,10mm,32mm,3mm,41.13mm,1mm
3404,0V,29.5mm,6mm,41.58mm,10.5mm,32mm,3mm,41.13mm,1mm
3405,0V,29.5mm,6mm,41.58mm,11mm,32mm,3mm,41.13mm,1mm
3406,0V,29.5mm,6mm,41.58mm,10mm,32mm,3mm,41.13mm,1.5mm
3407,0V,29.5mm,6mm,41.58mm,10.5mm,32mm,3mm,41.13mm,1.5mm
3408,0V,29.5mm,6mm,41.58mm,11mm,32mm,3mm,41.13mm,1.5mm
3409,0V,29.5mm,6mm,41.58mm,10mm,32mm,3mm,41.13mm,2mm
3410,0V,29.5mm,6mm,41.58mm,10.5mm,32mm,3mm,41.13mm,2mm
3411,0V,29.5mm,6mm,41.58mm,11mm,32mm,3mm,41.13mm,2mm
3412,1V,29.5mm,6mm,41.58mm,10mm,32mm,3mm,41.13mm,1mm
3413,1V,29.5mm,6mm,41.58mm,10.5mm,32mm,3mm,41.13mm,1mm
3414,1V,29.5mm,6mm,41.58mm,11mm,32mm,3mm,41.13mm,1mm
3415,1V,29.5mm,6mm,41.58mm,10mm,32mm,3mm,41.13mm,1.5mm
3416,1V,29.5mm,6mm,41.58mm,10.5mm,32mm,3mm,41.13mm,1.5mm
3417,1V,29.5mm,6mm,41.58mm,11mm,32mm,3mm,41.13mm,1.5mm
3418,1V,29.5mm,6mm,41.58mm,10mm,32mm,3mm,41.13mm,2mm
3419,1V,29.5mm,6mm,41.58mm,10.5mm,32mm,3mm,41.13mm,2mm
3420,1V,29.5mm,6mm,41.58mm,11mm,32mm,3mm,41.13mm,2mm
3421,2V,29.5mm,6mm,41.58mm,10mm,32mm,3mm,41.13mm,1mm
3422,2V,29.5mm,6mm,41.58mm,10.5mm,32mm,3mm,41.13mm,1mm
3423,2V,29.5mm,6mm,41.58mm,11mm,32mm,3mm,41.13mm,1mm
3424,2V,29.5mm,6mm,41.58mm,10mm,32mm,3mm,41.13mm,1.5mm
3425,2V,29.5mm,6mm,41.58mm,10.5mm,32mm,3mm,41.13mm,1.5mm
3426,2V,29.5mm,6mm,41.58mm,11mm,32mm,3mm,41.13mm,1.5mm
3427,2V,29.5mm,6mm,41.58mm,10mm,32mm,3mm,41.13mm,2mm
3428,2V,29.5mm,6mm,41.58mm,10.5mm,32mm,3mm,41.13mm,2mm
3429,2V,29.5mm,6mm,41.58mm,11mm,32mm,3mm,41.13mm,2mm
3430,3V,29.5mm,6mm,41.58mm,10mm,32mm,3mm,41.13mm,1mm
3431,3V,29.5mm,6mm,41.58mm,10.5mm,32mm,3mm,41.13mm,1mm
3432,3V,29.5mm,6mm,41.58mm,11mm,32mm,3mm,41.13mm,1mm
3433,3V,29.5mm,6mm,41.58mm,10mm,32mm,3mm,41.13mm,1.5mm
3434,3V,29.5mm,6mm,41.58mm,10.5mm,32mm,3mm,41.13mm,1.5mm
3435,3V,29.5mm,6mm,41.58mm,11mm,32mm,3mm,41.13mm,1.5mm
3436,3V,29.5mm,6mm,41.58mm,10mm,32mm,3mm,41.13mm,2mm
3437,3V,29.5mm,6mm,41.58mm,10.5mm,32mm,3mm,41.13mm,2mm
3438,3V,29.5mm,6mm,41.58mm,11mm,32mm,3mm,41.13mm,2mm
3439,4V,29.5mm,6mm,41.58mm,10mm,32mm,3mm,41.13mm,1mm
3440,4V,29.5mm,6mm,41.58mm,10.5mm,32mm,3mm,41.13mm,1mm
3441,4V,29.5mm,6mm,41.58mm,11mm,32mm,3mm,41.13mm,1mm
3442,4V,29.5mm,6mm,41.58mm,10mm,32mm,3mm,41.13mm,1.5mm
3443,4V,29.5mm,6mm,41.58mm,10.5mm,32mm,3mm,41.13mm,1.5mm
3444,4V,29.5mm,6mm,41.58mm,11mm,32mm,3mm,41.13mm,1.5mm
3445,4V,29.5mm,6mm,41.58mm,10mm,32mm,3mm,41.13mm,2mm
3446,4V,29.5mm,6mm,41.58mm,10.5mm,32mm,3mm,41.13mm,2mm
3447,4V,29.5mm,6mm,41.58mm,11mm,32mm,3mm,41.13mm,2mm
3448,5V,29.5mm,6mm,41.58mm,10mm,32mm,3mm,41.13mm,1mm
3449,5V,29.5mm,6mm,41.58mm,10.5mm,32mm,3mm,41.13mm,1mm
3450,5V,29.5mm,6mm,41.58mm,11mm,32mm,3mm,41.13mm,1mm
3451,5V,29.5mm,6mm,41.58mm,10mm,32mm,3mm,41.13mm,1.5mm
3452,5V,29.5mm,6mm,41.58mm,10.5mm,32mm,3mm,41.13mm,1.5mm
3453,5V,29.5mm,6mm,41.58mm,11mm,32mm,3mm,41.13mm,1.5mm
3454,5V,29.5mm,6mm,41.58mm,10mm,32mm,3mm,41.13mm,2mm
3455,5V,29.5mm,6mm,41.58mm,10.5mm,32mm,3mm,41.13mm,2mm
3456,5V,29.5mm,6mm,41.58mm,11mm,32mm,3mm,41.13mm,2mm
3997,0V,30mm,6mm,41.58mm,10mm,32mm,3mm,41.13mm,1mm
3998,0V,30mm,6mm,41.58mm,10.5mm,32mm,3mm,41.13mm,1mm
3999,0V,30mm,6mm,41.58mm,11mm,32mm,3mm,41.13mm,1mm
4000,0V,30mm,6mm,41.58mm,10mm,32mm,3mm,41.13mm,1.5mm
4001,0V,30mm,6mm,41.58mm,10.5mm,32mm,3mm,41.13mm,1.5mm
4002,0V,30mm,6mm,41.58mm,11mm,32mm,3mm,41.13mm,1.5mm
4003,0V,30mm,6mm,41.58mm,10mm,32mm,3mm,41.13mm,2mm
4004,0V,30mm,6mm,41.58mm,10.5mm,32mm,3mm,41.13mm,2mm
4005,0V,30mm,6mm,41.58mm,11mm,32mm,3mm,41.13mm,2mm
4006,1V,30mm,6mm,41.58mm,10mm,32mm,3mm,41.13mm,1mm
4007,1V,30mm,6mm,41.58mm,10.5mm,32mm,3mm,41.13mm,1mm
4008,1V,30mm,6mm,41.58mm,11mm,32mm,3mm,41.13mm,1mm
4009,1V,30mm,6mm,41.58mm,10mm,32mm,3mm,41.13mm,1.5mm
4010,1V,30mm,6mm,41.58mm,10.5mm,32mm,3mm,41.13mm,1.5mm
4011,1V,30mm,6mm,41.58mm,11mm,32mm,3mm,41.13mm,1.5mm
4012,1V,30mm,6mm,41.58mm,10mm,32mm,3mm,41.13mm,2mm
4013,1V,30mm,6mm,41.58mm,10.5mm,32mm,3mm,41.13mm,2mm
4014,1V,30mm,6mm,41.58mm,11mm,32mm,3mm,41.13mm,2mm
4015,2V,30mm,6mm,41.58mm,10mm,32mm,3mm,41.13mm,1mm
4016,2V,30mm,6mm,41.58mm,10.5mm,32mm,3mm,41.13mm,1mm
4017,2V,30mm,6mm,41.58mm,11mm,32mm,3mm,41.13mm,1mm
4018,2V,30mm,6mm,41.58mm,10mm,32mm,3mm,41.13mm,1.5mm
4019,2V,30mm,6mm,41.58mm,10.5mm,32mm,3mm,41.13mm,1.5mm
4020,2V,30mm,6mm,41.58mm,11mm,32mm,3mm,41.13mm,1.5mm
4021,2V,30mm,6mm,41.58mm,10mm,32mm,3mm,41.13mm,2mm
4022,2V,30mm,6mm,41.58mm,10.5mm,32mm,3mm,41.13mm,2mm
4023,2V,30mm,6mm,41.58mm,11mm,32mm,3mm,41.13mm,2mm
4024,3V,30mm,6mm,41.58mm,10mm,32mm,3mm,41.13mm,1mm
4025,3V,30mm,6mm,41.58mm,10.5mm,32mm,3mm,41.13mm,1mm
4026,3V,30mm,6mm,41.58mm,11mm,32mm,3mm,41.13mm,1mm
4027,3V,30mm,6mm,41.58mm,10mm,32mm,3mm,41.13mm,1.5mm
4028,3V,30mm,6mm,41.58mm,10.5mm,32mm,3mm,41.13mm,1.5mm
4029,3V,30mm,6mm,41.58mm,11mm,32mm,3mm,41.13mm,1.5mm
4030,3V,30mm,6mm,41.58mm,10mm,32mm,3mm,41.13mm,2mm
4031,3V,30mm,6mm,41.58mm,10.5mm,32mm,3mm,41.13mm,2mm
4032,3V,30mm,6mm,41.58mm,11mm,32mm,3mm,41.13mm,2mm
4033,4V,30mm,6mm,41.58mm,10mm,32mm,3mm,41.13mm,1mm
4034,4V,30mm,6mm,41.58mm,10.5mm,32mm,3mm,41.13mm,1mm
4035,4V,30mm,6mm,41.58mm,11mm,32mm,3mm,41.13mm,1mm
4036,4V,30mm,6mm,41.58mm,10mm,32mm,3mm,41.13mm,1.5mm
4037,4V,30mm,6mm,41.58mm,10.5mm,32mm,3mm,41.13mm,1.5mm
4038,4V,30mm,6mm,41.58mm,11mm,32mm,3mm,41.13mm,1.5mm
4039,4V,30mm,6mm,41.58mm,10mm,32mm,3mm,41.13mm,2mm
4040,4V,30mm,6mm,41.58mm,10.5mm,32mm,3mm,41.13mm,2mm
4041,4V,30mm,6mm,41.58mm,11mm,32mm,3mm,41.13mm,2mm
4042,5V,30mm,6mm,41.58mm,10mm,32mm,3mm,41.13mm,1mm
4043,5V,30mm,6mm,41.58mm,10.5mm,32mm,3mm,41.13mm,1mm
4044,5V,30mm,6mm,41.58mm,11mm,32mm,3mm,41.13mm,1mm
4045,5V,30mm,6mm,41.58mm,10mm,32mm,3mm,41.13mm,1.5mm
4046,5V,30mm,6mm,41.58mm,10.5mm,32mm,3mm,41.13mm,1.5mm
4047,5V,30mm,6mm,41.58mm,11mm,32mm,3mm,41.13mm,1.5mm
4048,5V,30mm,6mm,41.58mm,10mm,32mm,3mm,41.13mm,2mm
4049,5V,30mm,6mm,41.58mm,10.5mm,32mm,3mm,41.13mm,2mm
4050,5V,30mm,6mm,41.58mm,11mm,32mm,3mm,41.13mm,2mm
4591,0V,30.5mm,6mm,41.58mm,10mm,32mm,3mm,41.13mm,1mm
4592,0V,30.5mm,6mm,41.58mm,10.5mm,32mm,3mm,41.13mm,1mm
4593,0V,30.5mm,6mm,41.58mm,11mm,32mm,3mm,41.13mm,1mm
4594,0V,30.5mm,6mm,41.58mm,10mm,32mm,3mm,41.13mm,1.5mm
4595,0V,30.5mm,6mm,41.58mm,10.5mm,32mm,3mm,41.13mm,1.5mm
4596,0V,30.5mm,6mm,41.58mm,11mm,32mm,3mm,41.13mm,1.5mm
4597,0V,30.5mm,6mm,41.58mm,10mm,32mm,3mm,41.13mm,2mm
4598,0V,30.5mm,6mm,41.58mm,10.5mm,32mm,3mm,41.13mm,2mm
4599,0V,30.5mm,6mm,41.58mm,11mm,32mm,3mm,41.13mm,2mm
4600,1V,30.5mm,6mm,41.58mm,10mm,32mm,3mm,41.13mm,1mm
4601,1V,30.5mm,6mm,41.58mm,10.5mm,32mm,3mm,41.13mm,1mm
4602,1V,30.5mm,6mm,41.58mm,11mm,32mm,3mm,41.13mm,1mm
4603,1V,30.5mm,6mm,41.58mm,10mm,32mm,3mm,41.13mm,1.5mm
4604,1V,30.5mm,6mm,41.58mm,10.5mm,32mm,3mm,41.13mm,1.5mm
4605,1V,30.5mm,6mm,41.58mm,11mm,32mm,3mm,41.13mm,1.5mm
4606,1V,30.5mm,6mm,41.58mm,10mm,32mm,3mm,41.13mm,2mm
4607,1V,30.5mm,6mm,41.58mm,10.5mm,32mm,3mm,41.13mm,2mm
4608,1V,30.5mm,6mm,41.58mm,11mm,32mm,3mm,41.13mm,2mm
4609,2V,30.5mm,6mm,41.58mm,10mm,32mm,3mm,41.13mm,1mm
4610,2V,30.5mm,6mm,41.58mm,10.5mm,32mm,3mm,41.13mm,1mm
4611,2V,30.5mm,6mm,41.58mm,11mm,32mm,3mm,41.13mm,1mm
4612,2V,30.5mm,6mm,41.58mm,10mm,32mm,3mm,41.13mm,1.5mm
4613,2V,30.5mm,6mm,41.58mm,10.5mm,32mm,3mm,41.13mm,1.5mm
4614,2V,30.5mm,6mm,41.58mm,11mm,32mm,3mm,41.13mm,1.5mm
4615,2V,30.5mm,6mm,41.58mm,10mm,32mm,3mm,41.13mm,2mm
4616,2V,30.5mm,6mm,41.58mm,10.5mm,32mm,3mm,41.13mm,2mm
4617,2V,30.5mm,6mm,41.58mm,11mm,32mm,3mm,41.13mm,2mm
4618,3V,30.5mm,6mm,41.58mm,10mm,32mm,3mm,41.13mm,1mm
4619,3V,30.5mm,6mm,41.58mm,10.5mm,32mm,3mm,41.13mm,1mm
4620,3V,30.5mm,6mm,41.58mm,11mm,32mm,3mm,41.13mm,1mm
4621,3V,30.5mm,6mm,41.58mm,10mm,32mm,3mm,41.13mm,1.5mm
4622,3V,30.5mm,6mm,41.58mm,10.5mm,32mm,3mm,41.13mm,1.5mm
4623,3V,30.5mm,6mm,41.58mm,11mm,32mm,3mm,41.13mm,1.5mm
4624,3V,30.5mm,6mm,41.58mm,10mm,32mm,3mm,41.13mm,2mm
4625,3V,30.5mm,6mm,41.58mm,10.5mm,32mm,3mm,41.13mm,2mm
4626,3V,30.5mm,6mm,41.58mm,11mm,32mm,3mm,41.13mm,2mm
4627,4V,30.5mm,6mm,41.58mm,10mm,32mm,3mm,41.13mm,1mm
4628,4V,30.5mm,6mm,41.58mm,10.5mm,32mm,3mm,41.13mm,1mm
4629,4V,30.5mm,6mm,41.58mm,11mm,32mm,3mm,41.13mm,1mm
4630,4V,30.5mm,6mm,41.58mm,10mm,32mm,3mm,41.13mm,1.5mm
4631,4V,30.5mm,6mm,41.58mm,10.5mm,32mm,3mm,41.13mm,1.5mm
4632,4V,30.5mm,6mm,41.58mm,11mm,32mm,3mm,41.13mm,1.5mm
4633,4V,30.5mm,6mm,41.58mm,10mm,32mm,3mm,41.13mm,2mm
4634,4V,30.5mm,6mm,41.58mm,10.5mm,32mm,3mm,41.13mm,2mm
4635,4V,30.5mm,6mm,41.58mm,11mm,32mm,3mm,41.13mm,2mm
4636,5V,30.5mm,6mm,41.58mm,10mm,32mm,3mm,41.13mm,1mm
4637,5V,30.5mm,6mm,41.58mm,10.5mm,32mm,3mm,41.13mm,1mm
4638,5V,30.5mm,6mm,41.58mm,11mm,32mm,3mm,41.13mm,1mm
4639,5V,30.5mm,6mm,41.58mm,10mm,32mm,3mm,41.13mm,1.5mm
4640,5V,30.5mm,6mm,41.58mm,10.5mm,32mm,3mm,41.13mm,1.5mm
4641,5V,30.5mm,6mm,41.58mm,11mm,32mm,3mm,41.13mm,1.5mm
4642,5V,30.5mm,6mm,41.58mm,10mm,32mm,3mm,41.13mm,2mm
4643,5V,30.5mm,6mm,41.58mm,10.5mm,32mm,3mm,41.13mm,2mm
4644,5V,30.5mm,6mm,41.58mm,11mm,32mm,3mm,41.13mm,2mm
5185,0V,31mm,6mm,41.58mm,10mm,32mm,3mm,41.13mm,1mm
5186,0V,31mm,6mm,41.58mm,10.5mm,32mm,3mm,41.13mm,1mm
5187,0V,31mm,6mm,41.58mm,11mm,32mm,3mm,41.13mm,1mm
5188,0V,31mm,6mm,41.58mm,10mm,32mm,3mm,41.13mm,1.5mm
5189,0V,31mm,6mm,41.58mm,10.5mm,32mm,3mm,41.13mm,1.5mm
5190,0V,31mm,6mm,41.58mm,11mm,32mm,3mm,41.13mm,1.5mm
5191,0V,31mm,6mm,41.58mm,10mm,32mm,3mm,41.13mm,2mm
5192,0V,31mm,6mm,41.58mm,10.5mm,32mm,3mm,41.13mm,2mm
5193,0V,31mm,6mm,41.58mm,11mm,32mm,3mm,41.13mm,2mm
5194,1V,31mm,6mm,41.58mm,10mm,32mm,3mm,41.13mm,1mm
5195,1V,31mm,6mm,41.58mm,10.5mm,32mm,3mm,41.13mm,1mm
5196,1V,31mm,6mm,41.58mm,11mm,32mm,3mm,41.13mm,1mm
5197,1V,31mm,6mm,41.58mm,10mm,32mm,3mm,41.13mm,1.5mm
5198,1V,31mm,6mm,41.58mm,10.5mm,32mm,3mm,41.13mm,1.5mm
5199,1V,31mm,6mm,41.58mm,11mm,32mm,3mm,41.13mm,1.5mm
5200,1V,31mm,6mm,41.58mm,10mm,32mm,3mm,41.13mm,2mm
5201,1V,31mm,6mm,41.58mm,10.5mm,32mm,3mm,41.13mm,2mm
5202,1V,31mm,6mm,41.58mm,11mm,32mm,3mm,41.13mm,2mm
5203,2V,31mm,6mm,41.58mm,10mm,32mm,3mm,41.13mm,1mm
5204,2V,31mm,6mm,41.58mm,10.5mm,32mm,3mm,41.13mm,1mm
5205,2V,31mm,6mm,41.58mm,11mm,32mm,3mm,41.13mm,1mm
5206,2V,31mm,6mm,41.58mm,10mm,32mm,3mm,41.13mm,1.5mm
5207,2V,31mm,6mm,41.58mm,10.5mm,32mm,3mm,41.13mm,1.5mm
5208,2V,31mm,6mm,41.58mm,11mm,32mm,3mm,41.13mm,1.5mm
5209,2V,31mm,6mm,41.58mm,10mm,32mm,3mm,41.13mm,2mm
5210,2V,31mm,6mm,41.58mm,10.5mm,32mm,3mm,41.13mm,2mm
5211,2V,31mm,6mm,41.58mm,11mm,32mm,3mm,41.13mm,2mm
5212,3V,31mm,6mm,41.58mm,10mm,32mm,3mm,41.13mm,1mm
5213,3V,31mm,6mm,41.58mm,10.5mm,32mm,3mm,41.13mm,1mm
5214,3V,31mm,6mm,41.58mm,11mm,32mm,3mm,41.13mm,1mm
5215,3V,31mm,6mm,41.58mm,10mm,32mm,3mm,41.13mm,1.5mm
5216,3V,31mm,6mm,41.58mm,10.5mm,32mm,3mm,41.13mm,1.5mm
5217,3V,31mm,6mm,41.58mm,11mm,32mm,3mm,41.13mm,1.5mm
5218,3V,31mm,6mm,41.58mm,10mm,32mm,3mm,41.13mm,2mm
5219,3V,31mm,6mm,41.58mm,10.5mm,32mm,3mm,41.13mm,2mm
5220,3V,31mm,6mm,41.58mm,11mm,32mm,3mm,41.13mm,2mm
5221,4V,31mm,6mm,41.58mm,10mm,32mm,3mm,41.13mm,1mm
5222,4V,31mm,6mm,41.58mm,10.5mm,32mm,3mm,41.13mm,1mm
5223,4V,31mm,6mm,41.58mm,11mm,32mm,3mm,41.13mm,1mm
5224,4V,31mm,6mm,41.58mm,10mm,32mm,3mm,41.13mm,1.5mm
5225,4V,31mm,6mm,41.58mm,10.5mm,32mm,3mm,41.13mm,1.5mm
5226,4V,31mm,6mm,41.58mm,11mm,32mm,3mm,41.13mm,1.5mm
5227,4V,31mm,6mm,41.58mm,10mm,32mm,3mm,41.13mm,2mm
5228,4V,31mm,6mm,41.58mm,10.5mm,32mm,3mm,41.13mm,2mm
5229,4V,31mm,6mm,41.58mm,11mm,32mm,3mm,41.13mm,2mm
5230,5V,31mm,6mm,41.58mm,10mm,32mm,3mm,41.13mm,1mm
5231,5V,31mm,6mm,41.58mm,10.5mm,32mm,3mm,41.13mm,1mm
5232,5V,31mm,6mm,41.58mm,11mm,32mm,3mm,41.13mm,1mm
5233,5V,31mm,6mm,41.58mm,10mm,32mm,3mm,41.13mm,1.5mm
5234,5V,31mm,6mm,41.58mm,10.5mm,32mm,3mm,41.13mm,1.5mm
5235,5V,31mm,6mm,41.58mm,11mm,32mm,3mm,41.13mm,1.5mm
5236,5V,31mm,6mm,41.58mm,10mm,32mm,3mm,41.13mm,2mm
5237,5V,31mm,6mm,41.58mm,10.5mm,32mm,3mm,41.13mm,2mm
5238,5V,31mm,6mm,41.58mm,11mm,32mm,3mm,41.13mm,2mm
5779,0V,31.5mm,6mm,41.58mm,10mm,32mm,3mm,41.13mm,1mm
5780,0V,31.5mm,6mm,41.58mm,10.5mm,32mm,3mm,41.13mm,1mm
5781,0V,31.5mm,6mm,41.58mm,11mm,32mm,3mm,41.13mm,1mm
5782,0V,31.5mm,6mm,41.58mm,10mm,32mm,3mm,41.13mm,1.5mm
5783,0V,31.5mm,6mm,41.58mm,10.5mm,32mm,3mm,41.13mm,1.5mm
5784,0V,31.5mm,6mm,41.58mm,11mm,32mm,3mm,41.13mm,1.5mm
5785,0V,31.5mm,6mm,41.58mm,10mm,32mm,3mm,41.13mm,2mm
5786,0V,31.5mm,6mm,41.58mm,10.5mm,32mm,3mm,41.13mm,2mm
5787,0V,31.5mm,6mm,41.58mm,11mm,32mm,3mm,41.13mm,2mm
5788,1V,31.5mm,6mm,41.58mm,10mm,32mm,3mm,41.13mm,1mm
5789,1V,31.5mm,6mm,41.58mm,10.5mm,32mm,3mm,41.13mm,1mm
5790,1V,31.5mm,6mm,41.58mm,11mm,32mm,3mm,41.13mm,1mm
5791,1V,31.5mm,6mm,41.58mm,10mm,32mm,3mm,41.13mm,1.5mm
5792,1V,31.5mm,6mm,41.58mm,10.5mm,32mm,3mm,41.13mm,1.5mm
5793,1V,31.5mm,6mm,41.58mm,11mm,32mm,3mm,41.13mm,1.5mm
5794,1V,31.5mm,6mm,41.58mm,10mm,32mm,3mm,41.13mm,2mm
5795,1V,31.5mm,6mm,41.58mm,10.5mm,32mm,3mm,41.13mm,2mm
5796,1V,31.5mm,6mm,41.58mm,11mm,32mm,3mm,41.13mm,2mm
5797,2V,31.5mm,6mm,41.58mm,10mm,32mm,3mm,41.13mm,1mm
5798,2V,31.5mm,6mm,41.58mm,10.5mm,32mm,3mm,41.13mm,1mm
5799,2V,31.5mm,6mm,41.58mm,11mm,32mm,3mm,41.13mm,1mm
5800,2V,31.5mm,6mm,41.58mm,10mm,32mm,3mm,41.13mm,1.5mm
5801,2V,31.5mm,6mm,41.58mm,10.5mm,32mm,3mm,41.13mm,1.5mm
5802,2V,31.5mm,6mm,41.58mm,11mm,32mm,3mm,41.13mm,1.5mm
5803,2V,31.5mm,6mm,41.58mm,10mm,32mm,3mm,41.13mm,2mm
5804,2V,31.5mm,6mm,41.58mm,10.5mm,32mm,3mm,41.13mm,2mm
5805,2V,31.5mm,6mm,41.58mm,11mm,32mm,3mm,41.13mm,2mm
5806,3V,31.5mm,6mm,41.58mm,10mm,32mm,3mm,41.13mm,1mm
5807,3V,31.5mm,6mm,41.58mm,10.5mm,32mm,3mm,41.13mm,1mm
5808,3V,31.5mm,6mm,41.58mm,11mm,32mm,3mm,41.13mm,1mm
5809,3V,31.5mm,6mm,41.58mm,10mm,32mm,3mm,41.13mm,1.5mm
5810,3V,31.5mm,6mm,41.58mm,10.5mm,32mm,3mm,41.13mm,1.5mm
5811,3V,31.5mm,6mm,41.58mm,11mm,32mm,3mm,41.13mm,1.5mm
5812,3V,31.5mm,6mm,41.58mm,10mm,32mm,3mm,41.13mm,2mm
5813,3V,31.5mm,6mm,41.58mm,10.5mm,32mm,3mm,41.13mm,2mm
5814,3V,31.5mm,6mm,41.58mm,11mm,32mm,3mm,41.13mm,2mm
5815,4V,31.5mm,6mm,41.58mm,10mm,32mm,3mm,41.13mm,1mm
5816,4V,31.5mm,6mm,41.58mm,10.5mm,32mm,3mm,41.13mm,1mm
5817,4V,31.5mm,6mm,41.58mm,11mm,32mm,3mm,41.13mm,1mm
5818,4V,31.5mm,6mm,41.58mm,10mm,32mm,3mm,41.13mm,1.5mm
5819,4V,31.5mm,6mm,41.58mm,10.5mm,32mm,3mm,41.13mm,1.5mm
5820,4V,31.5mm,6mm,41.58mm,11mm,32mm,3mm,41.13mm,1.5mm
5821,4V,31.5mm,6mm,41.58mm,10mm,32mm,3mm,41.13mm,2mm
5822,4V,31.5mm,6mm,41.58mm,10.5mm,32mm,3mm,41.13mm,2mm
5823,4V,31.5mm,6mm,41.58mm,11mm,32mm,3mm,41.13mm,2mm
5824,5V,31.5mm,6mm,41.58mm,10mm,32mm,3mm,41.13mm,1mm
5825,5V,31.5mm,6mm,41.58mm,10.5mm,32mm,3mm,41.13mm,1mm
5826,5V,31.5mm,6mm,41.58mm,11mm,32mm,3mm,41.13mm,1mm
5827,5V,31.5mm,6mm,41.58mm,10mm,32mm,3mm,41.13mm,1.5mm
5828,5V,31.5mm,6mm,41.58mm,10.5mm,32mm,3mm,41.13mm,1.5mm
5829,5V,31.5mm,6mm,41.58mm,11mm,32mm,3mm,41.13mm,1.5mm
5830,5V,31.5mm,6mm,41.58mm,10mm,32mm,3mm,41.13mm,2mm
5831,5V,31.5mm,6mm,41.58mm,10.5mm,32mm,3mm,41.13mm,2mm
5832,5V,31.5mm,6mm,41.58mm,11mm,32mm,3mm,41.13mm,2mm
6373,0V,32mm,6mm,41.58mm,10mm,32mm,3mm,41.13mm,1mm
6374,0V,32mm,6mm,41.58mm,10.5mm,32mm,3mm,41.13mm,1mm
6375,0V,32mm,6mm,41.58mm,11mm,32mm,3mm,41.13mm,1mm
6376,0V,32mm,6mm,41.58mm,10mm,32mm,3mm,41.13mm,1.5mm
6377,0V,32mm,6mm,41.58mm,10.5mm,32mm,3mm,41.13mm,1.5mm
6378,0V,32mm,6mm,41.58mm,11mm,32mm,3mm,41.13mm,1.5mm
6379,0V,32mm,6mm,41.58mm,10mm,32mm,3mm,41.13mm,2mm
6380,0V,32mm,6mm,41.58mm,10.5mm,32mm,3mm,41.13mm,2mm
6381,0V,32mm,6mm,41.58mm,11mm,32mm,3mm,41.13mm,2mm
6382,1V,32mm,6mm,41.58mm,10mm,32mm,3mm,41.13mm,1mm
6383,1V,32mm,6mm,41.58mm,10.5mm,32mm,3mm,41.13mm,1mm
6384,1V,32mm,6mm,41.58mm,11mm,32mm,3mm,41.13mm,1mm
6385,1V,32mm,6mm,41.58mm,10mm,32mm,3mm,41.13mm,1.5mm
6386,1V,32mm,6mm,41.58mm,10.5mm,32mm,3mm,41.13mm,1.5mm
6387,1V,32mm,6mm,41.58mm,11mm,32mm,3mm,41.13mm,1.5mm
6388,1V,32mm,6mm,41.58mm,10mm,32mm,3mm,41.13mm,2mm
6389,1V,32mm,6mm,41.58mm,10.5mm,32mm,3mm,41.13mm,2mm
6390,1V,32mm,6mm,41.58mm,11mm,32mm,3mm,41.13mm,2mm
6391,2V,32mm,6mm,41.58mm,10mm,32mm,3mm,41.13mm,1mm
6392,2V,32mm,6mm,41.58mm,10.5mm,32mm,3mm,41.13mm,1mm
6393,2V,32mm,6mm,41.58mm,11mm,32mm,3mm,41.13mm,1mm
6394,2V,32mm,6mm,41.58mm,10mm,32mm,3mm,41.13mm,1.5mm
6395,2V,32mm,6mm,41.58mm,10.5mm,32mm,3mm,41.13mm,1.5mm
6396,2V,32mm,6mm,41.58mm,11mm,32mm,3mm,41.13mm,1.5mm
6397,2V,32mm,6mm,41.58mm,10mm,32mm,3mm,41.13mm,2mm
6398,2V,32mm,6mm,41.58mm,10.5mm,32mm,3mm,41.13mm,2mm
6399,2V,32mm,6mm,41.58mm,11mm,32mm,3mm,41.13mm,2mm
6400,3V,32mm,6mm,41.58mm,10mm,32mm,3mm,41.13mm,1mm
6401,3V,32mm,6mm,41.58mm,10.5mm,32mm,3mm,41.13mm,1mm
6402,3V,32mm,6mm,41.58mm,11mm,32mm,3mm,41.13mm,1mm
6403,3V,32mm,6mm,41.58mm,10mm,32mm,3mm,41.13mm,1.5mm
6404,3V,32mm,6mm,41.58mm,10.5mm,32mm,3mm,41.13mm,1.5mm
6405,3V,32mm,6mm,41.58mm,11mm,32mm,3mm,41.13mm,1.5mm
6406,3V,32mm,6mm,41.58mm,10mm,32mm,3mm,41.13mm,2mm
6407,3V,32mm,6mm,41.58mm,10.5mm,32mm,3mm,41.13mm,2mm
6408,3V,32mm,6mm,41.58mm,11mm,32mm,3mm,41.13mm,2mm
6409,4V,32mm,6mm,41.58mm,10mm,32mm,3mm,41.13mm,1mm
6410,4V,32mm,6mm,41.58mm,10.5mm,32mm,3mm,41.13mm,1mm
6411,4V,32mm,6mm,41.58mm,11mm,32mm,3mm,41.13mm,1mm
6412,4V,32mm,6mm,41.58mm,10mm,32mm,3mm,41.13mm,1.5mm
6413,4V,32mm,6mm,41.58mm,10.5mm,32mm,3mm,41.13mm,1.5mm
6414,4V,32mm,6mm,41.58mm,11mm,32mm,3mm,41.13mm,1.5mm
6415,4V,32mm,6mm,41.58mm,10mm,32mm,3mm,41.13mm,2mm
6416,4V,32mm,6mm,41.58mm,10.5mm,32mm,3mm,41.13mm,2mm
6417,4V,32mm,6mm,41.58mm,11mm,32mm,3mm,41.13mm,2mm
6418,5V,32mm,6mm,41.58mm,10mm,32mm,3mm,41.13mm,1mm
6419,5V,32mm,6mm,41.58mm,10.5mm,32mm,3mm,41.13mm,1mm
6420,5V,32mm,6mm,41.58mm,11mm,32mm,3mm,41.13mm,1mm
6421,5V,32mm,6mm,41.58mm,10mm,32mm,3mm,41.13mm,1.5mm
6422,5V,32mm,6mm,41.58mm,10.5mm,32mm,3mm,41.13mm,1.5mm
6423,5V,32mm,6mm,41.58mm,11mm,32mm,3mm,41.13mm,1.5mm
6424,5V,32mm,6mm,41.58mm,10mm,32mm,3mm,41.13mm,2mm
6425,5V,32mm,6mm,41.58mm,10.5mm,32mm,3mm,41.13mm,2mm
6426,5V,32mm,6mm,41.58mm,11mm,32mm,3mm,41.13mm,2mm
487,0V,27mm,6mm,41.58mm,10mm,32.5mm,3mm,41.13mm,1mm
488,0V,27mm,6mm,41.58mm,10.5mm,32.5mm,3mm,41.13mm,1mm
489,0V,27mm,6mm,41.58mm,11mm,32.5mm,3mm,41.13mm,1mm
490,0V,27mm,6mm,41.58mm,10mm,32.5mm,3mm,41.13mm,1.5mm
491,0V,27mm,6mm,41.58mm,10.5mm,32.5mm,3mm,41.13mm,1.5mm
492,0V,27mm,6mm,41.58mm,11mm,32.5mm,3mm,41.13mm,1.5mm
493,0V,27mm,6mm,41.58mm,10mm,32.5mm,3mm,41.13mm,2mm
494,0V,27mm,6mm,41.58mm,10.5mm,32.5mm,3mm,41.13mm,2mm
495,0V,27mm,6mm,41.58mm,11mm,32.5mm,3mm,41.13mm,2mm
496,1V,27mm,6mm,41.58mm,10mm,32.5mm,3mm,41.13mm,1mm
497,1V,27mm,6mm,41.58mm,10.5mm,32.5mm,3mm,41.13mm,1mm
498,1V,27mm,6mm,41.58mm,11mm,32.5mm,3mm,41.13mm,1mm
499,1V,27mm,6mm,41.58mm,10mm,32.5mm,3mm,41.13mm,1.5mm
500,1V,27mm,6mm,41.58mm,10.5mm,32.5mm,3mm,41.13mm,1.5mm
501,1V,27mm,6mm,41.58mm,11mm,32.5mm,3mm,41.13mm,1.5mm
502,1V,27mm,6mm,41.58mm,10mm,32.5mm,3mm,41.13mm,2mm
503,1V,27mm,6mm,41.58mm,10.5mm,32.5mm,3mm,41.13mm,2mm
504,1V,27mm,6mm,41.58mm,11mm,32.5mm,3mm,41.13mm,2mm
505,2V,27mm,6mm,41.58mm,10mm,32.5mm,3mm,41.13mm,1mm
506,2V,27mm,6mm,41.58mm,10.5mm,32.5mm,3mm,41.13mm,1mm
507,2V,27mm,6mm,41.58mm,11mm,32.5mm,3mm,41.13mm,1mm
508,2V,27mm,6mm,41.58mm,10mm,32.5mm,3mm,41.13mm,1.5mm
509,2V,27mm,6mm,41.58mm,10.5mm,32.5mm,3mm,41.13mm,1.5mm
510,2V,27mm,6mm,41.58mm,11mm,32.5mm,3mm,41.13mm,1.5mm
511,2V,27mm,6mm,41.58mm,10mm,32.5mm,3mm,41.13mm,2mm
512,2V,27mm,6mm,41.58mm,10.5mm,32.5mm,3mm,41.13mm,2mm
513,2V,27mm,6mm,41.58mm,11mm,32.5mm,3mm,41.13mm,2mm
514,3V,27mm,6mm,41.58mm,10mm,32.5mm,3mm,41.13mm,1mm
515,3V,27mm,6mm,41.58mm,10.5mm,32.5mm,3mm,41.13mm,1mm
516,3V,27mm,6mm,41.58mm,11mm,32.5mm,3mm,41.13mm,1mm
517,3V,27mm,6mm,41.58mm,10mm,32.5mm,3mm,41.13mm,1.5mm
518,3V,27mm,6mm,41.58mm,10.5mm,32.5mm,3mm,41.13mm,1.5mm
519,3V,27mm,6mm,41.58mm,11mm,32.5mm,3mm,41.13mm,1.5mm
520,3V,27mm,6mm,41.58mm,10mm,32.5mm,3mm,41.13mm,2mm
521,3V,27mm,6mm,41.58mm,10.5mm,32.5mm,3mm,41.13mm,2mm
522,3V,27mm,6mm,41.58mm,11mm,32.5mm,3mm,41.13mm,2mm
523,4V,27mm,6mm,41.58mm,10mm,32.5mm,3mm,41.13mm,1mm
524,4V,27mm,6mm,41.58mm,10.5mm,32.5mm,3mm,41.13mm,1mm
525,4V,27mm,6mm,41.58mm,11mm,32.5mm,3mm,41.13mm,1mm
526,4V,27mm,6mm,41.58mm,10mm,32.5mm,3mm,41.13mm,1.5mm
527,4V,27mm,6mm,41.58mm,10.5mm,32.5mm,3mm,41.13mm,1.5mm
528,4V,27mm,6mm,41.58mm,11mm,32.5mm,3mm,41.13mm,1.5mm
529,4V,27mm,6mm,41.58mm,10mm,32.5mm,3mm,41.13mm,2mm
530,4V,27mm,6mm,41.58mm,10.5mm,32.5mm,3mm,41.13mm,2mm
531,4V,27mm,6mm,41.58mm,11mm,32.5mm,3mm,41.13mm,2mm
532,5V,27mm,6mm,41.58mm,10mm,32.5mm,3mm,41.13mm,1mm
533,5V,27mm,6mm,41.58mm,10.5mm,32.5mm,3mm,41.13mm,1mm
534,5V,27mm,6mm,41.58mm,11mm,32.5mm,3mm,41.13mm,1mm
535,5V,27mm,6mm,41.58mm,10mm,32.5mm,3mm,41.13mm,1.5mm
536,5V,27mm,6mm,41.58mm,10.5mm,32.5mm,3mm,41.13mm,1.5mm
537,5V,27mm,6mm,41.58mm,11mm,32.5mm,3mm,41.13mm,1.5mm
538,5V,27mm,6mm,41.58mm,10mm,32.5mm,3mm,41.13mm,2mm
539,5V,27mm,6mm,41.58mm,10.5mm,32.5mm,3mm,41.13mm,2mm
540,5V,27mm,6mm,41.58mm,11mm,32.5mm,3mm,41.13mm,2mm
1081,0V,27.5mm,6mm,41.58mm,10mm,32.5mm,3mm,41.13mm,1mm
1082,0V,27.5mm,6mm,41.58mm,10.5mm,32.5mm,3mm,41.13mm,1mm
1083,0V,27.5mm,6mm,41.58mm,11mm,32.5mm,3mm,41.13mm,1mm
1084,0V,27.5mm,6mm,41.58mm,10mm,32.5mm,3mm,41.13mm,1.5mm
1085,0V,27.5mm,6mm,41.58mm,10.5mm,32.5mm,3mm,41.13mm,1.5mm
1086,0V,27.5mm,6mm,41.58mm,11mm,32.5mm,3mm,41.13mm,1.5mm
1087,0V,27.5mm,6mm,41.58mm,10mm,32.5mm,3mm,41.13mm,2mm
1088,0V,27.5mm,6mm,41.58mm,10.5mm,32.5mm,3mm,41.13mm,2mm
1089,0V,27.5mm,6mm,41.58mm,11mm,32.5mm,3mm,41.13mm,2mm
1090,1V,27.5mm,6mm,41.58mm,10mm,32.5mm,3mm,41.13mm,1mm
1091,1V,27.5mm,6mm,41.58mm,10.5mm,32.5mm,3mm,41.13mm,1mm
1092,1V,27.5mm,6mm,41.58mm,11mm,32.5mm,3mm,41.13mm,1mm
1093,1V,27.5mm,6mm,41.58mm,10mm,32.5mm,3mm,41.13mm,1.5mm
1094,1V,27.5mm,6mm,41.58mm,10.5mm,32.5mm,3mm,41.13mm,1.5mm
1095,1V,27.5mm,6mm,41.58mm,11mm,32.5mm,3mm,41.13mm,1.5mm
1096,1V,27.5mm,6mm,41.58mm,10mm,32.5mm,3mm,41.13mm,2mm
1097,1V,27.5mm,6mm,41.58mm,10.5mm,32.5mm,3mm,41.13mm,2mm
1098,1V,27.5mm,6mm,41.58mm,11mm,32.5mm,3mm,41.13mm,2mm
1099,2V,27.5mm,6mm,41.58mm,10mm,32.5mm,3mm,41.13mm,1mm
1100,2V,27.5mm,6mm,41.58mm,10.5mm,32.5mm,3mm,41.13mm,1mm
1101,2V,27.5mm,6mm,41.58mm,11mm,32.5mm,3mm,41.13mm,1mm
1102,2V,27.5mm,6mm,41.58mm,10mm,32.5mm,3mm,41.13mm,1.5mm
1103,2V,27.5mm,6mm,41.58mm,10.5mm,32.5mm,3mm,41.13mm,1.5mm
1104,2V,27.5mm,6mm,41.58mm,11mm,32.5mm,3mm,41.13mm,1.5mm
1105,2V,27.5mm,6mm,41.58mm,10mm,32.5mm,3mm,41.13mm,2mm
1106,2V,27.5mm,6mm,41.58mm,10.5mm,32.5mm,3mm,41.13mm,2mm
1107,2V,27.5mm,6mm,41.58mm,11mm,32.5mm,3mm,41.13mm,2mm
1108,3V,27.5mm,6mm,41.58mm,10mm,32.5mm,3mm,41.13mm,1mm
1109,3V,27.5mm,6mm,41.58mm,10.5mm,32.5mm,3mm,41.13mm,1mm
1110,3V,27.5mm,6mm,41.58mm,11mm,32.5mm,3mm,41.13mm,1mm
1111,3V,27.5mm,6mm,41.58mm,10mm,32.5mm,3mm,41.13mm,1.5mm
1112,3V,27.5mm,6mm,41.58mm,10.5mm,32.5mm,3mm,41.13mm,1.5mm
1113,3V,27.5mm,6mm,41.58mm,11mm,32.5mm,3mm,41.13mm,1.5mm
1114,3V,27.5mm,6mm,41.58mm,10mm,32.5mm,3mm,41.13mm,2mm
1115,3V,27.5mm,6mm,41.58mm,10.5mm,32.5mm,3mm,41.13mm,2mm
1116,3V,27.5mm,6mm,41.58mm,11mm,32.5mm,3mm,41.13mm,2mm
1117,4V,27.5mm,6mm,41.58mm,10mm,32.5mm,3mm,41.13mm,1mm
1118,4V,27.5mm,6mm,41.58mm,10.5mm,32.5mm,3mm,41.13mm,1mm
1119,4V,27.5mm,6mm,41.58mm,11mm,32.5mm,3mm,41.13mm,1mm
1120,4V,27.5mm,6mm,41.58mm,10mm,32.5mm,3mm,41.13mm,1.5mm
1121,4V,27.5mm,6mm,41.58mm,10.5mm,32.5mm,3mm,41.13mm,1.5mm
1122,4V,27.5mm,6mm,41.58mm,11mm,32.5mm,3mm,41.13mm,1.5mm
1123,4V,27.5mm,6mm,41.58mm,10mm,32.5mm,3mm,41.13mm,2mm
1124,4V,27.5mm,6mm,41.58mm,10.5mm,32.5mm,3mm,41.13mm,2mm
1125,4V,27.5mm,6mm,41.58mm,11mm,32.5mm,3mm,41.13mm,2mm
1126,5V,27.5mm,6mm,41.58mm,10mm,32.5mm,3mm,41.13mm,1mm
1127,5V,27.5mm,6mm,41.58mm,10.5mm,32.5mm,3mm,41.13mm,1mm
1128,5V,27.5mm,6mm,41.58mm,11mm,32.5mm,3mm,41.13mm,1mm
1129,5V,27.5mm,6mm,41.58mm,10mm,32.5mm,3mm,41.13mm,1.5mm
1130,5V,27.5mm,6mm,41.58mm,10.5mm,32.5mm,3mm,41.13mm,1.5mm
1131,5V,27.5mm,6mm,41.58mm,11mm,32.5mm,3mm,41.13mm,1.5mm
1132,5V,27.5mm,6mm,41.58mm,10mm,32.5mm,3mm,41.13mm,2mm
1133,5V,27.5mm,6mm,41.58mm,10.5mm,32.5mm,3mm,41.13mm,2mm
1134,5V,27.5mm,6mm,41.58mm,11mm,32.5mm,3mm,41.13mm,2mm
1675,0V,28mm,6mm,41.58mm,10mm,32.5mm,3mm,41.13mm,1mm
1676,0V,28mm,6mm,41.58mm,10.5mm,32.5mm,3mm,41.13mm,1mm
1677,0V,28mm,6mm,41.58mm,11mm,32.5mm,3mm,41.13mm,1mm
1678,0V,28mm,6mm,41.58mm,10mm,32.5mm,3mm,41.13mm,1.5mm
1679,0V,28mm,6mm,41.58mm,10.5mm,32.5mm,3mm,41.13mm,1.5mm
1680,0V,28mm,6mm,41.58mm,11mm,32.5mm,3mm,41.13mm,1.5mm
1681,0V,28mm,6mm,41.58mm,10mm,32.5mm,3mm,41.13mm,2mm
1682,0V,28mm,6mm,41.58mm,10.5mm,32.5mm,3mm,41.13mm,2mm
1683,0V,28mm,6mm,41.58mm,11mm,32.5mm,3mm,41.13mm,2mm
1684,1V,28mm,6mm,41.58mm,10mm,32.5mm,3mm,41.13mm,1mm
1685,1V,28mm,6mm,41.58mm,10.5mm,32.5mm,3mm,41.13mm,1mm
1686,1V,28mm,6mm,41.58mm,11mm,32.5mm,3mm,41.13mm,1mm
1687,1V,28mm,6mm,41.58mm,10mm,32.5mm,3mm,41.13mm,1.5mm
1688,1V,28mm,6mm,41.58mm,10.5mm,32.5mm,3mm,41.13mm,1.5mm
1689,1V,28mm,6mm,41.58mm,11mm,32.5mm,3mm,41.13mm,1.5mm
1690,1V,28mm,6mm,41.58mm,10mm,32.5mm,3mm,41.13mm,2mm
1691,1V,28mm,6mm,41.58mm,10.5mm,32.5mm,3mm,41.13mm,2mm
1692,1V,28mm,6mm,41.58mm,11mm,32.5mm,3mm,41.13mm,2mm
1693,2V,28mm,6mm,41.58mm,10mm,32.5mm,3mm,41.13mm,1mm
1694,2V,28mm,6mm,41.58mm,10.5mm,32.5mm,3mm,41.13mm,1mm
1695,2V,28mm,6mm,41.58mm,11mm,32.5mm,3mm,41.13mm,1mm
1696,2V,28mm,6mm,41.58mm,10mm,32.5mm,3mm,41.13mm,1.5mm
1697,2V,28mm,6mm,41.58mm,10.5mm,32.5mm,3mm,41.13mm,1.5mm
1698,2V,28mm,6mm,41.58mm,11mm,32.5mm,3mm,41.13mm,1.5mm
1699,2V,28mm,6mm,41.58mm,10mm,32.5mm,3mm,41.13mm,2mm
1700,2V,28mm,6mm,41.58mm,10.5mm,32.5mm,3mm,41.13mm,2mm
1701,2V,28mm,6mm,41.58mm,11mm,32.5mm,3mm,41.13mm,2mm
1702,3V,28mm,6mm,41.58mm,10mm,32.5mm,3mm,41.13mm,1mm
1703,3V,28mm,6mm,41.58mm,10.5mm,32.5mm,3mm,41.13mm,1mm
1704,3V,28mm,6mm,41.58mm,11mm,32.5mm,3mm,41.13mm,1mm
1705,3V,28mm,6mm,41.58mm,10mm,32.5mm,3mm,41.13mm,1.5mm
1706,3V,28mm,6mm,41.58mm,10.5mm,32.5mm,3mm,41.13mm,1.5mm
1707,3V,28mm,6mm,41.58mm,11mm,32.5mm,3mm,41.13mm,1.5mm
1708,3V,28mm,6mm,41.58mm,10mm,32.5mm,3mm,41.13mm,2mm
1709,3V,28mm,6mm,41.58mm,10.5mm,32.5mm,3mm,41.13mm,2mm
1710,3V,28mm,6mm,41.58mm,11mm,32.5mm,3mm,41.13mm,2mm
1711,4V,28mm,6mm,41.58mm,10mm,32.5mm,3mm,41.13mm,1mm
1712,4V,28mm,6mm,41.58mm,10.5mm,32.5mm,3mm,41.13mm,1mm
1713,4V,28mm,6mm,41.58mm,11mm,32.5mm,3mm,41.13mm,1mm
1714,4V,28mm,6mm,41.58mm,10mm,32.5mm,3mm,41.13mm,1.5mm
1715,4V,28mm,6mm,41.58mm,10.5mm,32.5mm,3mm,41.13mm,1.5mm
1716,4V,28mm,6mm,41.58mm,11mm,32.5mm,3mm,41.13mm,1.5mm
1717,4V,28mm,6mm,41.58mm,10mm,32.5mm,3mm,41.13mm,2mm
1718,4V,28mm,6mm,41.58mm,10.5mm,32.5mm,3mm,41.13mm,2mm
1719,4V,28mm,6mm,41.58mm,11mm,32.5mm,3mm,41.13mm,2mm
1720,5V,28mm,6mm,41.58mm,10mm,32.5mm,3mm,41.13mm,1mm
1721,5V,28mm,6mm,41.58mm,10.5mm,32.5mm,3mm,41.13mm,1mm
1722,5V,28mm,6mm,41.58mm,11mm,32.5mm,3mm,41.13mm,1mm
1723,5V,28mm,6mm,41.58mm,10mm,32.5mm,3mm,41.13mm,1.5mm
1724,5V,28mm,6mm,41.58mm,10.5mm,32.5mm,3mm,41.13mm,1.5mm
1725,5V,28mm,6mm,41.58mm,11mm,32.5mm,3mm,41.13mm,1.5mm
1726,5V,28mm,6mm,41.58mm,10mm,32.5mm,3mm,41.13mm,2mm
1727,5V,28mm,6mm,41.58mm,10.5mm,32.5mm,3mm,41.13mm,2mm
1728,5V,28mm,6mm,41.58mm,11mm,32.5mm,3mm,41.13mm,2mm
2269,0V,28.5mm,6mm,41.58mm,10mm,32.5mm,3mm,41.13mm,1mm
2270,0V,28.5mm,6mm,41.58mm,10.5mm,32.5mm,3mm,41.13mm,1mm
2271,0V,28.5mm,6mm,41.58mm,11mm,32.5mm,3mm,41.13mm,1mm
2272,0V,28.5mm,6mm,41.58mm,10mm,32.5mm,3mm,41.13mm,1.5mm
2273,0V,28.5mm,6mm,41.58mm,10.5mm,32.5mm,3mm,41.13mm,1.5mm
2274,0V,28.5mm,6mm,41.58mm,11mm,32.5mm,3mm,41.13mm,1.5mm
2275,0V,28.5mm,6mm,41.58mm,10mm,32.5mm,3mm,41.13mm,2mm
2276,0V,28.5mm,6mm,41.58mm,10.5mm,32.5mm,3mm,41.13mm,2mm
2277,0V,28.5mm,6mm,41.58mm,11mm,32.5mm,3mm,41.13mm,2mm
2278,1V,28.5mm,6mm,41.58mm,10mm,32.5mm,3mm,41.13mm,1mm
2279,1V,28.5mm,6mm,41.58mm,10.5mm,32.5mm,3mm,41.13mm,1mm
2280,1V,28.5mm,6mm,41.58mm,11mm,32.5mm,3mm,41.13mm,1mm
2281,1V,28.5mm,6mm,41.58mm,10mm,32.5mm,3mm,41.13mm,1.5mm
2282,1V,28.5mm,6mm,41.58mm,10.5mm,32.5mm,3mm,41.13mm,1.5mm
2283,1V,28.5mm,6mm,41.58mm,11mm,32.5mm,3mm,41.13mm,1.5mm
2284,1V,28.5mm,6mm,41.58mm,10mm,32.5mm,3mm,41.13mm,2mm
2285,1V,28.5mm,6mm,41.58mm,10.5mm,32.5mm,3mm,41.13mm,2mm
2286,1V,28.5mm,6mm,41.58mm,11mm,32.5mm,3mm,41.13mm,2mm
2287,2V,28.5mm,6mm,41.58mm,10mm,32.5mm,3mm,41.13mm,1mm
2288,2V,28.5mm,6mm,41.58mm,10.5mm,32.5mm,3mm,41.13mm,1mm
2289,2V,28.5mm,6mm,41.58mm,11mm,32.5mm,3mm,41.13mm,1mm
2290,2V,28.5mm,6mm,41.58mm,10mm,32.5mm,3mm,41.13mm,1.5mm
2291,2V,28.5mm,6mm,41.58mm,10.5mm,32.5mm,3mm,41.13mm,1.5mm
2292,2V,28.5mm,6mm,41.58mm,11mm,32.5mm,3mm,41.13mm,1.5mm
2293,2V,28.5mm,6mm,41.58mm,10mm,32.5mm,3mm,41.13mm,2mm
2294,2V,28.5mm,6mm,41.58mm,10.5mm,32.5mm,3mm,41.13mm,2mm
2295,2V,28.5mm,6mm,41.58mm,11mm,32.5mm,3mm,41.13mm,2mm
2296,3V,28.5mm,6mm,41.58mm,10mm,32.5mm,3mm,41.13mm,1mm
2297,3V,28.5mm,6mm,41.58mm,10.5mm,32.5mm,3mm,41.13mm,1mm
2298,3V,28.5mm,6mm,41.58mm,11mm,32.5mm,3mm,41.13mm,1mm
2299,3V,28.5mm,6mm,41.58mm,10mm,32.5mm,3mm,41.13mm,1.5mm
2300,3V,28.5mm,6mm,41.58mm,10.5mm,32.5mm,3mm,41.13mm,1.5mm
2301,3V,28.5mm,6mm,41.58mm,11mm,32.5mm,3mm,41.13mm,1.5mm
2302,3V,28.5mm,6mm,41.58mm,10mm,32.5mm,3mm,41.13mm,2mm
2303,3V,28.5mm,6mm,41.58mm,10.5mm,32.5mm,3mm,41.13mm,2mm
2304,3V,28.5mm,6mm,41.58mm,11mm,32.5mm,3mm,41.13mm,2mm
2305,4V,28.5mm,6mm,41.58mm,10mm,32.5mm,3mm,41.13mm,1mm
2306,4V,28.5mm,6mm,41.58mm,10.5mm,32.5mm,3mm,41.13mm,1mm
2307,4V,28.5mm,6mm,41.58mm,11mm,32.5mm,3mm,41.13mm,1mm
2308,4V,28.5mm,6mm,41.58mm,10mm,32.5mm,3mm,41.13mm,1.5mm
2309,4V,28.5mm,6mm,41.58mm,10.5mm,32.5mm,3mm,41.13mm,1.5mm
2310,4V,28.5mm,6mm,41.58mm,11mm,32.5mm,3mm,41.13mm,1.5mm
2311,4V,28.5mm,6mm,41.58mm,10mm,32.5mm,3mm,41.13mm,2mm
2312,4V,28.5mm,6mm,41.58mm,10.5mm,32.5mm,3mm,41.13mm,2mm
2313,4V,28.5mm,6mm,41.58mm,11mm,32.5mm,3mm,41.13mm,2mm
2314,5V,28.5mm,6mm,41.58mm,10mm,32.5mm,3mm,41.13mm,1mm
2315,5V,28.5mm,6mm,41.58mm,10.5mm,32.5mm,3mm,41.13mm,1mm
2316,5V,28.5mm,6mm,41.58mm,11mm,32.5mm,3mm,41.13mm,1mm
2317,5V,28.5mm,6mm,41.58mm,10mm,32.5mm,3mm,41.13mm,1.5mm
2318,5V,28.5mm,6mm,41.58mm,10.5mm,32.5mm,3mm,41.13mm,1.5mm
2319,5V,28.5mm,6mm,41.58mm,11mm,32.5mm,3mm,41.13mm,1.5mm
2320,5V,28.5mm,6mm,41.58mm,10mm,32.5mm,3mm,41.13mm,2mm
2321,5V,28.5mm,6mm,41.58mm,10.5mm,32.5mm,3mm,41.13mm,2mm
2322,5V,28.5mm,6mm,41.58mm,11mm,32.5mm,3mm,41.13mm,2mm
2863,0V,29mm,6mm,41.58mm,10mm,32.5mm,3mm,41.13mm,1mm
2864,0V,29mm,6mm,41.58mm,10.5mm,32.5mm,3mm,41.13mm,1mm
2865,0V,29mm,6mm,41.58mm,11mm,32.5mm,3mm,41.13mm,1mm
2866,0V,29mm,6mm,41.58mm,10mm,32.5mm,3mm,41.13mm,1.5mm
2867,0V,29mm,6mm,41.58mm,10.5mm,32.5mm,3mm,41.13mm,1.5mm
2868,0V,29mm,6mm,41.58mm,11mm,32.5mm,3mm,41.13mm,1.5mm
2869,0V,29mm,6mm,41.58mm,10mm,32.5mm,3mm,41.13mm,2mm
2870,0V,29mm,6mm,41.58mm,10.5mm,32.5mm,3mm,41.13mm,2mm
2871,0V,29mm,6mm,41.58mm,11mm,32.5mm,3mm,41.13mm,2mm
2872,1V,29mm,6mm,41.58mm,10mm,32.5mm,3mm,41.13mm,1mm
2873,1V,29mm,6mm,41.58mm,10.5mm,32.5mm,3mm,41.13mm,1mm
2874,1V,29mm,6mm,41.58mm,11mm,32.5mm,3mm,41.13mm,1mm
2875,1V,29mm,6mm,41.58mm,10mm,32.5mm,3mm,41.13mm,1.5mm
2876,1V,29mm,6mm,41.58mm,10.5mm,32.5mm,3mm,41.13mm,1.5mm
2877,1V,29mm,6mm,41.58mm,11mm,32.5mm,3mm,41.13mm,1.5mm
2878,1V,29mm,6mm,41.58mm,10mm,32.5mm,3mm,41.13mm,2mm
2879,1V,29mm,6mm,41.58mm,10.5mm,32.5mm,3mm,41.13mm,2mm
2880,1V,29mm,6mm,41.58mm,11mm,32.5mm,3mm,41.13mm,2mm
2881,2V,29mm,6mm,41.58mm,10mm,32.5mm,3mm,41.13mm,1mm
2882,2V,29mm,6mm,41.58mm,10.5mm,32.5mm,3mm,41.13mm,1mm
2883,2V,29mm,6mm,41.58mm,11mm,32.5mm,3mm,41.13mm,1mm
2884,2V,29mm,6mm,41.58mm,10mm,32.5mm,3mm,41.13mm,1.5mm
2885,2V,29mm,6mm,41.58mm,10.5mm,32.5mm,3mm,41.13mm,1.5mm
2886,2V,29mm,6mm,41.58mm,11mm,32.5mm,3mm,41.13mm,1.5mm
2887,2V,29mm,6mm,41.58mm,10mm,32.5mm,3mm,41.13mm,2mm
2888,2V,29mm,6mm,41.58mm,10.5mm,32.5mm,3mm,41.13mm,2mm
2889,2V,29mm,6mm,41.58mm,11mm,32.5mm,3mm,41.13mm,2mm
2890,3V,29mm,6mm,41.58mm,10mm,32.5mm,3mm,41.13mm,1mm
2891,3V,29mm,6mm,41.58mm,10.5mm,32.5mm,3mm,41.13mm,1mm
2892,3V,29mm,6mm,41.58mm,11mm,32.5mm,3mm,41.13mm,1mm
2893,3V,29mm,6mm,41.58mm,10mm,32.5mm,3mm,41.13mm,1.5mm
2894,3V,29mm,6mm,41.58mm,10.5mm,32.5mm,3mm,41.13mm,1.5mm
2895,3V,29mm,6mm,41.58mm,11mm,32.5mm,3mm,41.13mm,1.5mm
2896,3V,29mm,6mm,41.58mm,10mm,32.5mm,3mm,41.13mm,2mm
2897,3V,29mm,6mm,41.58mm,10.5mm,32.5mm,3mm,41.13mm,2mm
2898,3V,29mm,6mm,41.58mm,11mm,32.5mm,3mm,41.13mm,2mm
2899,4V,29mm,6mm,41.58mm,10mm,32.5mm,3mm,41.13mm,1mm
2900,4V,29mm,6mm,41.58mm,10.5mm,32.5mm,3mm,41.13mm,1mm
2901,4V,29mm,6mm,41.58mm,11mm,32.5mm,3mm,41.13mm,1mm
2902,4V,29mm,6mm,41.58mm,10mm,32.5mm,3mm,41.13mm,1.5mm
2903,4V,29mm,6mm,41.58mm,10.5mm,32.5mm,3mm,41.13mm,1.5mm
2904,4V,29mm,6mm,41.58mm,11mm,32.5mm,3mm,41.13mm,1.5mm
2905,4V,29mm,6mm,41.58mm,10mm,32.5mm,3mm,41.13mm,2mm
2906,4V,29mm,6mm,41.58mm,10.5mm,32.5mm,3mm,41.13mm,2mm
2907,4V,29mm,6mm,41.58mm,11mm,32.5mm,3mm,41.13mm,2mm
2908,5V,29mm,6mm,41.58mm,10mm,32.5mm,3mm,41.13mm,1mm
2909,5V,29mm,6mm,41.58mm,10.5mm,32.5mm,3mm,41.13mm,1mm
2910,5V,29mm,6mm,41.58mm,11mm,32.5mm,3mm,41.13mm,1mm
2911,5V,29mm,6mm,41.58mm,10mm,32.5mm,3mm,41.13mm,1.5mm
2912,5V,29mm,6mm,41.58mm,10.5mm,32.5mm,3mm,41.13mm,1.5mm
2913,5V,29mm,6mm,41.58mm,11mm,32.5mm,3mm,41.13mm,1.5mm
2914,5V,29mm,6mm,41.58mm,10mm,32.5mm,3mm,41.13mm,2mm
2915,5V,29mm,6mm,41.58mm,10.5mm,32.5mm,3mm,41.13mm,2mm
2916,5V,29mm,6mm,41.58mm,11mm,32.5mm,3mm,41.13mm,2mm
3457,0V,29.5mm,6mm,41.58mm,10mm,32.5mm,3mm,41.13mm,1mm
3458,0V,29.5mm,6mm,41.58mm,10.5mm,32.5mm,3mm,41.13mm,1mm
3459,0V,29.5mm,6mm,41.58mm,11mm,32.5mm,3mm,41.13mm,1mm
3460,0V,29.5mm,6mm,41.58mm,10mm,32.5mm,3mm,41.13mm,1.5mm
3461,0V,29.5mm,6mm,41.58mm,10.5mm,32.5mm,3mm,41.13mm,1.5mm
3462,0V,29.5mm,6mm,41.58mm,11mm,32.5mm,3mm,41.13mm,1.5mm
3463,0V,29.5mm,6mm,41.58mm,10mm,32.5mm,3mm,41.13mm,2mm
3464,0V,29.5mm,6mm,41.58mm,10.5mm,32.5mm,3mm,41.13mm,2mm
3465,0V,29.5mm,6mm,41.58mm,11mm,32.5mm,3mm,41.13mm,2mm
3466,1V,29.5mm,6mm,41.58mm,10mm,32.5mm,3mm,41.13mm,1mm
3467,1V,29.5mm,6mm,41.58mm,10.5mm,32.5mm,3mm,41.13mm,1mm
3468,1V,29.5mm,6mm,41.58mm,11mm,32.5mm,3mm,41.13mm,1mm
3469,1V,29.5mm,6mm,41.58mm,10mm,32.5mm,3mm,41.13mm,1.5mm
3470,1V,29.5mm,6mm,41.58mm,10.5mm,32.5mm,3mm,41.13mm,1.5mm
3471,1V,29.5mm,6mm,41.58mm,11mm,32.5mm,3mm,41.13mm,1.5mm
3472,1V,29.5mm,6mm,41.58mm,10mm,32.5mm,3mm,41.13mm,2mm
3473,1V,29.5mm,6mm,41.58mm,10.5mm,32.5mm,3mm,41.13mm,2mm
3474,1V,29.5mm,6mm,41.58mm,11mm,32.5mm,3mm,41.13mm,2mm
3475,2V,29.5mm,6mm,41.58mm,10mm,32.5mm,3mm,41.13mm,1mm
3476,2V,29.5mm,6mm,41.58mm,10.5mm,32.5mm,3mm,41.13mm,1mm
3477,2V,29.5mm,6mm,41.58mm,11mm,32.5mm,3mm,41.13mm,1mm
3478,2V,29.5mm,6mm,41.58mm,10mm,32.5mm,3mm,41.13mm,1.5mm
3479,2V,29.5mm,6mm,41.58mm,10.5mm,32.5mm,3mm,41.13mm,1.5mm
3480,2V,29.5mm,6mm,41.58mm,11mm,32.5mm,3mm,41.13mm,1.5mm
3481,2V,29.5mm,6mm,41.58mm,10mm,32.5mm,3mm,41.13mm,2mm
3482,2V,29.5mm,6mm,41.58mm,10.5mm,32.5mm,3mm,41.13mm,2mm
3483,2V,29.5mm,6mm,41.58mm,11mm,32.5mm,3mm,41.13mm,2mm
3484,3V,29.5mm,6mm,41.58mm,10mm,32.5mm,3mm,41.13mm,1mm
3485,3V,29.5mm,6mm,41.58mm,10.5mm,32.5mm,3mm,41.13mm,1mm
3486,3V,29.5mm,6mm,41.58mm,11mm,32.5mm,3mm,41.13mm,1mm
3487,3V,29.5mm,6mm,41.58mm,10mm,32.5mm,3mm,41.13mm,1.5mm
3488,3V,29.5mm,6mm,41.58mm,10.5mm,32.5mm,3mm,41.13mm,1.5mm
3489,3V,29.5mm,6mm,41.58mm,11mm,32.5mm,3mm,41.13mm,1.5mm
3490,3V,29.5mm,6mm,41.58mm,10mm,32.5mm,3mm,41.13mm,2mm
3491,3V,29.5mm,6mm,41.58mm,10.5mm,32.5mm,3mm,41.13mm,2mm
3492,3V,29.5mm,6mm,41.58mm,11mm,32.5mm,3mm,41.13mm,2mm
3493,4V,29.5mm,6mm,41.58mm,10mm,32.5mm,3mm,41.13mm,1mm
3494,4V,29.5mm,6mm,41.58mm,10.5mm,32.5mm,3mm,41.13mm,1mm
3495,4V,29.5mm,6mm,41.58mm,11mm,32.5mm,3mm,41.13mm,1mm
3496,4V,29.5mm,6mm,41.58mm,10mm,32.5mm,3mm,41.13mm,1.5mm
3497,4V,29.5mm,6mm,41.58mm,10.5mm,32.5mm,3mm,41.13mm,1.5mm
3498,4V,29.5mm,6mm,41.58mm,11mm,32.5mm,3mm,41.13mm,1.5mm
3499,4V,29.5mm,6mm,41.58mm,10mm,32.5mm,3mm,41.13mm,2mm
3500,4V,29.5mm,6mm,41.58mm,10.5mm,32.5mm,3mm,41.13mm,2mm
3501,4V,29.5mm,6mm,41.58mm,11mm,32.5mm,3mm,41.13mm,2mm
3502,5V,29.5mm,6mm,41.58mm,10mm,32.5mm,3mm,41.13mm,1mm
3503,5V,29.5mm,6mm,41.58mm,10.5mm,32.5mm,3mm,41.13mm,1mm
3504,5V,29.5mm,6mm,41.58mm,11mm,32.5mm,3mm,41.13mm,1mm
3505,5V,29.5mm,6mm,41.58mm,10mm,32.5mm,3mm,41.13mm,1.5mm
3506,5V,29.5mm,6mm,41.58mm,10.5mm,32.5mm,3mm,41.13mm,1.5mm
3507,5V,29.5mm,6mm,41.58mm,11mm,32.5mm,3mm,41.13mm,1.5mm
3508,5V,29.5mm,6mm,41.58mm,10mm,32.5mm,3mm,41.13mm,2mm
3509,5V,29.5mm,6mm,41.58mm,10.5mm,32.5mm,3mm,41.13mm,2mm
3510,5V,29.5mm,6mm,41.58mm,11mm,32.5mm,3mm,41.13mm,2mm
4051,0V,30mm,6mm,41.58mm,10mm,32.5mm,3mm,41.13mm,1mm
4052,0V,30mm,6mm,41.58mm,10.5mm,32.5mm,3mm,41.13mm,1mm
4053,0V,30mm,6mm,41.58mm,11mm,32.5mm,3mm,41.13mm,1mm
4054,0V,30mm,6mm,41.58mm,10mm,32.5mm,3mm,41.13mm,1.5mm
4055,0V,30mm,6mm,41.58mm,10.5mm,32.5mm,3mm,41.13mm,1.5mm
4056,0V,30mm,6mm,41.58mm,11mm,32.5mm,3mm,41.13mm,1.5mm
4057,0V,30mm,6mm,41.58mm,10mm,32.5mm,3mm,41.13mm,2mm
4058,0V,30mm,6mm,41.58mm,10.5mm,32.5mm,3mm,41.13mm,2mm
4059,0V,30mm,6mm,41.58mm,11mm,32.5mm,3mm,41.13mm,2mm
4060,1V,30mm,6mm,41.58mm,10mm,32.5mm,3mm,41.13mm,1mm
4061,1V,30mm,6mm,41.58mm,10.5mm,32.5mm,3mm,41.13mm,1mm
4062,1V,30mm,6mm,41.58mm,11mm,32.5mm,3mm,41.13mm,1mm
4063,1V,30mm,6mm,41.58mm,10mm,32.5mm,3mm,41.13mm,1.5mm
4064,1V,30mm,6mm,41.58mm,10.5mm,32.5mm,3mm,41.13mm,1.5mm
4065,1V,30mm,6mm,41.58mm,11mm,32.5mm,3mm,41.13mm,1.5mm
4066,1V,30mm,6mm,41.58mm,10mm,32.5mm,3mm,41.13mm,2mm
4067,1V,30mm,6mm,41.58mm,10.5mm,32.5mm,3mm,41.13mm,2mm
4068,1V,30mm,6mm,41.58mm,11mm,32.5mm,3mm,41.13mm,2mm
4069,2V,30mm,6mm,41.58mm,10mm,32.5mm,3mm,41.13mm,1mm
4070,2V,30mm,6mm,41.58mm,10.5mm,32.5mm,3mm,41.13mm,1mm
4071,2V,30mm,6mm,41.58mm,11mm,32.5mm,3mm,41.13mm,1mm
4072,2V,30mm,6mm,41.58mm,10mm,32.5mm,3mm,41.13mm,1.5mm
4073,2V,30mm,6mm,41.58mm,10.5mm,32.5mm,3mm,41.13mm,1.5mm
4074,2V,30mm,6mm,41.58mm,11mm,32.5mm,3mm,41.13mm,1.5mm
4075,2V,30mm,6mm,41.58mm,10mm,32.5mm,3mm,41.13mm,2mm
4076,2V,30mm,6mm,41.58mm,10.5mm,32.5mm,3mm,41.13mm,2mm
4077,2V,30mm,6mm,41.58mm,11mm,32.5mm,3mm,41.13mm,2mm
4078,3V,30mm,6mm,41.58mm,10mm,32.5mm,3mm,41.13mm,1mm
4079,3V,30mm,6mm,41.58mm,10.5mm,32.5mm,3mm,41.13mm,1mm
4080,3V,30mm,6mm,41.58mm,11mm,32.5mm,3mm,41.13mm,1mm
4081,3V,30mm,6mm,41.58mm,10mm,32.5mm,3mm,41.13mm,1.5mm
4082,3V,30mm,6mm,41.58mm,10.5mm,32.5mm,3mm,41.13mm,1.5mm
4083,3V,30mm,6mm,41.58mm,11mm,32.5mm,3mm,41.13mm,1.5mm
4084,3V,30mm,6mm,41.58mm,10mm,32.5mm,3mm,41.13mm,2mm
4085,3V,30mm,6mm,41.58mm,10.5mm,32.5mm,3mm,41.13mm,2mm
4086,3V,30mm,6mm,41.58mm,11mm,32.5mm,3mm,41.13mm,2mm
4087,4V,30mm,6mm,41.58mm,10mm,32.5mm,3mm,41.13mm,1mm
4088,4V,30mm,6mm,41.58mm,10.5mm,32.5mm,3mm,41.13mm,1mm
4089,4V,30mm,6mm,41.58mm,11mm,32.5mm,3mm,41.13mm,1mm
4090,4V,30mm,6mm,41.58mm,10mm,32.5mm,3mm,41.13mm,1.5mm
4091,4V,30mm,6mm,41.58mm,10.5mm,32.5mm,3mm,41.13mm,1.5mm
4092,4V,30mm,6mm,41.58mm,11mm,32.5mm,3mm,41.13mm,1.5mm
4093,4V,30mm,6mm,41.58mm,10mm,32.5mm,3mm,41.13mm,2mm
4094,4V,30mm,6mm,41.58mm,10.5mm,32.5mm,3mm,41.13mm,2mm
4095,4V,30mm,6mm,41.58mm,11mm,32.5mm,3mm,41.13mm,2mm
4096,5V,30mm,6mm,41.58mm,10mm,32.5mm,3mm,41.13mm,1mm
4097,5V,30mm,6mm,41.58mm,10.5mm,32.5mm,3mm,41.13mm,1mm
4098,5V,30mm,6mm,41.58mm,11mm,32.5mm,3mm,41.13mm,1mm
4099,5V,30mm,6mm,41.58mm,10mm,32.5mm,3mm,41.13mm,1.5mm
4100,5V,30mm,6mm,41.58mm,10.5mm,32.5mm,3mm,41.13mm,1.5mm
4101,5V,30mm,6mm,41.58mm,11mm,32.5mm,3mm,41.13mm,1.5mm
4102,5V,30mm,6mm,41.58mm,10mm,32.5mm,3mm,41.13mm,2mm
4103,5V,30mm,6mm,41.58mm,10.5mm,32.5mm,3mm,41.13mm,2mm
4104,5V,30mm,6mm,41.58mm,11mm,32.5mm,3mm,41.13mm,2mm
4645,0V,30.5mm,6mm,41.58mm,10mm,32.5mm,3mm,41.13mm,1mm
4646,0V,30.5mm,6mm,41.58mm,10.5mm,32.5mm,3mm,41.13mm,1mm
4647,0V,30.5mm,6mm,41.58mm,11mm,32.5mm,3mm,41.13mm,1mm
4648,0V,30.5mm,6mm,41.58mm,10mm,32.5mm,3mm,41.13mm,1.5mm
4649,0V,30.5mm,6mm,41.58mm,10.5mm,32.5mm,3mm,41.13mm,1.5mm
4650,0V,30.5mm,6mm,41.58mm,11mm,32.5mm,3mm,41.13mm,1.5mm
4651,0V,30.5mm,6mm,41.58mm,10mm,32.5mm,3mm,41.13mm,2mm
4652,0V,30.5mm,6mm,41.58mm,10.5mm,32.5mm,3mm,41.13mm,2mm
4653,0V,30.5mm,6mm,41.58mm,11mm,32.5mm,3mm,41.13mm,2mm
4654,1V,30.5mm,6mm,41.58mm,10mm,32.5mm,3mm,41.13mm,1mm
4655,1V,30.5mm,6mm,41.58mm,10.5mm,32.5mm,3mm,41.13mm,1mm
4656,1V,30.5mm,6mm,41.58mm,11mm,32.5mm,3mm,41.13mm,1mm
4657,1V,30.5mm,6mm,41.58mm,10mm,32.5mm,3mm,41.13mm,1.5mm
4658,1V,30.5mm,6mm,41.58mm,10.5mm,32.5mm,3mm,41.13mm,1.5mm
4659,1V,30.5mm,6mm,41.58mm,11mm,32.5mm,3mm,41.13mm,1.5mm
4660,1V,30.5mm,6mm,41.58mm,10mm,32.5mm,3mm,41.13mm,2mm
4661,1V,30.5mm,6mm,41.58mm,10.5mm,32.5mm,3mm,41.13mm,2mm
4662,1V,30.5mm,6mm,41.58mm,11mm,32.5mm,3mm,41.13mm,2mm
4663,2V,30.5mm,6mm,41.58mm,10mm,32.5mm,3mm,41.13mm,1mm
4664,2V,30.5mm,6mm,41.58mm,10.5mm,32.5mm,3mm,41.13mm,1mm
4665,2V,30.5mm,6mm,41.58mm,11mm,32.5mm,3mm,41.13mm,1mm
4666,2V,30.5mm,6mm,41.58mm,10mm,32.5mm,3mm,41.13mm,1.5mm
4667,2V,30.5mm,6mm,41.58mm,10.5mm,32.5mm,3mm,41.13mm,1.5mm
4668,2V,30.5mm,6mm,41.58mm,11mm,32.5mm,3mm,41.13mm,1.5mm
4669,2V,30.5mm,6mm,41.58mm,10mm,32.5mm,3mm,41.13mm,2mm
4670,2V,30.5mm,6mm,41.58mm,10.5mm,32.5mm,3mm,41.13mm,2mm
4671,2V,30.5mm,6mm,41.58mm,11mm,32.5mm,3mm,41.13mm,2mm
4672,3V,30.5mm,6mm,41.58mm,10mm,32.5mm,3mm,41.13mm,1mm
4673,3V,30.5mm,6mm,41.58mm,10.5mm,32.5mm,3mm,41.13mm,1mm
4674,3V,30.5mm,6mm,41.58mm,11mm,32.5mm,3mm,41.13mm,1mm
4675,3V,30.5mm,6mm,41.58mm,10mm,32.5mm,3mm,41.13mm,1.5mm
4676,3V,30.5mm,6mm,41.58mm,10.5mm,32.5mm,3mm,41.13mm,1.5mm
4677,3V,30.5mm,6mm,41.58mm,11mm,32.5mm,3mm,41.13mm,1.5mm
4678,3V,30.5mm,6mm,41.58mm,10mm,32.5mm,3mm,41.13mm,2mm
4679,3V,30.5mm,6mm,41.58mm,10.5mm,32.5mm,3mm,41.13mm,2mm
4680,3V,30.5mm,6mm,41.58mm,11mm,32.5mm,3mm,41.13mm,2mm
4681,4V,30.5mm,6mm,41.58mm,10mm,32.5mm,3mm,41.13mm,1mm
4682,4V,30.5mm,6mm,41.58mm,10.5mm,32.5mm,3mm,41.13mm,1mm
4683,4V,30.5mm,6mm,41.58mm,11mm,32.5mm,3mm,41.13mm,1mm
4684,4V,30.5mm,6mm,41.58mm,10mm,32.5mm,3mm,41.13mm,1.5mm
4685,4V,30.5mm,6mm,41.58mm,10.5mm,32.5mm,3mm,41.13mm,1.5mm
4686,4V,30.5mm,6mm,41.58mm,11mm,32.5mm,3mm,41.13mm,1.5mm
4687,4V,30.5mm,6mm,41.58mm,10mm,32.5mm,3mm,41.13mm,2mm
4688,4V,30.5mm,6mm,41.58mm,10.5mm,32.5mm,3mm,41.13mm,2mm
4689,4V,30.5mm,6mm,41.58mm,11mm,32.5mm,3mm,41.13mm,2mm
4690,5V,30.5mm,6mm,41.58mm,10mm,32.5mm,3mm,41.13mm,1mm
4691,5V,30.5mm,6mm,41.58mm,10.5mm,32.5mm,3mm,41.13mm,1mm
4692,5V,30.5mm,6mm,41.58mm,11mm,32.5mm,3mm,41.13mm,1mm
4693,5V,30.5mm,6mm,41.58mm,10mm,32.5mm,3mm,41.13mm,1.5mm
4694,5V,30.5mm,6mm,41.58mm,10.5mm,32.5mm,3mm,41.13mm,1.5mm
4695,5V,30.5mm,6mm,41.58mm,11mm,32.5mm,3mm,41.13mm,1.5mm
4696,5V,30.5mm,6mm,41.58mm,10mm,32.5mm,3mm,41.13mm,2mm
4697,5V,30.5mm,6mm,41.58mm,10.5mm,32.5mm,3mm,41.13mm,2mm
4698,5V,30.5mm,6mm,41.58mm,11mm,32.5mm,3mm,41.13mm,2mm
5239,0V,31mm,6mm,41.58mm,10mm,32.5mm,3mm,41.13mm,1mm
5240,0V,31mm,6mm,41.58mm,10.5mm,32.5mm,3mm,41.13mm,1mm
5241,0V,31mm,6mm,41.58mm,11mm,32.5mm,3mm,41.13mm,1mm
5242,0V,31mm,6mm,41.58mm,10mm,32.5mm,3mm,41.13mm,1.5mm
5243,0V,31mm,6mm,41.58mm,10.5mm,32.5mm,3mm,41.13mm,1.5mm
5244,0V,31mm,6mm,41.58mm,11mm,32.5mm,3mm,41.13mm,1.5mm
5245,0V,31mm,6mm,41.58mm,10mm,32.5mm,3mm,41.13mm,2mm
5246,0V,31mm,6mm,41.58mm,10.5mm,32.5mm,3mm,41.13mm,2mm
5247,0V,31mm,6mm,41.58mm,11mm,32.5mm,3mm,41.13mm,2mm
5248,1V,31mm,6mm,41.58mm,10mm,32.5mm,3mm,41.13mm,1mm
5249,1V,31mm,6mm,41.58mm,10.5mm,32.5mm,3mm,41.13mm,1mm
5250,1V,31mm,6mm,41.58mm,11mm,32.5mm,3mm,41.13mm,1mm
5251,1V,31mm,6mm,41.58mm,10mm,32.5mm,3mm,41.13mm,1.5mm
5252,1V,31mm,6mm,41.58mm,10.5mm,32.5mm,3mm,41.13mm,1.5mm
5253,1V,31mm,6mm,41.58mm,11mm,32.5mm,3mm,41.13mm,1.5mm
5254,1V,31mm,6mm,41.58mm,10mm,32.5mm,3mm,41.13mm,2mm
5255,1V,31mm,6mm,41.58mm,10.5mm,32.5mm,3mm,41.13mm,2mm
5256,1V,31mm,6mm,41.58mm,11mm,32.5mm,3mm,41.13mm,2mm
5257,2V,31mm,6mm,41.58mm,10mm,32.5mm,3mm,41.13mm,1mm
5258,2V,31mm,6mm,41.58mm,10.5mm,32.5mm,3mm,41.13mm,1mm
5259,2V,31mm,6mm,41.58mm,11mm,32.5mm,3mm,41.13mm,1mm
5260,2V,31mm,6mm,41.58mm,10mm,32.5mm,3mm,41.13mm,1.5mm
5261,2V,31mm,6mm,41.58mm,10.5mm,32.5mm,3mm,41.13mm,1.5mm
5262,2V,31mm,6mm,41.58mm,11mm,32.5mm,3mm,41.13mm,1.5mm
5263,2V,31mm,6mm,41.58mm,10mm,32.5mm,3mm,41.13mm,2mm
5264,2V,31mm,6mm,41.58mm,10.5mm,32.5mm,3mm,41.13mm,2mm
5265,2V,31mm,6mm,41.58mm,11mm,32.5mm,3mm,41.13mm,2mm
5266,3V,31mm,6mm,41.58mm,10mm,32.5mm,3mm,41.13mm,1mm
5267,3V,31mm,6mm,41.58mm,10.5mm,32.5mm,3mm,41.13mm,1mm
5268,3V,31mm,6mm,41.58mm,11mm,32.5mm,3mm,41.13mm,1mm
5269,3V,31mm,6mm,41.58mm,10mm,32.5mm,3mm,41.13mm,1.5mm
5270,3V,31mm,6mm,41.58mm,10.5mm,32.5mm,3mm,41.13mm,1.5mm
5271,3V,31mm,6mm,41.58mm,11mm,32.5mm,3mm,41.13mm,1.5mm
5272,3V,31mm,6mm,41.58mm,10mm,32.5mm,3mm,41.13mm,2mm
5273,3V,31mm,6mm,41.58mm,10.5mm,32.5mm,3mm,41.13mm,2mm
5274,3V,31mm,6mm,41.58mm,11mm,32.5mm,3mm,41.13mm,2mm
5275,4V,31mm,6mm,41.58mm,10mm,32.5mm,3mm,41.13mm,1mm
5276,4V,31mm,6mm,41.58mm,10.5mm,32.5mm,3mm,41.13mm,1mm
5277,4V,31mm,6mm,41.58mm,11mm,32.5mm,3mm,41.13mm,1mm
5278,4V,31mm,6mm,41.58mm,10mm,32.5mm,3mm,41.13mm,1.5mm
5279,4V,31mm,6mm,41.58mm,10.5mm,32.5mm,3mm,41.13mm,1.5mm
5280,4V,31mm,6mm,41.58mm,11mm,32.5mm,3mm,41.13mm,1.5mm
5281,4V,31mm,6mm,41.58mm,10mm,32.5mm,3mm,41.13mm,2mm
5282,4V,31mm,6mm,41.58mm,10.5mm,32.5mm,3mm,41.13mm,2mm
5283,4V,31mm,6mm,41.58mm,11mm,32.5mm,3mm,41.13mm,2mm
5284,5V,31mm,6mm,41.58mm,10mm,32.5mm,3mm,41.13mm,1mm
5285,5V,31mm,6mm,41.58mm,10.5mm,32.5mm,3mm,41.13mm,1mm
5286,5V,31mm,6mm,41.58mm,11mm,32.5mm,3mm,41.13mm,1mm
5287,5V,31mm,6mm,41.58mm,10mm,32.5mm,3mm,41.13mm,1.5mm
5288,5V,31mm,6mm,41.58mm,10.5mm,32.5mm,3mm,41.13mm,1.5mm
5289,5V,31mm,6mm,41.58mm,11mm,32.5mm,3mm,41.13mm,1.5mm
5290,5V,31mm,6mm,41.58mm,10mm,32.5mm,3mm,41.13mm,2mm
5291,5V,31mm,6mm,41.58mm,10.5mm,32.5mm,3mm,41.13mm,2mm
5292,5V,31mm,6mm,41.58mm,11mm,32.5mm,3mm,41.13mm,2mm
5833,0V,31.5mm,6mm,41.58mm,10mm,32.5mm,3mm,41.13mm,1mm
5834,0V,31.5mm,6mm,41.58mm,10.5mm,32.5mm,3mm,41.13mm,1mm
5835,0V,31.5mm,6mm,41.58mm,11mm,32.5mm,3mm,41.13mm,1mm
5836,0V,31.5mm,6mm,41.58mm,10mm,32.5mm,3mm,41.13mm,1.5mm
5837,0V,31.5mm,6mm,41.58mm,10.5mm,32.5mm,3mm,41.13mm,1.5mm
5838,0V,31.5mm,6mm,41.58mm,11mm,32.5mm,3mm,41.13mm,1.5mm
5839,0V,31.5mm,6mm,41.58mm,10mm,32.5mm,3mm,41.13mm,2mm
5840,0V,31.5mm,6mm,41.58mm,10.5mm,32.5mm,3mm,41.13mm,2mm
5841,0V,31.5mm,6mm,41.58mm,11mm,32.5mm,3mm,41.13mm,2mm
5842,1V,31.5mm,6mm,41.58mm,10mm,32.5mm,3mm,41.13mm,1mm
5843,1V,31.5mm,6mm,41.58mm,10.5mm,32.5mm,3mm,41.13mm,1mm
5844,1V,31.5mm,6mm,41.58mm,11mm,32.5mm,3mm,41.13mm,1mm
5845,1V,31.5mm,6mm,41.58mm,10mm,32.5mm,3mm,41.13mm,1.5mm
5846,1V,31.5mm,6mm,41.58mm,10.5mm,32.5mm,3mm,41.13mm,1.5mm
5847,1V,31.5mm,6mm,41.58mm,11mm,32.5mm,3mm,41.13mm,1.5mm
5848,1V,31.5mm,6mm,41.58mm,10mm,32.5mm,3mm,41.13mm,2mm
5849,1V,31.5mm,6mm,41.58mm,10.5mm,32.5mm,3mm,41.13mm,2mm
5850,1V,31.5mm,6mm,41.58mm,11mm,32.5mm,3mm,41.13mm,2mm
5851,2V,31.5mm,6mm,41.58mm,10mm,32.5mm,3mm,41.13mm,1mm
5852,2V,31.5mm,6mm,41.58mm,10.5mm,32.5mm,3mm,41.13mm,1mm
5853,2V,31.5mm,6mm,41.58mm,11mm,32.5mm,3mm,41.13mm,1mm
5854,2V,31.5mm,6mm,41.58mm,10mm,32.5mm,3mm,41.13mm,1.5mm
5855,2V,31.5mm,6mm,41.58mm,10.5mm,32.5mm,3mm,41.13mm,1.5mm
5856,2V,31.5mm,6mm,41.58mm,11mm,32.5mm,3mm,41.13mm,1.5mm
5857,2V,31.5mm,6mm,41.58mm,10mm,32.5mm,3mm,41.13mm,2mm
5858,2V,31.5mm,6mm,41.58mm,10.5mm,32.5mm,3mm,41.13mm,2mm
5859,2V,31.5mm,6mm,41.58mm,11mm,32.5mm,3mm,41.13mm,2mm
5860,3V,31.5mm,6mm,41.58mm,10mm,32.5mm,3mm,41.13mm,1mm
5861,3V,31.5mm,6mm,41.58mm,10.5mm,32.5mm,3mm,41.13mm,1mm
5862,3V,31.5mm,6mm,41.58mm,11mm,32.5mm,3mm,41.13mm,1mm
5863,3V,31.5mm,6mm,41.58mm,10mm,32.5mm,3mm,41.13mm,1.5mm
5864,3V,31.5mm,6mm,41.58mm,10.5mm,32.5mm,3mm,41.13mm,1.5mm
5865,3V,31.5mm,6mm,41.58mm,11mm,32.5mm,3mm,41.13mm,1.5mm
5866,3V,31.5mm,6mm,41.58mm,10mm,32.5mm,3mm,41.13mm,2mm
5867,3V,31.5mm,6mm,41.58mm,10.5mm,32.5mm,3mm,41.13mm,2mm
5868,3V,31.5mm,6mm,41.58mm,11mm,32.5mm,3mm,41.13mm,2mm
5869,4V,31.5mm,6mm,41.58mm,10mm,32.5mm,3mm,41.13mm,1mm
5870,4V,31.5mm,6mm,41.58mm,10.5mm,32.5mm,3mm,41.13mm,1mm
5871,4V,31.5mm,6mm,41.58mm,11mm,32.5mm,3mm,41.13mm,1mm
5872,4V,31.5mm,6mm,41.58mm,10mm,32.5mm,3mm,41.13mm,1.5mm
5873,4V,31.5mm,6mm,41.58mm,10.5mm,32.5mm,3mm,41.13mm,1.5mm
5874,4V,31.5mm,6mm,41.58mm,11mm,32.5mm,3mm,41.13mm,1.5mm
5875,4V,31.5mm,6mm,41.58mm,10mm,32.5mm,3mm,41.13mm,2mm
5876,4V,31.5mm,6mm,41.58mm,10.5mm,32.5mm,3mm,41.13mm,2mm
5877,4V,31.5mm,6mm,41.58mm,11mm,32.5mm,3mm,41.13mm,2mm
5878,5V,31.5mm,6mm,41.58mm,10mm,32.5mm,3mm,41.13mm,1mm
5879,5V,31.5mm,6mm,41.58mm,10.5mm,32.5mm,3mm,41.13mm,1mm
5880,5V,31.5mm,6mm,41.58mm,11mm,32.5mm,3mm,41.13mm,1mm
5881,5V,31.5mm,6mm,41.58mm,10mm,32.5mm,3mm,41.13mm,1.5mm
5882,5V,31.5mm,6mm,41.58mm,10.5mm,32.5mm,3mm,41.13mm,1.5mm
5883,5V,31.5mm,6mm,41.58mm,11mm,32.5mm,3mm,41.13mm,1.5mm
5884,5V,31.5mm,6mm,41.58mm,10mm,32.5mm,3mm,41.13mm,2mm
5885,5V,31.5mm,6mm,41.58mm,10.5mm,32.5mm,3mm,41.13mm,2mm
5886,5V,31.5mm,6mm,41.58mm,11mm,32.5mm,3mm,41.13mm,2mm
6427,0V,32mm,6mm,41.58mm,10mm,32.5mm,3mm,41.13mm,1mm
6428,0V,32mm,6mm,41.58mm,10.5mm,32.5mm,3mm,41.13mm,1mm
6429,0V,32mm,6mm,41.58mm,11mm,32.5mm,3mm,41.13mm,1mm
6430,0V,32mm,6mm,41.58mm,10mm,32.5mm,3mm,41.13mm,1.5mm
6431,0V,32mm,6mm,41.58mm,10.5mm,32.5mm,3mm,41.13mm,1.5mm
6432,0V,32mm,6mm,41.58mm,11mm,32.5mm,3mm,41.13mm,1.5mm
6433,0V,32mm,6mm,41.58mm,10mm,32.5mm,3mm,41.13mm,2mm
6434,0V,32mm,6mm,41.58mm,10.5mm,32.5mm,3mm,41.13mm,2mm
6435,0V,32mm,6mm,41.58mm,11mm,32.5mm,3mm,41.13mm,2mm
6436,1V,32mm,6mm,41.58mm,10mm,32.5mm,3mm,41.13mm,1mm
6437,1V,32mm,6mm,41.58mm,10.5mm,32.5mm,3mm,41.13mm,1mm
6438,1V,32mm,6mm,41.58mm,11mm,32.5mm,3mm,41.13mm,1mm
6439,1V,32mm,6mm,41.58mm,10mm,32.5mm,3mm,41.13mm,1.5mm
6440,1V,32mm,6mm,41.58mm,10.5mm,32.5mm,3mm,41.13mm,1.5mm
6441,1V,32mm,6mm,41.58mm,11mm,32.5mm,3mm,41.13mm,1.5mm
6442,1V,32mm,6mm,41.58mm,10mm,32.5mm,3mm,41.13mm,2mm
6443,1V,32mm,6mm,41.58mm,10.5mm,32.5mm,3mm,41.13mm,2mm
6444,1V,32mm,6mm,41.58mm,11mm,32.5mm,3mm,41.13mm,2mm
6445,2V,32mm,6mm,41.58mm,10mm,32.5mm,3mm,41.13mm,1mm
6446,2V,32mm,6mm,41.58mm,10.5mm,32.5mm,3mm,41.13mm,1mm
6447,2V,32mm,6mm,41.58mm,11mm,32.5mm,3mm,41.13mm,1mm
6448,2V,32mm,6mm,41.58mm,10mm,32.5mm,3mm,41.13mm,1.5mm
6449,2V,32mm,6mm,41.58mm,10.5mm,32.5mm,3mm,41.13mm,1.5mm
6450,2V,32mm,6mm,41.58mm,11mm,32.5mm,3mm,41.13mm,1.5mm
6451,2V,32mm,6mm,41.58mm,10mm,32.5mm,3mm,41.13mm,2mm
6452,2V,32mm,6mm,41.58mm,10.5mm,32.5mm,3mm,41.13mm,2mm
6453,2V,32mm,6mm,41.58mm,11mm,32.5mm,3mm,41.13mm,2mm
6454,3V,32mm,6mm,41.58mm,10mm,32.5mm,3mm,41.13mm,1mm
6455,3V,32mm,6mm,41.58mm,10.5mm,32.5mm,3mm,41.13mm,1mm
6456,3V,32mm,6mm,41.58mm,11mm,32.5mm,3mm,41.13mm,1mm
6457,3V,32mm,6mm,41.58mm,10mm,32.5mm,3mm,41.13mm,1.5mm
6458,3V,32mm,6mm,41.58mm,10.5mm,32.5mm,3mm,41.13mm,1.5mm
6459,3V,32mm,6mm,41.58mm,11mm,32.5mm,3mm,41.13mm,1.5mm
6460,3V,32mm,6mm,41.58mm,10mm,32.5mm,3mm,41.13mm,2mm
6461,3V,32mm,6mm,41.58mm,10.5mm,32.5mm,3mm,41.13mm,2mm
6462,3V,32mm,6mm,41.58mm,11mm,32.5mm,3mm,41.13mm,2mm
6463,4V,32mm,6mm,41.58mm,10mm,32.5mm,3mm,41.13mm,1mm
6464,4V,32mm,6mm,41.58mm,10.5mm,32.5mm,3mm,41.13mm,1mm
6465,4V,32mm,6mm,41.58mm,11mm,32.5mm,3mm,41.13mm,1mm
6466,4V,32mm,6mm,41.58mm,10mm,32.5mm,3mm,41.13mm,1.5mm
6467,4V,32mm,6mm,41.58mm,10.5mm,32.5mm,3mm,41.13mm,1.5mm
6468,4V,32mm,6mm,41.58mm,11mm,32.5mm,3mm,41.13mm,1.5mm
6469,4V,32mm,6mm,41.58mm,10mm,32.5mm,3mm,41.13mm,2mm
6470,4V,32mm,6mm,41.58mm,10.5mm,32.5mm,3mm,41.13mm,2mm
6471,4V,32mm,6mm,41.58mm,11mm,32.5mm,3mm,41.13mm,2mm
6472,5V,32mm,6mm,41.58mm,10mm,32.5mm,3mm,41.13mm,1mm
6473,5V,32mm,6mm,41.58mm,10.5mm,32.5mm,3mm,41.13mm,1mm
6474,5V,32mm,6mm,41.58mm,11mm,32.5mm,3mm,41.13mm,1mm
6475,5V,32mm,6mm,41.58mm,10mm,32.5mm,3mm,41.13mm,1.5mm
6476,5V,32mm,6mm,41.58mm,10.5mm,32.5mm,3mm,41.13mm,1.5mm
6477,5V,32mm,6mm,41.58mm,11mm,32.5mm,3mm,41.13mm,1.5mm
6478,5V,32mm,6mm,41.58mm,10mm,32.5mm,3mm,41.13mm,2mm
6479,5V,32mm,6mm,41.58mm,10.5mm,32.5mm,3mm,41.13mm,2mm
6480,5V,32mm,6mm,41.58mm,11mm,32.5mm,3mm,41.13mm,2mm
541,0V,27mm,6mm,41.58mm,10mm,33mm,3mm,41.13mm,1mm
542,0V,27mm,6mm,41.58mm,10.5mm,33mm,3mm,41.13mm,1mm
543,0V,27mm,6mm,41.58mm,11mm,33mm,3mm,41.13mm,1mm
544,0V,27mm,6mm,41.58mm,10mm,33mm,3mm,41.13mm,1.5mm
545,0V,27mm,6mm,41.58mm,10.5mm,33mm,3mm,41.13mm,1.5mm
546,0V,27mm,6mm,41.58mm,11mm,33mm,3mm,41.13mm,1.5mm
547,0V,27mm,6mm,41.58mm,10mm,33mm,3mm,41.13mm,2mm
548,0V,27mm,6mm,41.58mm,10.5mm,33mm,3mm,41.13mm,2mm
549,0V,27mm,6mm,41.58mm,11mm,33mm,3mm,41.13mm,2mm
550,1V,27mm,6mm,41.58mm,10mm,33mm,3mm,41.13mm,1mm
551,1V,27mm,6mm,41.58mm,10.5mm,33mm,3mm,41.13mm,1mm
552,1V,27mm,6mm,41.58mm,11mm,33mm,3mm,41.13mm,1mm
553,1V,27mm,6mm,41.58mm,10mm,33mm,3mm,41.13mm,1.5mm
554,1V,27mm,6mm,41.58mm,10.5mm,33mm,3mm,41.13mm,1.5mm
555,1V,27mm,6mm,41.58mm,11mm,33mm,3mm,41.13mm,1.5mm
556,1V,27mm,6mm,41.58mm,10mm,33mm,3mm,41.13mm,2mm
557,1V,27mm,6mm,41.58mm,10.5mm,33mm,3mm,41.13mm,2mm
558,1V,27mm,6mm,41.58mm,11mm,33mm,3mm,41.13mm,2mm
559,2V,27mm,6mm,41.58mm,10mm,33mm,3mm,41.13mm,1mm
560,2V,27mm,6mm,41.58mm,10.5mm,33mm,3mm,41.13mm,1mm
561,2V,27mm,6mm,41.58mm,11mm,33mm,3mm,41.13mm,1mm
562,2V,27mm,6mm,41.58mm,10mm,33mm,3mm,41.13mm,1.5mm
563,2V,27mm,6mm,41.58mm,10.5mm,33mm,3mm,41.13mm,1.5mm
564,2V,27mm,6mm,41.58mm,11mm,33mm,3mm,41.13mm,1.5mm
565,2V,27mm,6mm,41.58mm,10mm,33mm,3mm,41.13mm,2mm
566,2V,27mm,6mm,41.58mm,10.5mm,33mm,3mm,41.13mm,2mm
567,2V,27mm,6mm,41.58mm,11mm,33mm,3mm,41.13mm,2mm
568,3V,27mm,6mm,41.58mm,10mm,33mm,3mm,41.13mm,1mm
569,3V,27mm,6mm,41.58mm,10.5mm,33mm,3mm,41.13mm,1mm
570,3V,27mm,6mm,41.58mm,11mm,33mm,3mm,41.13mm,1mm
571,3V,27mm,6mm,41.58mm,10mm,33mm,3mm,41.13mm,1.5mm
572,3V,27mm,6mm,41.58mm,10.5mm,33mm,3mm,41.13mm,1.5mm
573,3V,27mm,6mm,41.58mm,11mm,33mm,3mm,41.13mm,1.5mm
574,3V,27mm,6mm,41.58mm,10mm,33mm,3mm,41.13mm,2mm
575,3V,27mm,6mm,41.58mm,10.5mm,33mm,3mm,41.13mm,2mm
576,3V,27mm,6mm,41.58mm,11mm,33mm,3mm,41.13mm,2mm
577,4V,27mm,6mm,41.58mm,10mm,33mm,3mm,41.13mm,1mm
578,4V,27mm,6mm,41.58mm,10.5mm,33mm,3mm,41.13mm,1mm
579,4V,27mm,6mm,41.58mm,11mm,33mm,3mm,41.13mm,1mm
580,4V,27mm,6mm,41.58mm,10mm,33mm,3mm,41.13mm,1.5mm
581,4V,27mm,6mm,41.58mm,10.5mm,33mm,3mm,41.13mm,1.5mm
582,4V,27mm,6mm,41.58mm,11mm,33mm,3mm,41.13mm,1.5mm
583,4V,27mm,6mm,41.58mm,10mm,33mm,3mm,41.13mm,2mm
584,4V,27mm,6mm,41.58mm,10.5mm,33mm,3mm,41.13mm,2mm
585,4V,27mm,6mm,41.58mm,11mm,33mm,3mm,41.13mm,2mm
586,5V,27mm,6mm,41.58mm,10mm,33mm,3mm,41.13mm,1mm
587,5V,27mm,6mm,41.58mm,10.5mm,33mm,3mm,41.13mm,1mm
588,5V,27mm,6mm,41.58mm,11mm,33mm,3mm,41.13mm,1mm
589,5V,27mm,6mm,41.58mm,10mm,33mm,3mm,41.13mm,1.5mm
590,5V,27mm,6mm,41.58mm,10.5mm,33mm,3mm,41.13mm,1.5mm
591,5V,27mm,6mm,41.58mm,11mm,33mm,3mm,41.13mm,1.5mm
592,5V,27mm,6mm,41.58mm,10mm,33mm,3mm,41.13mm,2mm
593,5V,27mm,6mm,41.58mm,10.5mm,33mm,3mm,41.13mm,2mm
594,5V,27mm,6mm,41.58mm,11mm,33mm,3mm,41.13mm,2mm
1135,0V,27.5mm,6mm,41.58mm,10mm,33mm,3mm,41.13mm,1mm
1136,0V,27.5mm,6mm,41.58mm,10.5mm,33mm,3mm,41.13mm,1mm
1137,0V,27.5mm,6mm,41.58mm,11mm,33mm,3mm,41.13mm,1mm
1138,0V,27.5mm,6mm,41.58mm,10mm,33mm,3mm,41.13mm,1.5mm
1139,0V,27.5mm,6mm,41.58mm,10.5mm,33mm,3mm,41.13mm,1.5mm
1140,0V,27.5mm,6mm,41.58mm,11mm,33mm,3mm,41.13mm,1.5mm
1141,0V,27.5mm,6mm,41.58mm,10mm,33mm,3mm,41.13mm,2mm
1142,0V,27.5mm,6mm,41.58mm,10.5mm,33mm,3mm,41.13mm,2mm
1143,0V,27.5mm,6mm,41.58mm,11mm,33mm,3mm,41.13mm,2mm
1144,1V,27.5mm,6mm,41.58mm,10mm,33mm,3mm,41.13mm,1mm
1145,1V,27.5mm,6mm,41.58mm,10.5mm,33mm,3mm,41.13mm,1mm
1146,1V,27.5mm,6mm,41.58mm,11mm,33mm,3mm,41.13mm,1mm
1147,1V,27.5mm,6mm,41.58mm,10mm,33mm,3mm,41.13mm,1.5mm
1148,1V,27.5mm,6mm,41.58mm,10.5mm,33mm,3mm,41.13mm,1.5mm
1149,1V,27.5mm,6mm,41.58mm,11mm,33mm,3mm,41.13mm,1.5mm
1150,1V,27.5mm,6mm,41.58mm,10mm,33mm,3mm,41.13mm,2mm
1151,1V,27.5mm,6mm,41.58mm,10.5mm,33mm,3mm,41.13mm,2mm
1152,1V,27.5mm,6mm,41.58mm,11mm,33mm,3mm,41.13mm,2mm
1153,2V,27.5mm,6mm,41.58mm,10mm,33mm,3mm,41.13mm,1mm
1154,2V,27.5mm,6mm,41.58mm,10.5mm,33mm,3mm,41.13mm,1mm
1155,2V,27.5mm,6mm,41.58mm,11mm,33mm,3mm,41.13mm,1mm
1156,2V,27.5mm,6mm,41.58mm,10mm,33mm,3mm,41.13mm,1.5mm
1157,2V,27.5mm,6mm,41.58mm,10.5mm,33mm,3mm,41.13mm,1.5mm
1158,2V,27.5mm,6mm,41.58mm,11mm,33mm,3mm,41.13mm,1.5mm
1159,2V,27.5mm,6mm,41.58mm,10mm,33mm,3mm,41.13mm,2mm
1160,2V,27.5mm,6mm,41.58mm,10.5mm,33mm,3mm,41.13mm,2mm
1161,2V,27.5mm,6mm,41.58mm,11mm,33mm,3mm,41.13mm,2mm
1162,3V,27.5mm,6mm,41.58mm,10mm,33mm,3mm,41.13mm,1mm
1163,3V,27.5mm,6mm,41.58mm,10.5mm,33mm,3mm,41.13mm,1mm
1164,3V,27.5mm,6mm,41.58mm,11mm,33mm,3mm,41.13mm,1mm
1165,3V,27.5mm,6mm,41.58mm,10mm,33mm,3mm,41.13mm,1.5mm
1166,3V,27.5mm,6mm,41.58mm,10.5mm,33mm,3mm,41.13mm,1.5mm
1167,3V,27.5mm,6mm,41.58mm,11mm,33mm,3mm,41.13mm,1.5mm
1168,3V,27.5mm,6mm,41.58mm,10mm,33mm,3mm,41.13mm,2mm
1169,3V,27.5mm,6mm,41.58mm,10.5mm,33mm,3mm,41.13mm,2mm
1170,3V,27.5mm,6mm,41.58mm,11mm,33mm,3mm,41.13mm,2mm
1171,4V,27.5mm,6mm,41.58mm,10mm,33mm,3mm,41.13mm,1mm
1172,4V,27.5mm,6mm,41.58mm,10.5mm,33mm,3mm,41.13mm,1mm
1173,4V,27.5mm,6mm,41.58mm,11mm,33mm,3mm,41.13mm,1mm
1174,4V,27.5mm,6mm,41.58mm,10mm,33mm,3mm,41.13mm,1.5mm
1175,4V,27.5mm,6mm,41.58mm,10.5mm,33mm,3mm,41.13mm,1.5mm
1176,4V,27.5mm,6mm,41.58mm,11mm,33mm,3mm,41.13mm,1.5mm
1177,4V,27.5mm,6mm,41.58mm,10mm,33mm,3mm,41.13mm,2mm
1178,4V,27.5mm,6mm,41.58mm,10.5mm,33mm,3mm,41.13mm,2mm
1179,4V,27.5mm,6mm,41.58mm,11mm,33mm,3mm,41.13mm,2mm
1180,5V,27.5mm,6mm,41.58mm,10mm,33mm,3mm,41.13mm,1mm
1181,5V,27.5mm,6mm,41.58mm,10.5mm,33mm,3mm,41.13mm,1mm
1182,5V,27.5mm,6mm,41.58mm,11mm,33mm,3mm,41.13mm,1mm
1183,5V,27.5mm,6mm,41.58mm,10mm,33mm,3mm,41.13mm,1.5mm
1184,5V,27.5mm,6mm,41.58mm,10.5mm,33mm,3mm,41.13mm,1.5mm
1185,5V,27.5mm,6mm,41.58mm,11mm,33mm,3mm,41.13mm,1.5mm
1186,5V,27.5mm,6mm,41.58mm,10mm,33mm,3mm,41.13mm,2mm
1187,5V,27.5mm,6mm,41.58mm,10.5mm,33mm,3mm,41.13mm,2mm
1188,5V,27.5mm,6mm,41.58mm,11mm,33mm,3mm,41.13mm,2mm
1729,0V,28mm,6mm,41.58mm,10mm,33mm,3mm,41.13mm,1mm
1730,0V,28mm,6mm,41.58mm,10.5mm,33mm,3mm,41.13mm,1mm
1731,0V,28mm,6mm,41.58mm,11mm,33mm,3mm,41.13mm,1mm
1732,0V,28mm,6mm,41.58mm,10mm,33mm,3mm,41.13mm,1.5mm
1733,0V,28mm,6mm,41.58mm,10.5mm,33mm,3mm,41.13mm,1.5mm
1734,0V,28mm,6mm,41.58mm,11mm,33mm,3mm,41.13mm,1.5mm
1735,0V,28mm,6mm,41.58mm,10mm,33mm,3mm,41.13mm,2mm
1736,0V,28mm,6mm,41.58mm,10.5mm,33mm,3mm,41.13mm,2mm
1737,0V,28mm,6mm,41.58mm,11mm,33mm,3mm,41.13mm,2mm
1738,1V,28mm,6mm,41.58mm,10mm,33mm,3mm,41.13mm,1mm
1739,1V,28mm,6mm,41.58mm,10.5mm,33mm,3mm,41.13mm,1mm
1740,1V,28mm,6mm,41.58mm,11mm,33mm,3mm,41.13mm,1mm
1741,1V,28mm,6mm,41.58mm,10mm,33mm,3mm,41.13mm,1.5mm
1742,1V,28mm,6mm,41.58mm,10.5mm,33mm,3mm,41.13mm,1.5mm
1743,1V,28mm,6mm,41.58mm,11mm,33mm,3mm,41.13mm,1.5mm
1744,1V,28mm,6mm,41.58mm,10mm,33mm,3mm,41.13mm,2mm
1745,1V,28mm,6mm,41.58mm,10.5mm,33mm,3mm,41.13mm,2mm
1746,1V,28mm,6mm,41.58mm,11mm,33mm,3mm,41.13mm,2mm
1747,2V,28mm,6mm,41.58mm,10mm,33mm,3mm,41.13mm,1mm
1748,2V,28mm,6mm,41.58mm,10.5mm,33mm,3mm,41.13mm,1mm
1749,2V,28mm,6mm,41.58mm,11mm,33mm,3mm,41.13mm,1mm
1750,2V,28mm,6mm,41.58mm,10mm,33mm,3mm,41.13mm,1.5mm
1751,2V,28mm,6mm,41.58mm,10.5mm,33mm,3mm,41.13mm,1.5mm
1752,2V,28mm,6mm,41.58mm,11mm,33mm,3mm,41.13mm,1.5mm
1753,2V,28mm,6mm,41.58mm,10mm,33mm,3mm,41.13mm,2mm
1754,2V,28mm,6mm,41.58mm,10.5mm,33mm,3mm,41.13mm,2mm
1755,2V,28mm,6mm,41.58mm,11mm,33mm,3mm,41.13mm,2mm
1756,3V,28mm,6mm,41.58mm,10mm,33mm,3mm,41.13mm,1mm
1757,3V,28mm,6mm,41.58mm,10.5mm,33mm,3mm,41.13mm,1mm
1758,3V,28mm,6mm,41.58mm,11mm,33mm,3mm,41.13mm,1mm
1759,3V,28mm,6mm,41.58mm,10mm,33mm,3mm,41.13mm,1.5mm
1760,3V,28mm,6mm,41.58mm,10.5mm,33mm,3mm,41.13mm,1.5mm
1761,3V,28mm,6mm,41.58mm,11mm,33mm,3mm,41.13mm,1.5mm
1762,3V,28mm,6mm,41.58mm,10mm,33mm,3mm,41.13mm,2mm
1763,3V,28mm,6mm,41.58mm,10.5mm,33mm,3mm,41.13mm,2mm
1764,3V,28mm,6mm,41.58mm,11mm,33mm,3mm,41.13mm,2mm
1765,4V,28mm,6mm,41.58mm,10mm,33mm,3mm,41.13mm,1mm
1766,4V,28mm,6mm,41.58mm,10.5mm,33mm,3mm,41.13mm,1mm
1767,4V,28mm,6mm,41.58mm,11mm,33mm,3mm,41.13mm,1mm
1768,4V,28mm,6mm,41.58mm,10mm,33mm,3mm,41.13mm,1.5mm
1769,4V,28mm,6mm,41.58mm,10.5mm,33mm,3mm,41.13mm,1.5mm
1770,4V,28mm,6mm,41.58mm,11mm,33mm,3mm,41.13mm,1.5mm
1771,4V,28mm,6mm,41.58mm,10mm,33mm,3mm,41.13mm,2mm
1772,4V,28mm,6mm,41.58mm,10.5mm,33mm,3mm,41.13mm,2mm
1773,4V,28mm,6mm,41.58mm,11mm,33mm,3mm,41.13mm,2mm
1774,5V,28mm,6mm,41.58mm,10mm,33mm,3mm,41.13mm,1mm
1775,5V,28mm,6mm,41.58mm,10.5mm,33mm,3mm,41.13mm,1mm
1776,5V,28mm,6mm,41.58mm,11mm,33mm,3mm,41.13mm,1mm
1777,5V,28mm,6mm,41.58mm,10mm,33mm,3mm,41.13mm,1.5mm
1778,5V,28mm,6mm,41.58mm,10.5mm,33mm,3mm,41.13mm,1.5mm
1779,5V,28mm,6mm,41.58mm,11mm,33mm,3mm,41.13mm,1.5mm
1780,5V,28mm,6mm,41.58mm,10mm,33mm,3mm,41.13mm,2mm
1781,5V,28mm,6mm,41.58mm,10.5mm,33mm,3mm,41.13mm,2mm
1782,5V,28mm,6mm,41.58mm,11mm,33mm,3mm,41.13mm,2mm
2323,0V,28.5mm,6mm,41.58mm,10mm,33mm,3mm,41.13mm,1mm
2324,0V,28.5mm,6mm,41.58mm,10.5mm,33mm,3mm,41.13mm,1mm
2325,0V,28.5mm,6mm,41.58mm,11mm,33mm,3mm,41.13mm,1mm
2326,0V,28.5mm,6mm,41.58mm,10mm,33mm,3mm,41.13mm,1.5mm
2327,0V,28.5mm,6mm,41.58mm,10.5mm,33mm,3mm,41.13mm,1.5mm
2328,0V,28.5mm,6mm,41.58mm,11mm,33mm,3mm,41.13mm,1.5mm
2329,0V,28.5mm,6mm,41.58mm,10mm,33mm,3mm,41.13mm,2mm
2330,0V,28.5mm,6mm,41.58mm,10.5mm,33mm,3mm,41.13mm,2mm
2331,0V,28.5mm,6mm,41.58mm,11mm,33mm,3mm,41.13mm,2mm
2332,1V,28.5mm,6mm,41.58mm,10mm,33mm,3mm,41.13mm,1mm
2333,1V,28.5mm,6mm,41.58mm,10.5mm,33mm,3mm,41.13mm,1mm
2334,1V,28.5mm,6mm,41.58mm,11mm,33mm,3mm,41.13mm,1mm
2335,1V,28.5mm,6mm,41.58mm,10mm,33mm,3mm,41.13mm,1.5mm
2336,1V,28.5mm,6mm,41.58mm,10.5mm,33mm,3mm,41.13mm,1.5mm
2337,1V,28.5mm,6mm,41.58mm,11mm,33mm,3mm,41.13mm,1.5mm
2338,1V,28.5mm,6mm,41.58mm,10mm,33mm,3mm,41.13mm,2mm
2339,1V,28.5mm,6mm,41.58mm,10.5mm,33mm,3mm,41.13mm,2mm
2340,1V,28.5mm,6mm,41.58mm,11mm,33mm,3mm,41.13mm,2mm
2341,2V,28.5mm,6mm,41.58mm,10mm,33mm,3mm,41.13mm,1mm
2342,2V,28.5mm,6mm,41.58mm,10.5mm,33mm,3mm,41.13mm,1mm
2343,2V,28.5mm,6mm,41.58mm,11mm,33mm,3mm,41.13mm,1mm
2344,2V,28.5mm,6mm,41.58mm,10mm,33mm,3mm,41.13mm,1.5mm
2345,2V,28.5mm,6mm,41.58mm,10.5mm,33mm,3mm,41.13mm,1.5mm
2346,2V,28.5mm,6mm,41.58mm,11mm,33mm,3mm,41.13mm,1.5mm
2347,2V,28.5mm,6mm,41.58mm,10mm,33mm,3mm,41.13mm,2mm
2348,2V,28.5mm,6mm,41.58mm,10.5mm,33mm,3mm,41.13mm,2mm
2349,2V,28.5mm,6mm,41.58mm,11mm,33mm,3mm,41.13mm,2mm
2350,3V,28.5mm,6mm,41.58mm,10mm,33mm,3mm,41.13mm,1mm
2351,3V,28.5mm,6mm,41.58mm,10.5mm,33mm,3mm,41.13mm,1mm
2352,3V,28.5mm,6mm,41.58mm,11mm,33mm,3mm,41.13mm,1mm
2353,3V,28.5mm,6mm,41.58mm,10mm,33mm,3mm,41.13mm,1.5mm
2354,3V,28.5mm,6mm,41.58mm,10.5mm,33mm,3mm,41.13mm,1.5mm
2355,3V,28.5mm,6mm,41.58mm,11mm,33mm,3mm,41.13mm,1.5mm
2356,3V,28.5mm,6mm,41.58mm,10mm,33mm,3mm,41.13mm,2mm
2357,3V,28.5mm,6mm,41.58mm,10.5mm,33mm,3mm,41.13mm,2mm
2358,3V,28.5mm,6mm,41.58mm,11mm,33mm,3mm,41.13mm,2mm
2359,4V,28.5mm,6mm,41.58mm,10mm,33mm,3mm,41.13mm,1mm
2360,4V,28.5mm,6mm,41.58mm,10.5mm,33mm,3mm,41.13mm,1mm
2361,4V,28.5mm,6mm,41.58mm,11mm,33mm,3mm,41.13mm,1mm
2362,4V,28.5mm,6mm,41.58mm,10mm,33mm,3mm,41.13mm,1.5mm
2363,4V,28.5mm,6mm,41.58mm,10.5mm,33mm,3mm,41.13mm,1.5mm
2364,4V,28.5mm,6mm,41.58mm,11mm,33mm,3mm,41.13mm,1.5mm
2365,4V,28.5mm,6mm,41.58mm,10mm,33mm,3mm,41.13mm,2mm
2366,4V,28.5mm,6mm,41.58mm,10.5mm,33mm,3mm,41.13mm,2mm
2367,4V,28.5mm,6mm,41.58mm,11mm,33mm,3mm,41.13mm,2mm
2368,5V,28.5mm,6mm,41.58mm,10mm,33mm,3mm,41.13mm,1mm
2369,5V,28.5mm,6mm,41.58mm,10.5mm,33mm,3mm,41.13mm,1mm
2370,5V,28.5mm,6mm,41.58mm,11mm,33mm,3mm,41.13mm,1mm
2371,5V,28.5mm,6mm,41.58mm,10mm,33mm,3mm,41.13mm,1.5mm
2372,5V,28.5mm,6mm,41.58mm,10.5mm,33mm,3mm,41.13mm,1.5mm
2373,5V,28.5mm,6mm,41.58mm,11mm,33mm,3mm,41.13mm,1.5mm
2374,5V,28.5mm,6mm,41.58mm,10mm,33mm,3mm,41.13mm,2mm
2375,5V,28.5mm,6mm,41.58mm,10.5mm,33mm,3mm,41.13mm,2mm
2376,5V,28.5mm,6mm,41.58mm,11mm,33mm,3mm,41.13mm,2mm
2917,0V,29mm,6mm,41.58mm,10mm,33mm,3mm,41.13mm,1mm
2918,0V,29mm,6mm,41.58mm,10.5mm,33mm,3mm,41.13mm,1mm
2919,0V,29mm,6mm,41.58mm,11mm,33mm,3mm,41.13mm,1mm
2920,0V,29mm,6mm,41.58mm,10mm,33mm,3mm,41.13mm,1.5mm
2921,0V,29mm,6mm,41.58mm,10.5mm,33mm,3mm,41.13mm,1.5mm
2922,0V,29mm,6mm,41.58mm,11mm,33mm,3mm,41.13mm,1.5mm
2923,0V,29mm,6mm,41.58mm,10mm,33mm,3mm,41.13mm,2mm
2924,0V,29mm,6mm,41.58mm,10.5mm,33mm,3mm,41.13mm,2mm
2925,0V,29mm,6mm,41.58mm,11mm,33mm,3mm,41.13mm,2mm
2926,1V,29mm,6mm,41.58mm,10mm,33mm,3mm,41.13mm,1mm
2927,1V,29mm,6mm,41.58mm,10.5mm,33mm,3mm,41.13mm,1mm
2928,1V,29mm,6mm,41.58mm,11mm,33mm,3mm,41.13mm,1mm
2929,1V,29mm,6mm,41.58mm,10mm,33mm,3mm,41.13mm,1.5mm
2930,1V,29mm,6mm,41.58mm,10.5mm,33mm,3mm,41.13mm,1.5mm
2931,1V,29mm,6mm,41.58mm,11mm,33mm,3mm,41.13mm,1.5mm
2932,1V,29mm,6mm,41.58mm,10mm,33mm,3mm,41.13mm,2mm
2933,1V,29mm,6mm,41.58mm,10.5mm,33mm,3mm,41.13mm,2mm
2934,1V,29mm,6mm,41.58mm,11mm,33mm,3mm,41.13mm,2mm
2935,2V,29mm,6mm,41.58mm,10mm,33mm,3mm,41.13mm,1mm
2936,2V,29mm,6mm,41.58mm,10.5mm,33mm,3mm,41.13mm,1mm
2937,2V,29mm,6mm,41.58mm,11mm,33mm,3mm,41.13mm,1mm
2938,2V,29mm,6mm,41.58mm,10mm,33mm,3mm,41.13mm,1.5mm
2939,2V,29mm,6mm,41.58mm,10.5mm,33mm,3mm,41.13mm,1.5mm
2940,2V,29mm,6mm,41.58mm,11mm,33mm,3mm,41.13mm,1.5mm
2941,2V,29mm,6mm,41.58mm,10mm,33mm,3mm,41.13mm,2mm
2942,2V,29mm,6mm,41.58mm,10.5mm,33mm,3mm,41.13mm,2mm
2943,2V,29mm,6mm,41.58mm,11mm,33mm,3mm,41.13mm,2mm
2944,3V,29mm,6mm,41.58mm,10mm,33mm,3mm,41.13mm,1mm
2945,3V,29mm,6mm,41.58mm,10.5mm,33mm,3mm,41.13mm,1mm
2946,3V,29mm,6mm,41.58mm,11mm,33mm,3mm,41.13mm,1mm
2947,3V,29mm,6mm,41.58mm,10mm,33mm,3mm,41.13mm,1.5mm
2948,3V,29mm,6mm,41.58mm,10.5mm,33mm,3mm,41.13mm,1.5mm
2949,3V,29mm,6mm,41.58mm,11mm,33mm,3mm,41.13mm,1.5mm
2950,3V,29mm,6mm,41.58mm,10mm,33mm,3mm,41.13mm,2mm
2951,3V,29mm,6mm,41.58mm,10.5mm,33mm,3mm,41.13mm,2mm
2952,3V,29mm,6mm,41.58mm,11mm,33mm,3mm,41.13mm,2mm
2953,4V,29mm,6mm,41.58mm,10mm,33mm,3mm,41.13mm,1mm
2954,4V,29mm,6mm,41.58mm,10.5mm,33mm,3mm,41.13mm,1mm
2955,4V,29mm,6mm,41.58mm,11mm,33mm,3mm,41.13mm,1mm
2956,4V,29mm,6mm,41.58mm,10mm,33mm,3mm,41.13mm,1.5mm
2957,4V,29mm,6mm,41.58mm,10.5mm,33mm,3mm,41.13mm,1.5mm
2958,4V,29mm,6mm,41.58mm,11mm,33mm,3mm,41.13mm,1.5mm
2959,4V,29mm,6mm,41.58mm,10mm,33mm,3mm,41.13mm,2mm
2960,4V,29mm,6mm,41.58mm,10.5mm,33mm,3mm,41.13mm,2mm
2961,4V,29mm,6mm,41.58mm,11mm,33mm,3mm,41.13mm,2mm
2962,5V,29mm,6mm,41.58mm,10mm,33mm,3mm,41.13mm,1mm
2963,5V,29mm,6mm,41.58mm,10.5mm,33mm,3mm,41.13mm,1mm
2964,5V,29mm,6mm,41.58mm,11mm,33mm,3mm,41.13mm,1mm
2965,5V,29mm,6mm,41.58mm,10mm,33mm,3mm,41.13mm,1.5mm
2966,5V,29mm,6mm,41.58mm,10.5mm,33mm,3mm,41.13mm,1.5mm
2967,5V,29mm,6mm,41.58mm,11mm,33mm,3mm,41.13mm,1.5mm
2968,5V,29mm,6mm,41.58mm,10mm,33mm,3mm,41.13mm,2mm
2969,5V,29mm,6mm,41.58mm,10.5mm,33mm,3mm,41.13mm,2mm
2970,5V,29mm,6mm,41.58mm,11mm,33mm,3mm,41.13mm,2mm
3511,0V,29.5mm,6mm,41.58mm,10mm,33mm,3mm,41.13mm,1mm
3512,0V,29.5mm,6mm,41.58mm,10.5mm,33mm,3mm,41.13mm,1mm
3513,0V,29.5mm,6mm,41.58mm,11mm,33mm,3mm,41.13mm,1mm
3514,0V,29.5mm,6mm,41.58mm,10mm,33mm,3mm,41.13mm,1.5mm
3515,0V,29.5mm,6mm,41.58mm,10.5mm,33mm,3mm,41.13mm,1.5mm
3516,0V,29.5mm,6mm,41.58mm,11mm,33mm,3mm,41.13mm,1.5mm
3517,0V,29.5mm,6mm,41.58mm,10mm,33mm,3mm,41.13mm,2mm
3518,0V,29.5mm,6mm,41.58mm,10.5mm,33mm,3mm,41.13mm,2mm
3519,0V,29.5mm,6mm,41.58mm,11mm,33mm,3mm,41.13mm,2mm
3520,1V,29.5mm,6mm,41.58mm,10mm,33mm,3mm,41.13mm,1mm
3521,1V,29.5mm,6mm,41.58mm,10.5mm,33mm,3mm,41.13mm,1mm
3522,1V,29.5mm,6mm,41.58mm,11mm,33mm,3mm,41.13mm,1mm
3523,1V,29.5mm,6mm,41.58mm,10mm,33mm,3mm,41.13mm,1.5mm
3524,1V,29.5mm,6mm,41.58mm,10.5mm,33mm,3mm,41.13mm,1.5mm
3525,1V,29.5mm,6mm,41.58mm,11mm,33mm,3mm,41.13mm,1.5mm
3526,1V,29.5mm,6mm,41.58mm,10mm,33mm,3mm,41.13mm,2mm
3527,1V,29.5mm,6mm,41.58mm,10.5mm,33mm,3mm,41.13mm,2mm
3528,1V,29.5mm,6mm,41.58mm,11mm,33mm,3mm,41.13mm,2mm
3529,2V,29.5mm,6mm,41.58mm,10mm,33mm,3mm,41.13mm,1mm
3530,2V,29.5mm,6mm,41.58mm,10.5mm,33mm,3mm,41.13mm,1mm
3531,2V,29.5mm,6mm,41.58mm,11mm,33mm,3mm,41.13mm,1mm
3532,2V,29.5mm,6mm,41.58mm,10mm,33mm,3mm,41.13mm,1.5mm
3533,2V,29.5mm,6mm,41.58mm,10.5mm,33mm,3mm,41.13mm,1.5mm
3534,2V,29.5mm,6mm,41.58mm,11mm,33mm,3mm,41.13mm,1.5mm
3535,2V,29.5mm,6mm,41.58mm,10mm,33mm,3mm,41.13mm,2mm
3536,2V,29.5mm,6mm,41.58mm,10.5mm,33mm,3mm,41.13mm,2mm
3537,2V,29.5mm,6mm,41.58mm,11mm,33mm,3mm,41.13mm,2mm
3538,3V,29.5mm,6mm,41.58mm,10mm,33mm,3mm,41.13mm,1mm
3539,3V,29.5mm,6mm,41.58mm,10.5mm,33mm,3mm,41.13mm,1mm
3540,3V,29.5mm,6mm,41.58mm,11mm,33mm,3mm,41.13mm,1mm
3541,3V,29.5mm,6mm,41.58mm,10mm,33mm,3mm,41.13mm,1.5mm
3542,3V,29.5mm,6mm,41.58mm,10.5mm,33mm,3mm,41.13mm,1.5mm
3543,3V,29.5mm,6mm,41.58mm,11mm,33mm,3mm,41.13mm,1.5mm
3544,3V,29.5mm,6mm,41.58mm,10mm,33mm,3mm,41.13mm,2mm
3545,3V,29.5mm,6mm,41.58mm,10.5mm,33mm,3mm,41.13mm,2mm
3546,3V,29.5mm,6mm,41.58mm,11mm,33mm,3mm,41.13mm,2mm
3547,4V,29.5mm,6mm,41.58mm,10mm,33mm,3mm,41.13mm,1mm
3548,4V,29.5mm,6mm,41.58mm,10.5mm,33mm,3mm,41.13mm,1mm
3549,4V,29.5mm,6mm,41.58mm,11mm,33mm,3mm,41.13mm,1mm
3550,4V,29.5mm,6mm,41.58mm,10mm,33mm,3mm,41.13mm,1.5mm
3551,4V,29.5mm,6mm,41.58mm,10.5mm,33mm,3mm,41.13mm,1.5mm
3552,4V,29.5mm,6mm,41.58mm,11mm,33mm,3mm,41.13mm,1.5mm
3553,4V,29.5mm,6mm,41.58mm,10mm,33mm,3mm,41.13mm,2mm
3554,4V,29.5mm,6mm,41.58mm,10.5mm,33mm,3mm,41.13mm,2mm
3555,4V,29.5mm,6mm,41.58mm,11mm,33mm,3mm,41.13mm,2mm
3556,5V,29.5mm,6mm,41.58mm,10mm,33mm,3mm,41.13mm,1mm
3557,5V,29.5mm,6mm,41.58mm,10.5mm,33mm,3mm,41.13mm,1mm
3558,5V,29.5mm,6mm,41.58mm,11mm,33mm,3mm,41.13mm,1mm
3559,5V,29.5mm,6mm,41.58mm,10mm,33mm,3mm,41.13mm,1.5mm
3560,5V,29.5mm,6mm,41.58mm,10.5mm,33mm,3mm,41.13mm,1.5mm
3561,5V,29.5mm,6mm,41.58mm,11mm,33mm,3mm,41.13mm,1.5mm
3562,5V,29.5mm,6mm,41.58mm,10mm,33mm,3mm,41.13mm,2mm
3563,5V,29.5mm,6mm,41.58mm,10.5mm,33mm,3mm,41.13mm,2mm
3564,5V,29.5mm,6mm,41.58mm,11mm,33mm,3mm,41.13mm,2mm
4105,0V,30mm,6mm,41.58mm,10mm,33mm,3mm,41.13mm,1mm
4106,0V,30mm,6mm,41.58mm,10.5mm,33mm,3mm,41.13mm,1mm
4107,0V,30mm,6mm,41.58mm,11mm,33mm,3mm,41.13mm,1mm
4108,0V,30mm,6mm,41.58mm,10mm,33mm,3mm,41.13mm,1.5mm
4109,0V,30mm,6mm,41.58mm,10.5mm,33mm,3mm,41.13mm,1.5mm
4110,0V,30mm,6mm,41.58mm,11mm,33mm,3mm,41.13mm,1.5mm
4111,0V,30mm,6mm,41.58mm,10mm,33mm,3mm,41.13mm,2mm
4112,0V,30mm,6mm,41.58mm,10.5mm,33mm,3mm,41.13mm,2mm
4113,0V,30mm,6mm,41.58mm,11mm,33mm,3mm,41.13mm,2mm
4114,1V,30mm,6mm,41.58mm,10mm,33mm,3mm,41.13mm,1mm
4115,1V,30mm,6mm,41.58mm,10.5mm,33mm,3mm,41.13mm,1mm
4116,1V,30mm,6mm,41.58mm,11mm,33mm,3mm,41.13mm,1mm
4117,1V,30mm,6mm,41.58mm,10mm,33mm,3mm,41.13mm,1.5mm
4118,1V,30mm,6mm,41.58mm,10.5mm,33mm,3mm,41.13mm,1.5mm
4119,1V,30mm,6mm,41.58mm,11mm,33mm,3mm,41.13mm,1.5mm
4120,1V,30mm,6mm,41.58mm,10mm,33mm,3mm,41.13mm,2mm
4121,1V,30mm,6mm,41.58mm,10.5mm,33mm,3mm,41.13mm,2mm
4122,1V,30mm,6mm,41.58mm,11mm,33mm,3mm,41.13mm,2mm
4123,2V,30mm,6mm,41.58mm,10mm,33mm,3mm,41.13mm,1mm
4124,2V,30mm,6mm,41.58mm,10.5mm,33mm,3mm,41.13mm,1mm
4125,2V,30mm,6mm,41.58mm,11mm,33mm,3mm,41.13mm,1mm
4126,2V,30mm,6mm,41.58mm,10mm,33mm,3mm,41.13mm,1.5mm
4127,2V,30mm,6mm,41.58mm,10.5mm,33mm,3mm,41.13mm,1.5mm
4128,2V,30mm,6mm,41.58mm,11mm,33mm,3mm,41.13mm,1.5mm
4129,2V,30mm,6mm,41.58mm,10mm,33mm,3mm,41.13mm,2mm
4130,2V,30mm,6mm,41.58mm,10.5mm,33mm,3mm,41.13mm,2mm
4131,2V,30mm,6mm,41.58mm,11mm,33mm,3mm,41.13mm,2mm
4132,3V,30mm,6mm,41.58mm,10mm,33mm,3mm,41.13mm,1mm
4133,3V,30mm,6mm,41.58mm,10.5mm,33mm,3mm,41.13mm,1mm
4134,3V,30mm,6mm,41.58mm,11mm,33mm,3mm,41.13mm,1mm
4135,3V,30mm,6mm,41.58mm,10mm,33mm,3mm,41.13mm,1.5mm
4136,3V,30mm,6mm,41.58mm,10.5mm,33mm,3mm,41.13mm,1.5mm
4137,3V,30mm,6mm,41.58mm,11mm,33mm,3mm,41.13mm,1.5mm
4138,3V,30mm,6mm,41.58mm,10mm,33mm,3mm,41.13mm,2mm
4139,3V,30mm,6mm,41.58mm,10.5mm,33mm,3mm,41.13mm,2mm
4140,3V,30mm,6mm,41.58mm,11mm,33mm,3mm,41.13mm,2mm
4141,4V,30mm,6mm,41.58mm,10mm,33mm,3mm,41.13mm,1mm
4142,4V,30mm,6mm,41.58mm,10.5mm,33mm,3mm,41.13mm,1mm
4143,4V,30mm,6mm,41.58mm,11mm,33mm,3mm,41.13mm,1mm
4144,4V,30mm,6mm,41.58mm,10mm,33mm,3mm,41.13mm,1.5mm
4145,4V,30mm,6mm,41.58mm,10.5mm,33mm,3mm,41.13mm,1.5mm
4146,4V,30mm,6mm,41.58mm,11mm,33mm,3mm,41.13mm,1.5mm
4147,4V,30mm,6mm,41.58mm,10mm,33mm,3mm,41.13mm,2mm
4148,4V,30mm,6mm,41.58mm,10.5mm,33mm,3mm,41.13mm,2mm
4149,4V,30mm,6mm,41.58mm,11mm,33mm,3mm,41.13mm,2mm
4150,5V,30mm,6mm,41.58mm,10mm,33mm,3mm,41.13mm,1mm
4151,5V,30mm,6mm,41.58mm,10.5mm,33mm,3mm,41.13mm,1mm
4152,5V,30mm,6mm,41.58mm,11mm,33mm,3mm,41.13mm,1mm
4153,5V,30mm,6mm,41.58mm,10mm,33mm,3mm,41.13mm,1.5mm
4154,5V,30mm,6mm,41.58mm,10.5mm,33mm,3mm,41.13mm,1.5mm
4155,5V,30mm,6mm,41.58mm,11mm,33mm,3mm,41.13mm,1.5mm
4156,5V,30mm,6mm,41.58mm,10mm,33mm,3mm,41.13mm,2mm
4157,5V,30mm,6mm,41.58mm,10.5mm,33mm,3mm,41.13mm,2mm
4158,5V,30mm,6mm,41.58mm,11mm,33mm,3mm,41.13mm,2mm
4699,0V,30.5mm,6mm,41.58mm,10mm,33mm,3mm,41.13mm,1mm
4700,0V,30.5mm,6mm,41.58mm,10.5mm,33mm,3mm,41.13mm,1mm
4701,0V,30.5mm,6mm,41.58mm,11mm,33mm,3mm,41.13mm,1mm
4702,0V,30.5mm,6mm,41.58mm,10mm,33mm,3mm,41.13mm,1.5mm
4703,0V,30.5mm,6mm,41.58mm,10.5mm,33mm,3mm,41.13mm,1.5mm
4704,0V,30.5mm,6mm,41.58mm,11mm,33mm,3mm,41.13mm,1.5mm
4705,0V,30.5mm,6mm,41.58mm,10mm,33mm,3mm,41.13mm,2mm
4706,0V,30.5mm,6mm,41.58mm,10.5mm,33mm,3mm,41.13mm,2mm
4707,0V,30.5mm,6mm,41.58mm,11mm,33mm,3mm,41.13mm,2mm
4708,1V,30.5mm,6mm,41.58mm,10mm,33mm,3mm,41.13mm,1mm
4709,1V,30.5mm,6mm,41.58mm,10.5mm,33mm,3mm,41.13mm,1mm
4710,1V,30.5mm,6mm,41.58mm,11mm,33mm,3mm,41.13mm,1mm
4711,1V,30.5mm,6mm,41.58mm,10mm,33mm,3mm,41.13mm,1.5mm
4712,1V,30.5mm,6mm,41.58mm,10.5mm,33mm,3mm,41.13mm,1.5mm
4713,1V,30.5mm,6mm,41.58mm,11mm,33mm,3mm,41.13mm,1.5mm
4714,1V,30.5mm,6mm,41.58mm,10mm,33mm,3mm,41.13mm,2mm
4715,1V,30.5mm,6mm,41.58mm,10.5mm,33mm,3mm,41.13mm,2mm
4716,1V,30.5mm,6mm,41.58mm,11mm,33mm,3mm,41.13mm,2mm
4717,2V,30.5mm,6mm,41.58mm,10mm,33mm,3mm,41.13mm,1mm
4718,2V,30.5mm,6mm,41.58mm,10.5mm,33mm,3mm,41.13mm,1mm
4719,2V,30.5mm,6mm,41.58mm,11mm,33mm,3mm,41.13mm,1mm
4720,2V,30.5mm,6mm,41.58mm,10mm,33mm,3mm,41.13mm,1.5mm
4721,2V,30.5mm,6mm,41.58mm,10.5mm,33mm,3mm,41.13mm,1.5mm
4722,2V,30.5mm,6mm,41.58mm,11mm,33mm,3mm,41.13mm,1.5mm
4723,2V,30.5mm,6mm,41.58mm,10mm,33mm,3mm,41.13mm,2mm
4724,2V,30.5mm,6mm,41.58mm,10.5mm,33mm,3mm,41.13mm,2mm
4725,2V,30.5mm,6mm,41.58mm,11mm,33mm,3mm,41.13mm,2mm
4726,3V,30.5mm,6mm,41.58mm,10mm,33mm,3mm,41.13mm,1mm
4727,3V,30.5mm,6mm,41.58mm,10.5mm,33mm,3mm,41.13mm,1mm
4728,3V,30.5mm,6mm,41.58mm,11mm,33mm,3mm,41.13mm,1mm
4729,3V,30.5mm,6mm,41.58mm,10mm,33mm,3mm,41.13mm,1.5mm
4730,3V,30.5mm,6mm,41.58mm,10.5mm,33mm,3mm,41.13mm,1.5mm
4731,3V,30.5mm,6mm,41.58mm,11mm,33mm,3mm,41.13mm,1.5mm
4732,3V,30.5mm,6mm,41.58mm,10mm,33mm,3mm,41.13mm,2mm
4733,3V,30.5mm,6mm,41.58mm,10.5mm,33mm,3mm,41.13mm,2mm
4734,3V,30.5mm,6mm,41.58mm,11mm,33mm,3mm,41.13mm,2mm
4735,4V,30.5mm,6mm,41.58mm,10mm,33mm,3mm,41.13mm,1mm
4736,4V,30.5mm,6mm,41.58mm,10.5mm,33mm,3mm,41.13mm,1mm
4737,4V,30.5mm,6mm,41.58mm,11mm,33mm,3mm,41.13mm,1mm
4738,4V,30.5mm,6mm,41.58mm,10mm,33mm,3mm,41.13mm,1.5mm
4739,4V,30.5mm,6mm,41.58mm,10.5mm,33mm,3mm,41.13mm,1.5mm
4740,4V,30.5mm,6mm,41.58mm,11mm,33mm,3mm,41.13mm,1.5mm
4741,4V,30.5mm,6mm,41.58mm,10mm,33mm,3mm,41.13mm,2mm
4742,4V,30.5mm,6mm,41.58mm,10.5mm,33mm,3mm,41.13mm,2mm
4743,4V,30.5mm,6mm,41.58mm,11mm,33mm,3mm,41.13mm,2mm
4744,5V,30.5mm,6mm,41.58mm,10mm,33mm,3mm,41.13mm,1mm
4745,5V,30.5mm,6mm,41.58mm,10.5mm,33mm,3mm,41.13mm,1mm
4746,5V,30.5mm,6mm,41.58mm,11mm,33mm,3mm,41.13mm,1mm
4747,5V,30.5mm,6mm,41.58mm,10mm,33mm,3mm,41.13mm,1.5mm
4748,5V,30.5mm,6mm,41.58mm,10.5mm,33mm,3mm,41.13mm,1.5mm
4749,5V,30.5mm,6mm,41.58mm,11mm,33mm,3mm,41.13mm,1.5mm
4750,5V,30.5mm,6mm,41.58mm,10mm,33mm,3mm,41.13mm,2mm
4751,5V,30.5mm,6mm,41.58mm,10.5mm,33mm,3mm,41.13mm,2mm
4752,5V,30.5mm,6mm,41.58mm,11mm,33mm,3mm,41.13mm,2mm
5293,0V,31mm,6mm,41.58mm,10mm,33mm,3mm,41.13mm,1mm
5294,0V,31mm,6mm,41.58mm,10.5mm,33mm,3mm,41.13mm,1mm
5295,0V,31mm,6mm,41.58mm,11mm,33mm,3mm,41.13mm,1mm
5296,0V,31mm,6mm,41.58mm,10mm,33mm,3mm,41.13mm,1.5mm
5297,0V,31mm,6mm,41.58mm,10.5mm,33mm,3mm,41.13mm,1.5mm
5298,0V,31mm,6mm,41.58mm,11mm,33mm,3mm,41.13mm,1.5mm
5299,0V,31mm,6mm,41.58mm,10mm,33mm,3mm,41.13mm,2mm
5300,0V,31mm,6mm,41.58mm,10.5mm,33mm,3mm,41.13mm,2mm
5301,0V,31mm,6mm,41.58mm,11mm,33mm,3mm,41.13mm,2mm
5302,1V,31mm,6mm,41.58mm,10mm,33mm,3mm,41.13mm,1mm
5303,1V,31mm,6mm,41.58mm,10.5mm,33mm,3mm,41.13mm,1mm
5304,1V,31mm,6mm,41.58mm,11mm,33mm,3mm,41.13mm,1mm
5305,1V,31mm,6mm,41.58mm,10mm,33mm,3mm,41.13mm,1.5mm
5306,1V,31mm,6mm,41.58mm,10.5mm,33mm,3mm,41.13mm,1.5mm
5307,1V,31mm,6mm,41.58mm,11mm,33mm,3mm,41.13mm,1.5mm
5308,1V,31mm,6mm,41.58mm,10mm,33mm,3mm,41.13mm,2mm
5309,1V,31mm,6mm,41.58mm,10.5mm,33mm,3mm,41.13mm,2mm
5310,1V,31mm,6mm,41.58mm,11mm,33mm,3mm,41.13mm,2mm
5311,2V,31mm,6mm,41.58mm,10mm,33mm,3mm,41.13mm,1mm
5312,2V,31mm,6mm,41.58mm,10.5mm,33mm,3mm,41.13mm,1mm
5313,2V,31mm,6mm,41.58mm,11mm,33mm,3mm,41.13mm,1mm
5314,2V,31mm,6mm,41.58mm,10mm,33mm,3mm,41.13mm,1.5mm
5315,2V,31mm,6mm,41.58mm,10.5mm,33mm,3mm,41.13mm,1.5mm
5316,2V,31mm,6mm,41.58mm,11mm,33mm,3mm,41.13mm,1.5mm
5317,2V,31mm,6mm,41.58mm,10mm,33mm,3mm,41.13mm,2mm
5318,2V,31mm,6mm,41.58mm,10.5mm,33mm,3mm,41.13mm,2mm
5319,2V,31mm,6mm,41.58mm,11mm,33mm,3mm,41.13mm,2mm
5320,3V,31mm,6mm,41.58mm,10mm,33mm,3mm,41.13mm,1mm
5321,3V,31mm,6mm,41.58mm,10.5mm,33mm,3mm,41.13mm,1mm
5322,3V,31mm,6mm,41.58mm,11mm,33mm,3mm,41.13mm,1mm
5323,3V,31mm,6mm,41.58mm,10mm,33mm,3mm,41.13mm,1.5mm
5324,3V,31mm,6mm,41.58mm,10.5mm,33mm,3mm,41.13mm,1.5mm
5325,3V,31mm,6mm,41.58mm,11mm,33mm,3mm,41.13mm,1.5mm
5326,3V,31mm,6mm,41.58mm,10mm,33mm,3mm,41.13mm,2mm
5327,3V,31mm,6mm,41.58mm,10.5mm,33mm,3mm,41.13mm,2mm
5328,3V,31mm,6mm,41.58mm,11mm,33mm,3mm,41.13mm,2mm
5329,4V,31mm,6mm,41.58mm,10mm,33mm,3mm,41.13mm,1mm
5330,4V,31mm,6mm,41.58mm,10.5mm,33mm,3mm,41.13mm,1mm
5331,4V,31mm,6mm,41.58mm,11mm,33mm,3mm,41.13mm,1mm
5332,4V,31mm,6mm,41.58mm,10mm,33mm,3mm,41.13mm,1.5mm
5333,4V,31mm,6mm,41.58mm,10.5mm,33mm,3mm,41.13mm,1.5mm
5334,4V,31mm,6mm,41.58mm,11mm,33mm,3mm,41.13mm,1.5mm
5335,4V,31mm,6mm,41.58mm,10mm,33mm,3mm,41.13mm,2mm
5336,4V,31mm,6mm,41.58mm,10.5mm,33mm,3mm,41.13mm,2mm
5337,4V,31mm,6mm,41.58mm,11mm,33mm,3mm,41.13mm,2mm
5338,5V,31mm,6mm,41.58mm,10mm,33mm,3mm,41.13mm,1mm
5339,5V,31mm,6mm,41.58mm,10.5mm,33mm,3mm,41.13mm,1mm
5340,5V,31mm,6mm,41.58mm,11mm,33mm,3mm,41.13mm,1mm
5341,5V,31mm,6mm,41.58mm,10mm,33mm,3mm,41.13mm,1.5mm
5342,5V,31mm,6mm,41.58mm,10.5mm,33mm,3mm,41.13mm,1.5mm
5343,5V,31mm,6mm,41.58mm,11mm,33mm,3mm,41.13mm,1.5mm
5344,5V,31mm,6mm,41.58mm,10mm,33mm,3mm,41.13mm,2mm
5345,5V,31mm,6mm,41.58mm,10.5mm,33mm,3mm,41.13mm,2mm
5346,5V,31mm,6mm,41.58mm,11mm,33mm,3mm,41.13mm,2mm
5887,0V,31.5mm,6mm,41.58mm,10mm,33mm,3mm,41.13mm,1mm
5888,0V,31.5mm,6mm,41.58mm,10.5mm,33mm,3mm,41.13mm,1mm
5889,0V,31.5mm,6mm,41.58mm,11mm,33mm,3mm,41.13mm,1mm
5890,0V,31.5mm,6mm,41.58mm,10mm,33mm,3mm,41.13mm,1.5mm
5891,0V,31.5mm,6mm,41.58mm,10.5mm,33mm,3mm,41.13mm,1.5mm
5892,0V,31.5mm,6mm,41.58mm,11mm,33mm,3mm,41.13mm,1.5mm
5893,0V,31.5mm,6mm,41.58mm,10mm,33mm,3mm,41.13mm,2mm
5894,0V,31.5mm,6mm,41.58mm,10.5mm,33mm,3mm,41.13mm,2mm
5895,0V,31.5mm,6mm,41.58mm,11mm,33mm,3mm,41.13mm,2mm
5896,1V,31.5mm,6mm,41.58mm,10mm,33mm,3mm,41.13mm,1mm
5897,1V,31.5mm,6mm,41.58mm,10.5mm,33mm,3mm,41.13mm,1mm
5898,1V,31.5mm,6mm,41.58mm,11mm,33mm,3mm,41.13mm,1mm
5899,1V,31.5mm,6mm,41.58mm,10mm,33mm,3mm,41.13mm,1.5mm
5900,1V,31.5mm,6mm,41.58mm,10.5mm,33mm,3mm,41.13mm,1.5mm
5901,1V,31.5mm,6mm,41.58mm,11mm,33mm,3mm,41.13mm,1.5mm
5902,1V,31.5mm,6mm,41.58mm,10mm,33mm,3mm,41.13mm,2mm
5903,1V,31.5mm,6mm,41.58mm,10.5mm,33mm,3mm,41.13mm,2mm
5904,1V,31.5mm,6mm,41.58mm,11mm,33mm,3mm,41.13mm,2mm
5905,2V,31.5mm,6mm,41.58mm,10mm,33mm,3mm,41.13mm,1mm
5906,2V,31.5mm,6mm,41.58mm,10.5mm,33mm,3mm,41.13mm,1mm
5907,2V,31.5mm,6mm,41.58mm,11mm,33mm,3mm,41.13mm,1mm
5908,2V,31.5mm,6mm,41.58mm,10mm,33mm,3mm,41.13mm,1.5mm
5909,2V,31.5mm,6mm,41.58mm,10.5mm,33mm,3mm,41.13mm,1.5mm
5910,2V,31.5mm,6mm,41.58mm,11mm,33mm,3mm,41.13mm,1.5mm
5911,2V,31.5mm,6mm,41.58mm,10mm,33mm,3mm,41.13mm,2mm
5912,2V,31.5mm,6mm,41.58mm,10.5mm,33mm,3mm,41.13mm,2mm
5913,2V,31.5mm,6mm,41.58mm,11mm,33mm,3mm,41.13mm,2mm
5914,3V,31.5mm,6mm,41.58mm,10mm,33mm,3mm,41.13mm,1mm
5915,3V,31.5mm,6mm,41.58mm,10.5mm,33mm,3mm,41.13mm,1mm
5916,3V,31.5mm,6mm,41.58mm,11mm,33mm,3mm,41.13mm,1mm
5917,3V,31.5mm,6mm,41.58mm,10mm,33mm,3mm,41.13mm,1.5mm
5918,3V,31.5mm,6mm,41.58mm,10.5mm,33mm,3mm,41.13mm,1.5mm
5919,3V,31.5mm,6mm,41.58mm,11mm,33mm,3mm,41.13mm,1.5mm
5920,3V,31.5mm,6mm,41.58mm,10mm,33mm,3mm,41.13mm,2mm
5921,3V,31.5mm,6mm,41.58mm,10.5mm,33mm,3mm,41.13mm,2mm
5922,3V,31.5mm,6mm,41.58mm,11mm,33mm,3mm,41.13mm,2mm
5923,4V,31.5mm,6mm,41.58mm,10mm,33mm,3mm,41.13mm,1mm
5924,4V,31.5mm,6mm,41.58mm,10.5mm,33mm,3mm,41.13mm,1mm
5925,4V,31.5mm,6mm,41.58mm,11mm,33mm,3mm,41.13mm,1mm
5926,4V,31.5mm,6mm,41.58mm,10mm,33mm,3mm,41.13mm,1.5mm
5927,4V,31.5mm,6mm,41.58mm,10.5mm,33mm,3mm,41.13mm,1.5mm
5928,4V,31.5mm,6mm,41.58mm,11mm,33mm,3mm,41.13mm,1.5mm
5929,4V,31.5mm,6mm,41.58mm,10mm,33mm,3mm,41.13mm,2mm
5930,4V,31.5mm,6mm,41.58mm,10.5mm,33mm,3mm,41.13mm,2mm
5931,4V,31.5mm,6mm,41.58mm,11mm,33mm,3mm,41.13mm,2mm
5932,5V,31.5mm,6mm,41.58mm,10mm,33mm,3mm,41.13mm,1mm
5933,5V,31.5mm,6mm,41.58mm,10.5mm,33mm,3mm,41.13mm,1mm
5934,5V,31.5mm,6mm,41.58mm,11mm,33mm,3mm,41.13mm,1mm
5935,5V,31.5mm,6mm,41.58mm,10mm,33mm,3mm,41.13mm,1.5mm
5936,5V,31.5mm,6mm,41.58mm,10.5mm,33mm,3mm,41.13mm,1.5mm
5937,5V,31.5mm,6mm,41.58mm,11mm,33mm,3mm,41.13mm,1.5mm
5938,5V,31.5mm,6mm,41.58mm,10mm,33mm,3mm,41.13mm,2mm
5939,5V,31.5mm,6mm,41.58mm,10.5mm,33mm,3mm,41.13mm,2mm
5940,5V,31.5mm,6mm,41.58mm,11mm,33mm,3mm,41.13mm,2mm
6481,0V,32mm,6mm,41.58mm,10mm,33mm,3mm,41.13mm,1mm
6482,0V,32mm,6mm,41.58mm,10.5mm,33mm,3mm,41.13mm,1mm
6483,0V,32mm,6mm,41.58mm,11mm,33mm,3mm,41.13mm,1mm
6484,0V,32mm,6mm,41.58mm,10mm,33mm,3mm,41.13mm,1.5mm
6485,0V,32mm,6mm,41.58mm,10.5mm,33mm,3mm,41.13mm,1.5mm
6486,0V,32mm,6mm,41.58mm,11mm,33mm,3mm,41.13mm,1.5mm
6487,0V,32mm,6mm,41.58mm,10mm,33mm,3mm,41.13mm,2mm
6488,0V,32mm,6mm,41.58mm,10.5mm,33mm,3mm,41.13mm,2mm
6489,0V,32mm,6mm,41.58mm,11mm,33mm,3mm,41.13mm,2mm
6490,1V,32mm,6mm,41.58mm,10mm,33mm,3mm,41.13mm,1mm
6491,1V,32mm,6mm,41.58mm,10.5mm,33mm,3mm,41.13mm,1mm
6492,1V,32mm,6mm,41.58mm,11mm,33mm,3mm,41.13mm,1mm
6493,1V,32mm,6mm,41.58mm,10mm,33mm,3mm,41.13mm,1.5mm
6494,1V,32mm,6mm,41.58mm,10.5mm,33mm,3mm,41.13mm,1.5mm
6495,1V,32mm,6mm,41.58mm,11mm,33mm,3mm,41.13mm,1.5mm
6496,1V,32mm,6mm,41.58mm,10mm,33mm,3mm,41.13mm,2mm
6497,1V,32mm,6mm,41.58mm,10.5mm,33mm,3mm,41.13mm,2mm
6498,1V,32mm,6mm,41.58mm,11mm,33mm,3mm,41.13mm,2mm
6499,2V,32mm,6mm,41.58mm,10mm,33mm,3mm,41.13mm,1mm
6500,2V,32mm,6mm,41.58mm,10.5mm,33mm,3mm,41.13mm,1mm
6501,2V,32mm,6mm,41.58mm,11mm,33mm,3mm,41.13mm,1mm
6502,2V,32mm,6mm,41.58mm,10mm,33mm,3mm,41.13mm,1.5mm
6503,2V,32mm,6mm,41.58mm,10.5mm,33mm,3mm,41.13mm,1.5mm
6504,2V,32mm,6mm,41.58mm,11mm,33mm,3mm,41.13mm,1.5mm
6505,2V,32mm,6mm,41.58mm,10mm,33mm,3mm,41.13mm,2mm
6506,2V,32mm,6mm,41.58mm,10.5mm,33mm,3mm,41.13mm,2mm
6507,2V,32mm,6mm,41.58mm,11mm,33mm,3mm,41.13mm,2mm
6508,3V,32mm,6mm,41.58mm,10mm,33mm,3mm,41.13mm,1mm
6509,3V,32mm,6mm,41.58mm,10.5mm,33mm,3mm,41.13mm,1mm
6510,3V,32mm,6mm,41.58mm,11mm,33mm,3mm,41.13mm,1mm
6511,3V,32mm,6mm,41.58mm,10mm,33mm,3mm,41.13mm,1.5mm
6512,3V,32mm,6mm,41.58mm,10.5mm,33mm,3mm,41.13mm,1.5mm
6513,3V,32mm,6mm,41.58mm,11mm,33mm,3mm,41.13mm,1.5mm
6514,3V,32mm,6mm,41.58mm,10mm,33mm,3mm,41.13mm,2mm
6515,3V,32mm,6mm,41.58mm,10.5mm,33mm,3mm,41.13mm,2mm
6516,3V,32mm,6mm,41.58mm,11mm,33mm,3mm,41.13mm,2mm
6517,4V,32mm,6mm,41.58mm,10mm,33mm,3mm,41.13mm,1mm
6518,4V,32mm,6mm,41.58mm,10.5mm,33mm,3mm,41.13mm,1mm
6519,4V,32mm,6mm,41.58mm,11mm,33mm,3mm,41.13mm,1mm
6520,4V,32mm,6mm,41.58mm,10mm,33mm,3mm,41.13mm,1.5mm
6521,4V,32mm,6mm,41.58mm,10.5mm,33mm,3mm,41.13mm,1.5mm
6522,4V,32mm,6mm,41.58mm,11mm,33mm,3mm,41.13mm,1.5mm
6523,4V,32mm,6mm,41.58mm,10mm,33mm,3mm,41.13mm,2mm
6524,4V,32mm,6mm,41.58mm,10.5mm,33mm,3mm,41.13mm,2mm
6525,4V,32mm,6mm,41.58mm,11mm,33mm,3mm,41.13mm,2mm
6526,5V,32mm,6mm,41.58mm,10mm,33mm,3mm,41.13mm,1mm
6527,5V,32mm,6mm,41.58mm,10.5mm,33mm,3mm,41.13mm,1mm
6528,5V,32mm,6mm,41.58mm,11mm,33mm,3mm,41.13mm,1mm
6529,5V,32mm,6mm,41.58mm,10mm,33mm,3mm,41.13mm,1.5mm
6530,5V,32mm,6mm,41.58mm,10.5mm,33mm,3mm,41.13mm,1.5mm
6531,5V,32mm,6mm,41.58mm,11mm,33mm,3mm,41.13mm,1.5mm
6532,5V,32mm,6mm,41.58mm,10mm,33mm,3mm,41.13mm,2mm
6533,5V,32mm,6mm,41.58mm,10.5mm,33mm,3mm,41.13mm,2mm
6534,5V,32mm,6mm,41.58mm,11mm,33mm,3mm,41.13mm,2mm
